# Blender 4.0.2
# www.blender.org
mtllib login.mtl
o Text
v 3.799888 0.210000 -0.082150
v 3.826019 0.210000 -0.102032
v 3.850344 0.210000 -0.122547
v 3.872815 0.210000 -0.143593
v 3.893383 0.210000 -0.165069
v 3.912000 0.210000 -0.186875
v 3.928617 0.210000 -0.208910
v 3.943185 0.210000 -0.231074
v 3.955656 0.210000 -0.253266
v 3.965981 0.210000 -0.275384
v 3.974112 0.210000 -0.297329
v 3.980000 0.210000 -0.319000
v 3.972300 0.210000 -0.314648
v 3.964232 0.210000 -0.310602
v 3.955844 0.210000 -0.306875
v 3.947185 0.210000 -0.303482
v 3.938304 0.210000 -0.300435
v 3.929250 0.210000 -0.297750
v 3.920071 0.210000 -0.295440
v 3.910815 0.210000 -0.293519
v 3.901531 0.210000 -0.292000
v 3.892268 0.210000 -0.290898
v 3.883075 0.210000 -0.290227
v 3.874000 0.210000 -0.290000
v 3.847515 0.210000 -0.291796
v 3.822204 0.210000 -0.297032
v 3.798281 0.210000 -0.305484
v 3.775963 0.210000 -0.316926
v 3.755464 0.210000 -0.331131
v 3.737000 0.210000 -0.347875
v 3.720786 0.210000 -0.366931
v 3.707037 0.210000 -0.388074
v 3.695969 0.210000 -0.411078
v 3.687796 0.210000 -0.435718
v 3.682735 0.210000 -0.461767
v 3.681000 0.210000 -0.489000
v 3.682687 0.210000 -0.514192
v 3.687658 0.210000 -0.539032
v 3.695781 0.210000 -0.563172
v 3.706926 0.210000 -0.586259
v 3.720960 0.210000 -0.607944
v 3.737750 0.210000 -0.627875
v 3.757166 0.210000 -0.645702
v 3.779074 0.210000 -0.661074
v 3.803344 0.210000 -0.673641
v 3.829843 0.210000 -0.683051
v 3.858439 0.210000 -0.688954
v 3.889000 0.210000 -0.691000
v 3.919738 0.210000 -0.688832
v 3.948824 0.210000 -0.682486
v 3.976062 0.210000 -0.672203
v 4.001259 0.210000 -0.658222
v 4.024220 0.210000 -0.640783
v 4.044750 0.210000 -0.620125
v 4.062655 0.210000 -0.596488
v 4.077741 0.210000 -0.570111
v 4.089812 0.210000 -0.541234
v 4.098676 0.210000 -0.510097
v 4.104136 0.210000 -0.476939
v 4.106000 0.210000 -0.442000
v 4.103663 0.210000 -0.400336
v 4.096814 0.210000 -0.358107
v 4.085687 0.210000 -0.315703
v 4.070518 0.210000 -0.273519
v 4.051544 0.210000 -0.231945
v 4.029000 0.210000 -0.191375
v 4.003122 0.210000 -0.152201
v 3.974148 0.210000 -0.114815
v 3.942312 0.210000 -0.079609
v 3.907852 0.210000 -0.046977
v 3.871002 0.210000 -0.017310
v 3.832000 0.210000 0.009000
v 3.772000 0.210000 -0.063000
v 3.902452 0.210000 -0.383231
v 3.910278 0.210000 -0.383935
v 3.918437 0.210000 -0.385125
v 3.926889 0.210000 -0.386815
v 3.935590 0.210000 -0.389019
v 3.944500 0.210000 -0.391750
v 3.953576 0.210000 -0.395023
v 3.962778 0.210000 -0.398852
v 3.972062 0.210000 -0.403250
v 3.981389 0.210000 -0.408231
v 3.990715 0.210000 -0.413810
v 4.000000 0.210000 -0.420000
v 4.001148 0.210000 -0.425799
v 4.002106 0.210000 -0.431227
v 4.002891 0.210000 -0.436328
v 4.003519 0.210000 -0.441148
v 4.004008 0.210000 -0.445732
v 4.004375 0.210000 -0.450125
v 4.004639 0.210000 -0.454372
v 4.004815 0.210000 -0.458519
v 4.004922 0.210000 -0.462609
v 4.004977 0.210000 -0.466690
v 4.004997 0.210000 -0.470805
v 4.005000 0.210000 -0.475000
v 4.003960 0.210000 -0.491285
v 4.000930 0.210000 -0.507028
v 3.996047 0.210000 -0.522062
v 3.989444 0.210000 -0.536222
v 3.981259 0.210000 -0.549340
v 3.971625 0.210000 -0.561250
v 3.960679 0.210000 -0.571785
v 3.948556 0.210000 -0.580778
v 3.935391 0.210000 -0.588063
v 3.921319 0.210000 -0.593472
v 3.906477 0.210000 -0.596840
v 3.891000 0.210000 -0.598000
v 3.875142 0.210000 -0.597078
v 3.860134 0.210000 -0.594375
v 3.846078 0.210000 -0.589984
v 3.833074 0.210000 -0.584000
v 3.821223 0.210000 -0.576516
v 3.810625 0.210000 -0.567625
v 3.801381 0.210000 -0.557422
v 3.793593 0.210000 -0.546000
v 3.787359 0.210000 -0.533453
v 3.782783 0.210000 -0.519875
v 3.779963 0.210000 -0.505359
v 3.779000 0.210000 -0.490000
v 3.780061 0.210000 -0.475501
v 3.783149 0.210000 -0.461588
v 3.788126 0.210000 -0.448391
v 3.794852 0.210000 -0.436037
v 3.803190 0.210000 -0.424656
v 3.813000 0.210000 -0.414375
v 3.824144 0.210000 -0.405324
v 3.836482 0.210000 -0.397630
v 3.849875 0.210000 -0.391422
v 3.864185 0.210000 -0.386829
v 3.879273 0.210000 -0.383979
v 3.895000 0.210000 -0.383000
v 3.362942 0.210000 0.006124
v 3.332870 0.210000 -0.002343
v 3.304937 0.210000 -0.016156
v 3.279296 0.210000 -0.035074
v 3.256099 0.210000 -0.058853
v 3.235500 0.210000 -0.087250
v 3.217650 0.210000 -0.120022
v 3.202704 0.210000 -0.156926
v 3.190813 0.210000 -0.197719
v 3.182130 0.210000 -0.242157
v 3.176808 0.210000 -0.289999
v 3.175000 0.210000 -0.341000
v 3.176808 0.210000 -0.392001
v 3.182130 0.210000 -0.439843
v 3.190813 0.210000 -0.484281
v 3.202704 0.210000 -0.525074
v 3.217651 0.210000 -0.561978
v 3.235500 0.210000 -0.594750
v 3.256100 0.210000 -0.623147
v 3.279296 0.210000 -0.646926
v 3.304938 0.210000 -0.665844
v 3.332870 0.210000 -0.679657
v 3.362942 0.210000 -0.688124
v 3.395000 0.210000 -0.691000
v 3.427058 0.210000 -0.688124
v 3.457130 0.210000 -0.679658
v 3.485063 0.210000 -0.665844
v 3.510704 0.210000 -0.646926
v 3.533900 0.210000 -0.623147
v 3.554500 0.210000 -0.594750
v 3.572350 0.210000 -0.561978
v 3.587296 0.210000 -0.525074
v 3.599187 0.210000 -0.484281
v 3.607870 0.210000 -0.439843
v 3.613192 0.210000 -0.392001
v 3.615000 0.210000 -0.341000
v 3.613192 0.210000 -0.289999
v 3.607870 0.210000 -0.242157
v 3.599187 0.210000 -0.197719
v 3.587296 0.210000 -0.156926
v 3.572349 0.210000 -0.120022
v 3.554500 0.210000 -0.087250
v 3.533900 0.210000 -0.058853
v 3.510704 0.210000 -0.035074
v 3.485062 0.210000 -0.016156
v 3.457129 0.210000 -0.002343
v 3.427058 0.210000 0.006124
v 3.395000 0.210000 0.009000
v 3.376635 0.210000 -0.595999
v 3.359575 0.210000 -0.590074
v 3.343875 0.210000 -0.580344
v 3.329593 0.210000 -0.566926
v 3.316783 0.210000 -0.549939
v 3.305500 0.210000 -0.529500
v 3.295801 0.210000 -0.505728
v 3.287741 0.210000 -0.478741
v 3.281375 0.210000 -0.448656
v 3.276759 0.210000 -0.415593
v 3.273949 0.210000 -0.379668
v 3.273000 0.210000 -0.341000
v 3.273949 0.210000 -0.302332
v 3.276759 0.210000 -0.266407
v 3.281375 0.210000 -0.233344
v 3.287740 0.210000 -0.203259
v 3.295801 0.210000 -0.176272
v 3.305500 0.210000 -0.152500
v 3.316782 0.210000 -0.132061
v 3.329592 0.210000 -0.115074
v 3.343875 0.210000 -0.101656
v 3.359574 0.210000 -0.091926
v 3.376634 0.210000 -0.086001
v 3.395000 0.210000 -0.084000
v 3.413365 0.210000 -0.086001
v 3.430425 0.210000 -0.091926
v 3.446125 0.210000 -0.101656
v 3.460407 0.210000 -0.115074
v 3.473217 0.210000 -0.132061
v 3.484500 0.210000 -0.152500
v 3.494199 0.210000 -0.176272
v 3.502259 0.210000 -0.203259
v 3.508625 0.210000 -0.233344
v 3.513241 0.210000 -0.266407
v 3.516051 0.210000 -0.302332
v 3.517000 0.210000 -0.341000
v 3.516051 0.210000 -0.379668
v 3.513241 0.210000 -0.415593
v 3.508625 0.210000 -0.448656
v 3.502259 0.210000 -0.478741
v 3.494199 0.210000 -0.505728
v 3.484500 0.210000 -0.529500
v 3.473218 0.210000 -0.549939
v 3.460407 0.210000 -0.566926
v 3.446125 0.210000 -0.580344
v 3.430426 0.210000 -0.590074
v 3.413366 0.210000 -0.595999
v 3.395000 0.210000 -0.598000
v 2.862942 0.210000 0.006124
v 2.832870 0.210000 -0.002343
v 2.804937 0.210000 -0.016156
v 2.779296 0.210000 -0.035074
v 2.756099 0.210000 -0.058853
v 2.735500 0.210000 -0.087250
v 2.717650 0.210000 -0.120022
v 2.702704 0.210000 -0.156926
v 2.690813 0.210000 -0.197719
v 2.682130 0.210000 -0.242157
v 2.676808 0.210000 -0.289999
v 2.675000 0.210000 -0.341000
v 2.676808 0.210000 -0.392001
v 2.682130 0.210000 -0.439843
v 2.690813 0.210000 -0.484281
v 2.702704 0.210000 -0.525074
v 2.717651 0.210000 -0.561978
v 2.735500 0.210000 -0.594750
v 2.756100 0.210000 -0.623147
v 2.779296 0.210000 -0.646926
v 2.804938 0.210000 -0.665844
v 2.832870 0.210000 -0.679657
v 2.862942 0.210000 -0.688124
v 2.895000 0.210000 -0.691000
v 2.927058 0.210000 -0.688124
v 2.957130 0.210000 -0.679658
v 2.985063 0.210000 -0.665844
v 3.010704 0.210000 -0.646926
v 3.033900 0.210000 -0.623147
v 3.054500 0.210000 -0.594750
v 3.072350 0.210000 -0.561978
v 3.087296 0.210000 -0.525074
v 3.099187 0.210000 -0.484281
v 3.107870 0.210000 -0.439843
v 3.113192 0.210000 -0.392001
v 3.115000 0.210000 -0.341000
v 3.113192 0.210000 -0.289999
v 3.107870 0.210000 -0.242157
v 3.099187 0.210000 -0.197719
v 3.087296 0.210000 -0.156926
v 3.072349 0.210000 -0.120022
v 3.054500 0.210000 -0.087250
v 3.033900 0.210000 -0.058853
v 3.010704 0.210000 -0.035074
v 2.985062 0.210000 -0.016156
v 2.957129 0.210000 -0.002343
v 2.927058 0.210000 0.006124
v 2.895000 0.210000 0.009000
v 2.876635 0.210000 -0.595999
v 2.859575 0.210000 -0.590074
v 2.843875 0.210000 -0.580344
v 2.829593 0.210000 -0.566926
v 2.816783 0.210000 -0.549939
v 2.805500 0.210000 -0.529500
v 2.795801 0.210000 -0.505728
v 2.787741 0.210000 -0.478741
v 2.781375 0.210000 -0.448656
v 2.776759 0.210000 -0.415593
v 2.773949 0.210000 -0.379668
v 2.773000 0.210000 -0.341000
v 2.773949 0.210000 -0.302332
v 2.776759 0.210000 -0.266407
v 2.781375 0.210000 -0.233344
v 2.787740 0.210000 -0.203259
v 2.795801 0.210000 -0.176272
v 2.805500 0.210000 -0.152500
v 2.816782 0.210000 -0.132061
v 2.829592 0.210000 -0.115074
v 2.843875 0.210000 -0.101656
v 2.859574 0.210000 -0.091926
v 2.876634 0.210000 -0.086001
v 2.895000 0.210000 -0.084000
v 2.913365 0.210000 -0.086001
v 2.930425 0.210000 -0.091926
v 2.946125 0.210000 -0.101656
v 2.960407 0.210000 -0.115074
v 2.973217 0.210000 -0.132061
v 2.984500 0.210000 -0.152500
v 2.994199 0.210000 -0.176272
v 3.002259 0.210000 -0.203259
v 3.008625 0.210000 -0.233344
v 3.013241 0.210000 -0.266407
v 3.016051 0.210000 -0.302332
v 3.017000 0.210000 -0.341000
v 3.016051 0.210000 -0.379668
v 3.013241 0.210000 -0.415593
v 3.008625 0.210000 -0.448656
v 3.002259 0.210000 -0.478741
v 2.994199 0.210000 -0.505728
v 2.984500 0.210000 -0.529500
v 2.973218 0.210000 -0.549939
v 2.960407 0.210000 -0.566926
v 2.946125 0.210000 -0.580344
v 2.930426 0.210000 -0.590074
v 2.913366 0.210000 -0.595999
v 2.895000 0.210000 -0.598000
v 2.362942 0.210000 0.006124
v 2.332870 0.210000 -0.002343
v 2.304937 0.210000 -0.016156
v 2.279296 0.210000 -0.035074
v 2.256099 0.210000 -0.058853
v 2.235500 0.210000 -0.087250
v 2.217650 0.210000 -0.120022
v 2.202704 0.210000 -0.156926
v 2.190813 0.210000 -0.197719
v 2.182130 0.210000 -0.242157
v 2.176808 0.210000 -0.289999
v 2.175000 0.210000 -0.341000
v 2.176808 0.210000 -0.392001
v 2.182130 0.210000 -0.439843
v 2.190813 0.210000 -0.484281
v 2.202704 0.210000 -0.525074
v 2.217651 0.210000 -0.561978
v 2.235500 0.210000 -0.594750
v 2.256100 0.210000 -0.623147
v 2.279296 0.210000 -0.646926
v 2.304938 0.210000 -0.665844
v 2.332870 0.210000 -0.679657
v 2.362942 0.210000 -0.688124
v 2.395000 0.210000 -0.691000
v 2.427058 0.210000 -0.688124
v 2.457130 0.210000 -0.679658
v 2.485063 0.210000 -0.665844
v 2.510704 0.210000 -0.646926
v 2.533900 0.210000 -0.623147
v 2.554500 0.210000 -0.594750
v 2.572350 0.210000 -0.561978
v 2.587296 0.210000 -0.525074
v 2.599187 0.210000 -0.484281
v 2.607870 0.210000 -0.439843
v 2.613192 0.210000 -0.392001
v 2.615000 0.210000 -0.341000
v 2.613192 0.210000 -0.289999
v 2.607870 0.210000 -0.242157
v 2.599187 0.210000 -0.197719
v 2.587296 0.210000 -0.156926
v 2.572349 0.210000 -0.120022
v 2.554500 0.210000 -0.087250
v 2.533900 0.210000 -0.058853
v 2.510704 0.210000 -0.035074
v 2.485062 0.210000 -0.016156
v 2.457129 0.210000 -0.002343
v 2.427058 0.210000 0.006124
v 2.395000 0.210000 0.009000
v 2.376635 0.210000 -0.595999
v 2.359575 0.210000 -0.590074
v 2.343875 0.210000 -0.580344
v 2.329593 0.210000 -0.566926
v 2.316783 0.210000 -0.549939
v 2.305500 0.210000 -0.529500
v 2.295801 0.210000 -0.505728
v 2.287741 0.210000 -0.478741
v 2.281375 0.210000 -0.448656
v 2.276759 0.210000 -0.415593
v 2.273949 0.210000 -0.379668
v 2.273000 0.210000 -0.341000
v 2.273949 0.210000 -0.302332
v 2.276759 0.210000 -0.266407
v 2.281375 0.210000 -0.233344
v 2.287740 0.210000 -0.203259
v 2.295801 0.210000 -0.176272
v 2.305500 0.210000 -0.152500
v 2.316782 0.210000 -0.132061
v 2.329592 0.210000 -0.115074
v 2.343875 0.210000 -0.101656
v 2.359574 0.210000 -0.091926
v 2.376634 0.210000 -0.086001
v 2.395000 0.210000 -0.084000
v 2.413365 0.210000 -0.086001
v 2.430425 0.210000 -0.091926
v 2.446125 0.210000 -0.101656
v 2.460407 0.210000 -0.115074
v 2.473217 0.210000 -0.132061
v 2.484500 0.210000 -0.152500
v 2.494199 0.210000 -0.176272
v 2.502259 0.210000 -0.203259
v 2.508625 0.210000 -0.233344
v 2.513241 0.210000 -0.266407
v 2.516051 0.210000 -0.302332
v 2.517000 0.210000 -0.341000
v 2.516051 0.210000 -0.379668
v 2.513241 0.210000 -0.415593
v 2.508625 0.210000 -0.448656
v 2.502259 0.210000 -0.478741
v 2.494199 0.210000 -0.505728
v 2.484500 0.210000 -0.529500
v 2.473218 0.210000 -0.549939
v 2.460407 0.210000 -0.566926
v 2.446125 0.210000 -0.580344
v 2.430426 0.210000 -0.590074
v 2.413366 0.210000 -0.595999
v 2.395000 0.210000 -0.598000
v 2.009000 0.210000 0.000000
v 1.662000 0.210000 -0.337000
v 1.662000 0.210000 0.000000
v 1.564000 0.210000 0.000000
v 1.564000 0.210000 -0.682000
v 1.662000 0.210000 -0.682000
v 1.662000 0.210000 -0.370000
v 1.949000 0.210000 -0.682000
v 2.071000 0.210000 -0.682000
v 1.774000 0.210000 -0.359000
v 2.144000 0.210000 0.000000
v 1.426915 0.210000 -0.227468
v 1.420653 0.210000 -0.189495
v 1.410203 0.210000 -0.154266
v 1.395556 0.210000 -0.121963
v 1.376700 0.210000 -0.092771
v 1.353625 0.210000 -0.066875
v 1.326321 0.210000 -0.044458
v 1.294778 0.210000 -0.025704
v 1.258984 0.210000 -0.010797
v 1.218931 0.210000 0.000079
v 1.174606 0.210000 0.006739
v 1.126000 0.210000 0.009000
v 1.090162 0.210000 0.007299
v 1.054963 0.210000 0.002139
v 1.020875 0.210000 -0.006562
v 0.988370 0.210000 -0.018889
v 0.957921 0.210000 -0.034924
v 0.930000 0.210000 -0.054750
v 0.905079 0.210000 -0.078451
v 0.883630 0.210000 -0.106111
v 0.866125 0.210000 -0.137812
v 0.853037 0.210000 -0.173639
v 0.844838 0.210000 -0.213674
v 0.842000 0.210000 -0.258000
v 0.842000 0.210000 -0.682000
v 0.940000 0.210000 -0.682000
v 0.940000 0.210000 -0.279000
v 0.940215 0.210000 -0.260662
v 0.940884 0.210000 -0.244046
v 0.942047 0.210000 -0.229000
v 0.943741 0.210000 -0.215370
v 0.946004 0.210000 -0.203005
v 0.948875 0.210000 -0.191750
v 0.952392 0.210000 -0.181454
v 0.956593 0.210000 -0.171963
v 0.961516 0.210000 -0.163125
v 0.967199 0.210000 -0.154787
v 0.973681 0.210000 -0.146796
v 0.981000 0.210000 -0.139000
v 0.990958 0.210000 -0.129666
v 1.001333 0.210000 -0.121162
v 1.012125 0.210000 -0.113484
v 1.023333 0.210000 -0.106630
v 1.034958 0.210000 -0.100594
v 1.047000 0.210000 -0.095375
v 1.059458 0.210000 -0.090968
v 1.072333 0.210000 -0.087370
v 1.085625 0.210000 -0.084578
v 1.099333 0.210000 -0.082588
v 1.113458 0.210000 -0.081396
v 1.128000 0.210000 -0.081000
v 1.146311 0.210000 -0.081490
v 1.163741 0.210000 -0.082921
v 1.180281 0.210000 -0.085234
v 1.195926 0.210000 -0.088370
v 1.210668 0.210000 -0.092270
v 1.224500 0.210000 -0.096875
v 1.237416 0.210000 -0.102126
v 1.249407 0.210000 -0.107963
v 1.260469 0.210000 -0.114328
v 1.270593 0.210000 -0.121162
v 1.279772 0.210000 -0.128406
v 1.288000 0.210000 -0.136000
v 1.296199 0.210000 -0.145062
v 1.303338 0.210000 -0.154745
v 1.309485 0.210000 -0.165047
v 1.314704 0.210000 -0.175963
v 1.319062 0.210000 -0.187490
v 1.322625 0.210000 -0.199625
v 1.325459 0.210000 -0.212364
v 1.327630 0.210000 -0.225704
v 1.329203 0.210000 -0.239641
v 1.330245 0.210000 -0.254171
v 1.330822 0.210000 -0.269292
v 1.331000 0.210000 -0.285000
v 1.331000 0.210000 -0.682000
v 1.429000 0.210000 -0.682000
v 1.429000 0.210000 -0.268000
v 0.611000 0.210000 0.000000
v 0.611000 0.210000 -0.531000
v 0.609000 0.210000 -0.531000
v 0.399000 0.210000 -0.267000
v 0.383000 0.210000 -0.267000
v 0.173000 0.210000 -0.531000
v 0.171000 0.210000 -0.531000
v 0.171000 0.210000 0.000000
v 0.073000 0.210000 0.000000
v 0.073000 0.210000 -0.682000
v 0.165000 0.210000 -0.682000
v 0.391000 0.210000 -0.402000
v 0.618000 0.210000 -0.682000
v 0.709000 0.210000 -0.682000
v 0.709000 0.210000 0.000000
v 3.799888 -0.210000 -0.082150
v 3.826019 -0.210000 -0.102032
v 3.850344 -0.210000 -0.122547
v 3.872815 -0.210000 -0.143593
v 3.893383 -0.210000 -0.165069
v 3.912000 -0.210000 -0.186875
v 3.928617 -0.210000 -0.208910
v 3.943185 -0.210000 -0.231074
v 3.955656 -0.210000 -0.253266
v 3.965981 -0.210000 -0.275384
v 3.974112 -0.210000 -0.297329
v 3.980000 -0.210000 -0.319000
v 3.972300 -0.210000 -0.314648
v 3.964232 -0.210000 -0.310602
v 3.955844 -0.210000 -0.306875
v 3.947185 -0.210000 -0.303482
v 3.938304 -0.210000 -0.300435
v 3.929250 -0.210000 -0.297750
v 3.920071 -0.210000 -0.295440
v 3.910815 -0.210000 -0.293519
v 3.901531 -0.210000 -0.292000
v 3.892268 -0.210000 -0.290898
v 3.883075 -0.210000 -0.290227
v 3.874000 -0.210000 -0.290000
v 3.847515 -0.210000 -0.291796
v 3.822204 -0.210000 -0.297032
v 3.798281 -0.210000 -0.305484
v 3.775963 -0.210000 -0.316926
v 3.755464 -0.210000 -0.331131
v 3.737000 -0.210000 -0.347875
v 3.720786 -0.210000 -0.366931
v 3.707037 -0.210000 -0.388074
v 3.695969 -0.210000 -0.411078
v 3.687796 -0.210000 -0.435718
v 3.682735 -0.210000 -0.461767
v 3.681000 -0.210000 -0.489000
v 3.682687 -0.210000 -0.514192
v 3.687658 -0.210000 -0.539032
v 3.695781 -0.210000 -0.563172
v 3.706926 -0.210000 -0.586259
v 3.720960 -0.210000 -0.607944
v 3.737750 -0.210000 -0.627875
v 3.757166 -0.210000 -0.645702
v 3.779074 -0.210000 -0.661074
v 3.803344 -0.210000 -0.673641
v 3.829843 -0.210000 -0.683051
v 3.858439 -0.210000 -0.688954
v 3.889000 -0.210000 -0.691000
v 3.919738 -0.210000 -0.688832
v 3.948824 -0.210000 -0.682486
v 3.976062 -0.210000 -0.672203
v 4.001259 -0.210000 -0.658222
v 4.024220 -0.210000 -0.640783
v 4.044750 -0.210000 -0.620125
v 4.062655 -0.210000 -0.596488
v 4.077741 -0.210000 -0.570111
v 4.089812 -0.210000 -0.541234
v 4.098676 -0.210000 -0.510097
v 4.104136 -0.210000 -0.476939
v 4.106000 -0.210000 -0.442000
v 4.103663 -0.210000 -0.400336
v 4.096814 -0.210000 -0.358107
v 4.085687 -0.210000 -0.315703
v 4.070518 -0.210000 -0.273519
v 4.051544 -0.210000 -0.231945
v 4.029000 -0.210000 -0.191375
v 4.003122 -0.210000 -0.152201
v 3.974148 -0.210000 -0.114815
v 3.942312 -0.210000 -0.079609
v 3.907852 -0.210000 -0.046977
v 3.871002 -0.210000 -0.017310
v 3.832000 -0.210000 0.009000
v 3.772000 -0.210000 -0.063000
v 3.902452 -0.210000 -0.383231
v 3.910278 -0.210000 -0.383935
v 3.918437 -0.210000 -0.385125
v 3.926889 -0.210000 -0.386815
v 3.935590 -0.210000 -0.389019
v 3.944500 -0.210000 -0.391750
v 3.953576 -0.210000 -0.395023
v 3.962778 -0.210000 -0.398852
v 3.972062 -0.210000 -0.403250
v 3.981389 -0.210000 -0.408231
v 3.990715 -0.210000 -0.413810
v 4.000000 -0.210000 -0.420000
v 4.001148 -0.210000 -0.425799
v 4.002106 -0.210000 -0.431227
v 4.002891 -0.210000 -0.436328
v 4.003519 -0.210000 -0.441148
v 4.004008 -0.210000 -0.445732
v 4.004375 -0.210000 -0.450125
v 4.004639 -0.210000 -0.454372
v 4.004815 -0.210000 -0.458519
v 4.004922 -0.210000 -0.462609
v 4.004977 -0.210000 -0.466690
v 4.004997 -0.210000 -0.470805
v 4.005000 -0.210000 -0.475000
v 4.003960 -0.210000 -0.491285
v 4.000930 -0.210000 -0.507028
v 3.996047 -0.210000 -0.522062
v 3.989444 -0.210000 -0.536222
v 3.981259 -0.210000 -0.549340
v 3.971625 -0.210000 -0.561250
v 3.960679 -0.210000 -0.571785
v 3.948556 -0.210000 -0.580778
v 3.935391 -0.210000 -0.588063
v 3.921319 -0.210000 -0.593472
v 3.906477 -0.210000 -0.596840
v 3.891000 -0.210000 -0.598000
v 3.875142 -0.210000 -0.597078
v 3.860134 -0.210000 -0.594375
v 3.846078 -0.210000 -0.589984
v 3.833074 -0.210000 -0.584000
v 3.821223 -0.210000 -0.576516
v 3.810625 -0.210000 -0.567625
v 3.801381 -0.210000 -0.557422
v 3.793593 -0.210000 -0.546000
v 3.787359 -0.210000 -0.533453
v 3.782783 -0.210000 -0.519875
v 3.779963 -0.210000 -0.505359
v 3.779000 -0.210000 -0.490000
v 3.780061 -0.210000 -0.475501
v 3.783149 -0.210000 -0.461588
v 3.788126 -0.210000 -0.448391
v 3.794852 -0.210000 -0.436037
v 3.803190 -0.210000 -0.424656
v 3.813000 -0.210000 -0.414375
v 3.824144 -0.210000 -0.405324
v 3.836482 -0.210000 -0.397630
v 3.849875 -0.210000 -0.391422
v 3.864185 -0.210000 -0.386829
v 3.879273 -0.210000 -0.383979
v 3.895000 -0.210000 -0.383000
v 3.362942 -0.210000 0.006124
v 3.332870 -0.210000 -0.002343
v 3.304937 -0.210000 -0.016156
v 3.279296 -0.210000 -0.035074
v 3.256099 -0.210000 -0.058853
v 3.235500 -0.210000 -0.087250
v 3.217650 -0.210000 -0.120022
v 3.202704 -0.210000 -0.156926
v 3.190813 -0.210000 -0.197719
v 3.182130 -0.210000 -0.242157
v 3.176808 -0.210000 -0.289999
v 3.175000 -0.210000 -0.341000
v 3.176808 -0.210000 -0.392001
v 3.182130 -0.210000 -0.439843
v 3.190813 -0.210000 -0.484281
v 3.202704 -0.210000 -0.525074
v 3.217651 -0.210000 -0.561978
v 3.235500 -0.210000 -0.594750
v 3.256100 -0.210000 -0.623147
v 3.279296 -0.210000 -0.646926
v 3.304938 -0.210000 -0.665844
v 3.332870 -0.210000 -0.679657
v 3.362942 -0.210000 -0.688124
v 3.395000 -0.210000 -0.691000
v 3.427058 -0.210000 -0.688124
v 3.457130 -0.210000 -0.679658
v 3.485063 -0.210000 -0.665844
v 3.510704 -0.210000 -0.646926
v 3.533900 -0.210000 -0.623147
v 3.554500 -0.210000 -0.594750
v 3.572350 -0.210000 -0.561978
v 3.587296 -0.210000 -0.525074
v 3.599187 -0.210000 -0.484281
v 3.607870 -0.210000 -0.439843
v 3.613192 -0.210000 -0.392001
v 3.615000 -0.210000 -0.341000
v 3.613192 -0.210000 -0.289999
v 3.607870 -0.210000 -0.242157
v 3.599187 -0.210000 -0.197719
v 3.587296 -0.210000 -0.156926
v 3.572349 -0.210000 -0.120022
v 3.554500 -0.210000 -0.087250
v 3.533900 -0.210000 -0.058853
v 3.510704 -0.210000 -0.035074
v 3.485062 -0.210000 -0.016156
v 3.457129 -0.210000 -0.002343
v 3.427058 -0.210000 0.006124
v 3.395000 -0.210000 0.009000
v 3.376635 -0.210000 -0.595999
v 3.359575 -0.210000 -0.590074
v 3.343875 -0.210000 -0.580344
v 3.329593 -0.210000 -0.566926
v 3.316783 -0.210000 -0.549939
v 3.305500 -0.210000 -0.529500
v 3.295801 -0.210000 -0.505728
v 3.287741 -0.210000 -0.478741
v 3.281375 -0.210000 -0.448656
v 3.276759 -0.210000 -0.415593
v 3.273949 -0.210000 -0.379668
v 3.273000 -0.210000 -0.341000
v 3.273949 -0.210000 -0.302332
v 3.276759 -0.210000 -0.266407
v 3.281375 -0.210000 -0.233344
v 3.287740 -0.210000 -0.203259
v 3.295801 -0.210000 -0.176272
v 3.305500 -0.210000 -0.152500
v 3.316782 -0.210000 -0.132061
v 3.329592 -0.210000 -0.115074
v 3.343875 -0.210000 -0.101656
v 3.359574 -0.210000 -0.091926
v 3.376634 -0.210000 -0.086001
v 3.395000 -0.210000 -0.084000
v 3.413365 -0.210000 -0.086001
v 3.430425 -0.210000 -0.091926
v 3.446125 -0.210000 -0.101656
v 3.460407 -0.210000 -0.115074
v 3.473217 -0.210000 -0.132061
v 3.484500 -0.210000 -0.152500
v 3.494199 -0.210000 -0.176272
v 3.502259 -0.210000 -0.203259
v 3.508625 -0.210000 -0.233344
v 3.513241 -0.210000 -0.266407
v 3.516051 -0.210000 -0.302332
v 3.517000 -0.210000 -0.341000
v 3.516051 -0.210000 -0.379668
v 3.513241 -0.210000 -0.415593
v 3.508625 -0.210000 -0.448656
v 3.502259 -0.210000 -0.478741
v 3.494199 -0.210000 -0.505728
v 3.484500 -0.210000 -0.529500
v 3.473218 -0.210000 -0.549939
v 3.460407 -0.210000 -0.566926
v 3.446125 -0.210000 -0.580344
v 3.430426 -0.210000 -0.590074
v 3.413366 -0.210000 -0.595999
v 3.395000 -0.210000 -0.598000
v 2.862942 -0.210000 0.006124
v 2.832870 -0.210000 -0.002343
v 2.804937 -0.210000 -0.016156
v 2.779296 -0.210000 -0.035074
v 2.756099 -0.210000 -0.058853
v 2.735500 -0.210000 -0.087250
v 2.717650 -0.210000 -0.120022
v 2.702704 -0.210000 -0.156926
v 2.690813 -0.210000 -0.197719
v 2.682130 -0.210000 -0.242157
v 2.676808 -0.210000 -0.289999
v 2.675000 -0.210000 -0.341000
v 2.676808 -0.210000 -0.392001
v 2.682130 -0.210000 -0.439843
v 2.690813 -0.210000 -0.484281
v 2.702704 -0.210000 -0.525074
v 2.717651 -0.210000 -0.561978
v 2.735500 -0.210000 -0.594750
v 2.756100 -0.210000 -0.623147
v 2.779296 -0.210000 -0.646926
v 2.804938 -0.210000 -0.665844
v 2.832870 -0.210000 -0.679657
v 2.862942 -0.210000 -0.688124
v 2.895000 -0.210000 -0.691000
v 2.927058 -0.210000 -0.688124
v 2.957130 -0.210000 -0.679658
v 2.985063 -0.210000 -0.665844
v 3.010704 -0.210000 -0.646926
v 3.033900 -0.210000 -0.623147
v 3.054500 -0.210000 -0.594750
v 3.072350 -0.210000 -0.561978
v 3.087296 -0.210000 -0.525074
v 3.099187 -0.210000 -0.484281
v 3.107870 -0.210000 -0.439843
v 3.113192 -0.210000 -0.392001
v 3.115000 -0.210000 -0.341000
v 3.113192 -0.210000 -0.289999
v 3.107870 -0.210000 -0.242157
v 3.099187 -0.210000 -0.197719
v 3.087296 -0.210000 -0.156926
v 3.072349 -0.210000 -0.120022
v 3.054500 -0.210000 -0.087250
v 3.033900 -0.210000 -0.058853
v 3.010704 -0.210000 -0.035074
v 2.985062 -0.210000 -0.016156
v 2.957129 -0.210000 -0.002343
v 2.927058 -0.210000 0.006124
v 2.895000 -0.210000 0.009000
v 2.876635 -0.210000 -0.595999
v 2.859575 -0.210000 -0.590074
v 2.843875 -0.210000 -0.580344
v 2.829593 -0.210000 -0.566926
v 2.816783 -0.210000 -0.549939
v 2.805500 -0.210000 -0.529500
v 2.795801 -0.210000 -0.505728
v 2.787741 -0.210000 -0.478741
v 2.781375 -0.210000 -0.448656
v 2.776759 -0.210000 -0.415593
v 2.773949 -0.210000 -0.379668
v 2.773000 -0.210000 -0.341000
v 2.773949 -0.210000 -0.302332
v 2.776759 -0.210000 -0.266407
v 2.781375 -0.210000 -0.233344
v 2.787740 -0.210000 -0.203259
v 2.795801 -0.210000 -0.176272
v 2.805500 -0.210000 -0.152500
v 2.816782 -0.210000 -0.132061
v 2.829592 -0.210000 -0.115074
v 2.843875 -0.210000 -0.101656
v 2.859574 -0.210000 -0.091926
v 2.876634 -0.210000 -0.086001
v 2.895000 -0.210000 -0.084000
v 2.913365 -0.210000 -0.086001
v 2.930425 -0.210000 -0.091926
v 2.946125 -0.210000 -0.101656
v 2.960407 -0.210000 -0.115074
v 2.973217 -0.210000 -0.132061
v 2.984500 -0.210000 -0.152500
v 2.994199 -0.210000 -0.176272
v 3.002259 -0.210000 -0.203259
v 3.008625 -0.210000 -0.233344
v 3.013241 -0.210000 -0.266407
v 3.016051 -0.210000 -0.302332
v 3.017000 -0.210000 -0.341000
v 3.016051 -0.210000 -0.379668
v 3.013241 -0.210000 -0.415593
v 3.008625 -0.210000 -0.448656
v 3.002259 -0.210000 -0.478741
v 2.994199 -0.210000 -0.505728
v 2.984500 -0.210000 -0.529500
v 2.973218 -0.210000 -0.549939
v 2.960407 -0.210000 -0.566926
v 2.946125 -0.210000 -0.580344
v 2.930426 -0.210000 -0.590074
v 2.913366 -0.210000 -0.595999
v 2.895000 -0.210000 -0.598000
v 2.362942 -0.210000 0.006124
v 2.332870 -0.210000 -0.002343
v 2.304937 -0.210000 -0.016156
v 2.279296 -0.210000 -0.035074
v 2.256099 -0.210000 -0.058853
v 2.235500 -0.210000 -0.087250
v 2.217650 -0.210000 -0.120022
v 2.202704 -0.210000 -0.156926
v 2.190813 -0.210000 -0.197719
v 2.182130 -0.210000 -0.242157
v 2.176808 -0.210000 -0.289999
v 2.175000 -0.210000 -0.341000
v 2.176808 -0.210000 -0.392001
v 2.182130 -0.210000 -0.439843
v 2.190813 -0.210000 -0.484281
v 2.202704 -0.210000 -0.525074
v 2.217651 -0.210000 -0.561978
v 2.235500 -0.210000 -0.594750
v 2.256100 -0.210000 -0.623147
v 2.279296 -0.210000 -0.646926
v 2.304938 -0.210000 -0.665844
v 2.332870 -0.210000 -0.679657
v 2.362942 -0.210000 -0.688124
v 2.395000 -0.210000 -0.691000
v 2.427058 -0.210000 -0.688124
v 2.457130 -0.210000 -0.679658
v 2.485063 -0.210000 -0.665844
v 2.510704 -0.210000 -0.646926
v 2.533900 -0.210000 -0.623147
v 2.554500 -0.210000 -0.594750
v 2.572350 -0.210000 -0.561978
v 2.587296 -0.210000 -0.525074
v 2.599187 -0.210000 -0.484281
v 2.607870 -0.210000 -0.439843
v 2.613192 -0.210000 -0.392001
v 2.615000 -0.210000 -0.341000
v 2.613192 -0.210000 -0.289999
v 2.607870 -0.210000 -0.242157
v 2.599187 -0.210000 -0.197719
v 2.587296 -0.210000 -0.156926
v 2.572349 -0.210000 -0.120022
v 2.554500 -0.210000 -0.087250
v 2.533900 -0.210000 -0.058853
v 2.510704 -0.210000 -0.035074
v 2.485062 -0.210000 -0.016156
v 2.457129 -0.210000 -0.002343
v 2.427058 -0.210000 0.006124
v 2.395000 -0.210000 0.009000
v 2.376635 -0.210000 -0.595999
v 2.359575 -0.210000 -0.590074
v 2.343875 -0.210000 -0.580344
v 2.329593 -0.210000 -0.566926
v 2.316783 -0.210000 -0.549939
v 2.305500 -0.210000 -0.529500
v 2.295801 -0.210000 -0.505728
v 2.287741 -0.210000 -0.478741
v 2.281375 -0.210000 -0.448656
v 2.276759 -0.210000 -0.415593
v 2.273949 -0.210000 -0.379668
v 2.273000 -0.210000 -0.341000
v 2.273949 -0.210000 -0.302332
v 2.276759 -0.210000 -0.266407
v 2.281375 -0.210000 -0.233344
v 2.287740 -0.210000 -0.203259
v 2.295801 -0.210000 -0.176272
v 2.305500 -0.210000 -0.152500
v 2.316782 -0.210000 -0.132061
v 2.329592 -0.210000 -0.115074
v 2.343875 -0.210000 -0.101656
v 2.359574 -0.210000 -0.091926
v 2.376634 -0.210000 -0.086001
v 2.395000 -0.210000 -0.084000
v 2.413365 -0.210000 -0.086001
v 2.430425 -0.210000 -0.091926
v 2.446125 -0.210000 -0.101656
v 2.460407 -0.210000 -0.115074
v 2.473217 -0.210000 -0.132061
v 2.484500 -0.210000 -0.152500
v 2.494199 -0.210000 -0.176272
v 2.502259 -0.210000 -0.203259
v 2.508625 -0.210000 -0.233344
v 2.513241 -0.210000 -0.266407
v 2.516051 -0.210000 -0.302332
v 2.517000 -0.210000 -0.341000
v 2.516051 -0.210000 -0.379668
v 2.513241 -0.210000 -0.415593
v 2.508625 -0.210000 -0.448656
v 2.502259 -0.210000 -0.478741
v 2.494199 -0.210000 -0.505728
v 2.484500 -0.210000 -0.529500
v 2.473218 -0.210000 -0.549939
v 2.460407 -0.210000 -0.566926
v 2.446125 -0.210000 -0.580344
v 2.430426 -0.210000 -0.590074
v 2.413366 -0.210000 -0.595999
v 2.395000 -0.210000 -0.598000
v 2.009000 -0.210000 0.000000
v 1.662000 -0.210000 -0.337000
v 1.662000 -0.210000 0.000000
v 1.564000 -0.210000 0.000000
v 1.564000 -0.210000 -0.682000
v 1.662000 -0.210000 -0.682000
v 1.662000 -0.210000 -0.370000
v 1.949000 -0.210000 -0.682000
v 2.071000 -0.210000 -0.682000
v 1.774000 -0.210000 -0.359000
v 2.144000 -0.210000 0.000000
v 1.426915 -0.210000 -0.227468
v 1.420653 -0.210000 -0.189495
v 1.410203 -0.210000 -0.154266
v 1.395556 -0.210000 -0.121963
v 1.376700 -0.210000 -0.092771
v 1.353625 -0.210000 -0.066875
v 1.326321 -0.210000 -0.044458
v 1.294778 -0.210000 -0.025704
v 1.258984 -0.210000 -0.010797
v 1.218931 -0.210000 0.000079
v 1.174606 -0.210000 0.006739
v 1.126000 -0.210000 0.009000
v 1.090162 -0.210000 0.007299
v 1.054963 -0.210000 0.002139
v 1.020875 -0.210000 -0.006562
v 0.988370 -0.210000 -0.018889
v 0.957921 -0.210000 -0.034924
v 0.930000 -0.210000 -0.054750
v 0.905079 -0.210000 -0.078451
v 0.883630 -0.210000 -0.106111
v 0.866125 -0.210000 -0.137812
v 0.853037 -0.210000 -0.173639
v 0.844838 -0.210000 -0.213674
v 0.842000 -0.210000 -0.258000
v 0.842000 -0.210000 -0.682000
v 0.940000 -0.210000 -0.682000
v 0.940000 -0.210000 -0.279000
v 0.940215 -0.210000 -0.260662
v 0.940884 -0.210000 -0.244046
v 0.942047 -0.210000 -0.229000
v 0.943741 -0.210000 -0.215370
v 0.946004 -0.210000 -0.203005
v 0.948875 -0.210000 -0.191750
v 0.952392 -0.210000 -0.181454
v 0.956593 -0.210000 -0.171963
v 0.961516 -0.210000 -0.163125
v 0.967199 -0.210000 -0.154787
v 0.973681 -0.210000 -0.146796
v 0.981000 -0.210000 -0.139000
v 0.990958 -0.210000 -0.129666
v 1.001333 -0.210000 -0.121162
v 1.012125 -0.210000 -0.113484
v 1.023333 -0.210000 -0.106630
v 1.034958 -0.210000 -0.100594
v 1.047000 -0.210000 -0.095375
v 1.059458 -0.210000 -0.090968
v 1.072333 -0.210000 -0.087370
v 1.085625 -0.210000 -0.084578
v 1.099333 -0.210000 -0.082588
v 1.113458 -0.210000 -0.081396
v 1.128000 -0.210000 -0.081000
v 1.146311 -0.210000 -0.081490
v 1.163741 -0.210000 -0.082921
v 1.180281 -0.210000 -0.085234
v 1.195926 -0.210000 -0.088370
v 1.210668 -0.210000 -0.092270
v 1.224500 -0.210000 -0.096875
v 1.237416 -0.210000 -0.102126
v 1.249407 -0.210000 -0.107963
v 1.260469 -0.210000 -0.114328
v 1.270593 -0.210000 -0.121162
v 1.279772 -0.210000 -0.128406
v 1.288000 -0.210000 -0.136000
v 1.296199 -0.210000 -0.145062
v 1.303338 -0.210000 -0.154745
v 1.309485 -0.210000 -0.165047
v 1.314704 -0.210000 -0.175963
v 1.319062 -0.210000 -0.187490
v 1.322625 -0.210000 -0.199625
v 1.325459 -0.210000 -0.212364
v 1.327630 -0.210000 -0.225704
v 1.329203 -0.210000 -0.239641
v 1.330245 -0.210000 -0.254171
v 1.330822 -0.210000 -0.269292
v 1.331000 -0.210000 -0.285000
v 1.331000 -0.210000 -0.682000
v 1.429000 -0.210000 -0.682000
v 1.429000 -0.210000 -0.268000
v 0.611000 -0.210000 0.000000
v 0.611000 -0.210000 -0.531000
v 0.609000 -0.210000 -0.531000
v 0.399000 -0.210000 -0.267000
v 0.383000 -0.210000 -0.267000
v 0.173000 -0.210000 -0.531000
v 0.171000 -0.210000 -0.531000
v 0.171000 -0.210000 0.000000
v 0.073000 -0.210000 0.000000
v 0.073000 -0.210000 -0.682000
v 0.165000 -0.210000 -0.682000
v 0.391000 -0.210000 -0.402000
v 0.618000 -0.210000 -0.682000
v 0.709000 -0.210000 -0.682000
v 0.709000 -0.210000 0.000000
v 0.611000 -0.210000 0.000000
v 0.607910 -0.209511 0.003090
v 0.605122 -0.208090 0.005878
v 0.602910 -0.205878 0.008090
v 0.601489 -0.203090 0.009511
v 0.601000 -0.200000 0.010000
v 0.601000 0.200000 0.010000
v 0.601489 0.203090 0.009511
v 0.602910 0.205878 0.008090
v 0.605122 0.208090 0.005878
v 0.607910 0.209511 0.003090
v 0.611000 0.210000 0.000000
v 0.611000 -0.210000 -0.531000
v 0.607910 -0.209511 -0.527910
v 0.605122 -0.208090 -0.525122
v 0.602910 -0.205878 -0.522910
v 0.601489 -0.203090 -0.521489
v 0.601000 -0.200000 -0.521000
v 0.601000 0.200000 -0.521000
v 0.601489 0.203090 -0.521489
v 0.602910 0.205878 -0.522910
v 0.605122 0.208090 -0.525122
v 0.607910 0.209511 -0.527910
v 0.611000 0.210000 -0.531000
v 0.609000 -0.210000 -0.531000
v 0.610491 -0.209511 -0.527910
v 0.611835 -0.208090 -0.525122
v 0.612902 -0.205878 -0.522910
v 0.613587 -0.203090 -0.521489
v 0.613823 -0.200000 -0.521000
v 0.613823 0.200000 -0.521000
v 0.613587 0.203090 -0.521489
v 0.612902 0.205878 -0.522910
v 0.611835 0.208090 -0.525122
v 0.610491 0.209511 -0.527910
v 0.609000 0.210000 -0.531000
v 0.399000 -0.210000 -0.267000
v 0.400491 -0.209511 -0.263910
v 0.401835 -0.208090 -0.261122
v 0.402902 -0.205878 -0.258910
v 0.403587 -0.203090 -0.257489
v 0.403823 -0.200000 -0.257000
v 0.403823 0.200000 -0.257000
v 0.403587 0.203090 -0.257489
v 0.402902 0.205878 -0.258910
v 0.401835 0.208090 -0.261122
v 0.400491 0.209511 -0.263910
v 0.399000 0.210000 -0.267000
v 0.383000 -0.210000 -0.267000
v 0.381510 -0.209511 -0.263910
v 0.380165 -0.208090 -0.261122
v 0.379098 -0.205878 -0.258910
v 0.378413 -0.203090 -0.257489
v 0.378177 -0.200000 -0.257000
v 0.378177 0.200000 -0.257000
v 0.378413 0.203090 -0.257489
v 0.379098 0.205878 -0.258910
v 0.380165 0.208090 -0.261122
v 0.381510 0.209511 -0.263910
v 0.383000 0.210000 -0.267000
v 0.173000 -0.210000 -0.531000
v 0.171510 -0.209511 -0.527910
v 0.170165 -0.208090 -0.525122
v 0.169098 -0.205878 -0.522910
v 0.168413 -0.203090 -0.521489
v 0.168177 -0.200000 -0.521000
v 0.168177 0.200000 -0.521000
v 0.168413 0.203090 -0.521489
v 0.169098 0.205878 -0.522910
v 0.170165 0.208090 -0.525122
v 0.171510 0.209511 -0.527910
v 0.173000 0.210000 -0.531000
v 0.171000 -0.210000 -0.531000
v 0.174090 -0.209511 -0.527910
v 0.176878 -0.208090 -0.525122
v 0.179090 -0.205878 -0.522910
v 0.180511 -0.203090 -0.521489
v 0.181000 -0.200000 -0.521000
v 0.181000 0.200000 -0.521000
v 0.180511 0.203090 -0.521489
v 0.179090 0.205878 -0.522910
v 0.176878 0.208090 -0.525122
v 0.174090 0.209511 -0.527910
v 0.171000 0.210000 -0.531000
v 0.171000 -0.210000 0.000000
v 0.174090 -0.209511 0.003090
v 0.176878 -0.208090 0.005878
v 0.179090 -0.205878 0.008090
v 0.180511 -0.203090 0.009511
v 0.181000 -0.200000 0.010000
v 0.181000 0.200000 0.010000
v 0.180511 0.203090 0.009511
v 0.179090 0.205878 0.008090
v 0.176878 0.208090 0.005878
v 0.174090 0.209511 0.003090
v 0.171000 0.210000 0.000000
v 0.073000 -0.210000 0.000000
v 0.069910 -0.209511 0.003090
v 0.067122 -0.208090 0.005878
v 0.064910 -0.205878 0.008090
v 0.063489 -0.203090 0.009511
v 0.063000 -0.200000 0.010000
v 0.063000 0.200000 0.010000
v 0.063489 0.203090 0.009511
v 0.064910 0.205878 0.008090
v 0.067122 0.208090 0.005878
v 0.069910 0.209511 0.003090
v 0.073000 0.210000 0.000000
v 0.073000 -0.210000 -0.682000
v 0.069910 -0.209511 -0.685090
v 0.067122 -0.208090 -0.687878
v 0.064910 -0.205878 -0.690090
v 0.063489 -0.203090 -0.691511
v 0.063000 -0.200000 -0.692000
v 0.063000 0.200000 -0.692000
v 0.063489 0.203090 -0.691511
v 0.064910 0.205878 -0.690090
v 0.067122 0.208090 -0.687878
v 0.069910 0.209511 -0.685090
v 0.073000 0.210000 -0.682000
v 0.165000 -0.210000 -0.682000
v 0.166477 -0.209511 -0.685090
v 0.167809 -0.208090 -0.687878
v 0.168867 -0.205878 -0.690090
v 0.169546 -0.203090 -0.691511
v 0.169780 -0.200000 -0.692000
v 0.169780 0.200000 -0.692000
v 0.169546 0.203090 -0.691511
v 0.168867 0.205878 -0.690090
v 0.167809 0.208090 -0.687878
v 0.166477 0.209511 -0.685090
v 0.165000 0.210000 -0.682000
v 0.391000 -0.210000 -0.402000
v 0.391005 -0.209511 -0.406913
v 0.391010 -0.208090 -0.411346
v 0.391014 -0.205878 -0.414864
v 0.391016 -0.203090 -0.417122
v 0.391017 -0.200000 -0.417900
v 0.391017 0.200000 -0.417900
v 0.391016 0.203090 -0.417122
v 0.391014 0.205878 -0.414864
v 0.391010 0.208090 -0.411346
v 0.391005 0.209511 -0.406913
v 0.391000 0.210000 -0.402000
v 0.618000 -0.210000 -0.682000
v 0.616527 -0.209511 -0.685090
v 0.615198 -0.208090 -0.687878
v 0.614144 -0.205878 -0.690090
v 0.613467 -0.203090 -0.691511
v 0.613234 -0.200000 -0.692000
v 0.613234 0.200000 -0.692000
v 0.613467 0.203090 -0.691511
v 0.614144 0.205878 -0.690090
v 0.615198 0.208090 -0.687878
v 0.616527 0.209511 -0.685090
v 0.618000 0.210000 -0.682000
v 0.709000 -0.210000 -0.682000
v 0.712090 -0.209511 -0.685090
v 0.714878 -0.208090 -0.687878
v 0.717090 -0.205878 -0.690090
v 0.718511 -0.203090 -0.691511
v 0.719000 -0.200000 -0.692000
v 0.719000 0.200000 -0.692000
v 0.718511 0.203090 -0.691511
v 0.717090 0.205878 -0.690090
v 0.714878 0.208090 -0.687878
v 0.712090 0.209511 -0.685090
v 0.709000 0.210000 -0.682000
v 0.709000 -0.210000 0.000000
v 0.712090 -0.209511 0.003090
v 0.714878 -0.208090 0.005878
v 0.717090 -0.205878 0.008090
v 0.718511 -0.203090 0.009511
v 0.719000 -0.200000 0.010000
v 0.719000 0.200000 0.010000
v 0.718511 0.203090 0.009511
v 0.717090 0.205878 0.008090
v 0.714878 0.208090 0.005878
v 0.712090 0.209511 0.003090
v 0.709000 0.210000 0.000000
v 1.426915 -0.210000 -0.227468
v 1.429992 -0.209511 -0.227136
v 1.432768 -0.208090 -0.226837
v 1.434971 -0.205878 -0.226599
v 1.436386 -0.203090 -0.226447
v 1.436873 -0.200000 -0.226394
v 1.436873 0.200000 -0.226394
v 1.436386 0.203090 -0.226447
v 1.434971 0.205878 -0.226599
v 1.432768 0.208090 -0.226837
v 1.429992 0.209511 -0.227136
v 1.426915 0.210000 -0.227468
v 1.420653 -0.210000 -0.189495
v 1.423670 -0.209511 -0.188802
v 1.426393 -0.208090 -0.188176
v 1.428553 -0.205878 -0.187680
v 1.429940 -0.203090 -0.187361
v 1.430418 -0.200000 -0.187251
v 1.430418 0.200000 -0.187251
v 1.429940 0.203090 -0.187361
v 1.428553 0.205878 -0.187680
v 1.426393 0.208090 -0.188176
v 1.423670 0.209511 -0.188802
v 1.420653 0.210000 -0.189495
v 1.410203 -0.210000 -0.154266
v 1.413105 -0.209511 -0.153183
v 1.415723 -0.208090 -0.152206
v 1.417801 -0.205878 -0.151431
v 1.419135 -0.203090 -0.150934
v 1.419595 -0.200000 -0.150762
v 1.419595 0.200000 -0.150762
v 1.419135 0.203090 -0.150934
v 1.417801 0.205878 -0.151431
v 1.415723 0.208090 -0.152206
v 1.413105 0.209511 -0.153183
v 1.410203 0.210000 -0.154266
v 1.395556 -0.210000 -0.121963
v 1.398275 -0.209511 -0.120478
v 1.400729 -0.208090 -0.119139
v 1.402676 -0.205878 -0.118076
v 1.403926 -0.203090 -0.117394
v 1.404357 -0.200000 -0.117159
v 1.404357 0.200000 -0.117159
v 1.403926 0.203090 -0.117394
v 1.402676 0.205878 -0.118076
v 1.400729 0.208090 -0.119139
v 1.398275 0.209511 -0.120478
v 1.395556 0.210000 -0.121963
v 1.376700 -0.210000 -0.092771
v 1.379166 -0.209511 -0.090894
v 1.381390 -0.208090 -0.089200
v 1.383156 -0.205878 -0.087856
v 1.384290 -0.203090 -0.086993
v 1.384680 -0.200000 -0.086696
v 1.384680 0.200000 -0.086696
v 1.384290 0.203090 -0.086993
v 1.383156 0.205878 -0.087856
v 1.381390 0.208090 -0.089200
v 1.379166 0.209511 -0.090894
v 1.376700 0.210000 -0.092771
v 1.353625 -0.210000 -0.066875
v 1.355772 -0.209511 -0.064639
v 1.357709 -0.208090 -0.062623
v 1.359246 -0.205878 -0.061022
v 1.360233 -0.203090 -0.059995
v 1.360573 -0.200000 -0.059641
v 1.360573 0.200000 -0.059641
v 1.360233 0.203090 -0.059995
v 1.359246 0.205878 -0.061022
v 1.357709 0.208090 -0.062623
v 1.355772 0.209511 -0.064639
v 1.353625 0.210000 -0.066875
v 1.326321 -0.210000 -0.044458
v 1.328101 -0.209511 -0.041921
v 1.329707 -0.208090 -0.039633
v 1.330982 -0.205878 -0.037817
v 1.331800 -0.203090 -0.036651
v 1.332082 -0.200000 -0.036249
v 1.332082 0.200000 -0.036249
v 1.331800 0.203090 -0.036651
v 1.330982 0.205878 -0.037817
v 1.329707 0.208090 -0.039633
v 1.328101 0.209511 -0.041921
v 1.326321 0.210000 -0.044458
v 1.294778 -0.210000 -0.025704
v 1.296168 -0.209511 -0.022935
v 1.297423 -0.208090 -0.020438
v 1.298419 -0.205878 -0.018456
v 1.299058 -0.203090 -0.017184
v 1.299278 -0.200000 -0.016745
v 1.299278 0.200000 -0.016745
v 1.299058 0.203090 -0.017184
v 1.298419 0.205878 -0.018456
v 1.297423 0.208090 -0.020438
v 1.296168 0.209511 -0.022935
v 1.294778 0.210000 -0.025704
v 1.258984 -0.210000 -0.010797
v 1.259988 -0.209511 -0.007867
v 1.260892 -0.208090 -0.005224
v 1.261611 -0.205878 -0.003127
v 1.262072 -0.203090 -0.001780
v 1.262231 -0.200000 -0.001316
v 1.262231 0.200000 -0.001316
v 1.262072 0.203090 -0.001780
v 1.261611 0.205878 -0.003127
v 1.260892 0.208090 -0.005224
v 1.259988 0.209511 -0.007867
v 1.258984 0.210000 -0.010797
v 1.218931 -0.210000 0.000079
v 1.219567 -0.209511 0.003108
v 1.220142 -0.208090 0.005841
v 1.220597 -0.205878 0.008009
v 1.220890 -0.203090 0.009402
v 1.220991 -0.200000 0.009881
v 1.220991 0.200000 0.009881
v 1.220890 0.203090 0.009402
v 1.220597 0.205878 0.008009
v 1.220142 0.208090 0.005841
v 1.219567 0.209511 0.003108
v 1.218931 0.210000 0.000079
v 1.174606 -0.210000 0.006739
v 1.174908 -0.209511 0.009818
v 1.175181 -0.208090 0.012596
v 1.175397 -0.205878 0.014801
v 1.175536 -0.203090 0.016217
v 1.175584 -0.200000 0.016704
v 1.175584 0.200000 0.016704
v 1.175536 0.203090 0.016217
v 1.175397 0.205878 0.014801
v 1.175181 0.208090 0.012596
v 1.174908 0.209511 0.009818
v 1.174606 0.210000 0.006739
v 1.126000 -0.210000 0.009000
v 1.125999 -0.209511 0.012094
v 1.125997 -0.208090 0.014884
v 1.125996 -0.205878 0.017099
v 1.125996 -0.203090 0.018521
v 1.125995 -0.200000 0.019011
v 1.125995 0.200000 0.019011
v 1.125996 0.203090 0.018521
v 1.125996 0.205878 0.017099
v 1.125997 0.208090 0.014884
v 1.125999 0.209511 0.012094
v 1.126000 0.210000 0.009000
v 1.090162 -0.210000 0.007299
v 1.089864 -0.209511 0.010378
v 1.089595 -0.208090 0.013156
v 1.089382 -0.205878 0.015361
v 1.089245 -0.203090 0.016776
v 1.089198 -0.200000 0.017264
v 1.089198 0.200000 0.017264
v 1.089245 0.203090 0.016776
v 1.089382 0.205878 0.015361
v 1.089595 0.208090 0.013156
v 1.089864 0.209511 0.010378
v 1.090162 0.210000 0.007299
v 1.054963 -0.210000 0.002139
v 1.054355 -0.209511 0.005173
v 1.053807 -0.208090 0.007910
v 1.053372 -0.205878 0.010082
v 1.053092 -0.203090 0.011477
v 1.052996 -0.200000 0.011957
v 1.052996 0.200000 0.011957
v 1.053092 0.203090 0.011477
v 1.053372 0.205878 0.010082
v 1.053807 0.208090 0.007910
v 1.054355 0.209511 0.005173
v 1.054963 0.210000 0.002139
v 1.020875 -0.210000 -0.006562
v 1.019942 -0.209511 -0.003611
v 1.019101 -0.208090 -0.000949
v 1.018433 -0.205878 0.001164
v 1.018004 -0.203090 0.002520
v 1.017856 -0.200000 0.002988
v 1.017856 0.200000 0.002988
v 1.018004 0.203090 0.002520
v 1.018433 0.205878 0.001164
v 1.019101 0.208090 -0.000949
v 1.019942 0.209511 -0.003611
v 1.020875 0.210000 -0.006562
v 0.988370 -0.210000 -0.018889
v 0.987098 -0.209511 -0.016067
v 0.985950 -0.208090 -0.013520
v 0.985039 -0.205878 -0.011500
v 0.984454 -0.203090 -0.010203
v 0.984252 -0.200000 -0.009756
v 0.984252 0.200000 -0.009756
v 0.984454 0.203090 -0.010203
v 0.985039 0.205878 -0.011500
v 0.985950 0.208090 -0.013520
v 0.987098 0.209511 -0.016067
v 0.988370 0.210000 -0.018889
v 0.957921 -0.210000 -0.034924
v 0.956300 -0.209511 -0.032285
v 0.954837 -0.208090 -0.029905
v 0.953676 -0.205878 -0.028016
v 0.952931 -0.203090 -0.026803
v 0.952674 -0.200000 -0.026385
v 0.952674 0.200000 -0.026385
v 0.952931 0.203090 -0.026803
v 0.953676 0.205878 -0.028016
v 0.954837 0.208090 -0.029905
v 0.956300 0.209511 -0.032285
v 0.957921 0.210000 -0.034924
v 0.930000 -0.210000 -0.054750
v 0.928031 -0.209511 -0.052358
v 0.926254 -0.208090 -0.050201
v 0.924844 -0.205878 -0.048489
v 0.923939 -0.203090 -0.047389
v 0.923627 -0.200000 -0.047011
v 0.923627 0.200000 -0.047011
v 0.923939 0.203090 -0.047389
v 0.924844 0.205878 -0.048489
v 0.926254 0.208090 -0.050201
v 0.928031 0.209511 -0.052358
v 0.930000 0.210000 -0.054750
v 0.905079 -0.210000 -0.078451
v 0.902780 -0.209511 -0.076373
v 0.900706 -0.208090 -0.074498
v 0.899060 -0.205878 -0.073010
v 0.898004 -0.203090 -0.072055
v 0.897640 -0.200000 -0.071726
v 0.897640 0.200000 -0.071726
v 0.898004 0.203090 -0.072055
v 0.899060 0.205878 -0.073010
v 0.900706 0.208090 -0.074498
v 0.902780 0.209511 -0.076373
v 0.905079 0.210000 -0.078451
v 0.883630 -0.210000 -0.106111
v 0.881041 -0.209511 -0.104407
v 0.878705 -0.208090 -0.102870
v 0.876851 -0.205878 -0.101650
v 0.875661 -0.203090 -0.100867
v 0.875251 -0.200000 -0.100597
v 0.875251 0.200000 -0.100597
v 0.875661 0.203090 -0.100867
v 0.876851 0.205878 -0.101650
v 0.878705 0.208090 -0.102870
v 0.881041 0.209511 -0.104407
v 0.883630 0.210000 -0.106111
v 0.866125 -0.210000 -0.137812
v 0.863304 -0.209511 -0.136528
v 0.860760 -0.208090 -0.135369
v 0.858741 -0.205878 -0.134449
v 0.857444 -0.203090 -0.133859
v 0.856997 -0.200000 -0.133655
v 0.856997 0.200000 -0.133655
v 0.857444 0.203090 -0.133859
v 0.858741 0.205878 -0.134449
v 0.860760 0.208090 -0.135369
v 0.863304 0.209511 -0.136528
v 0.866125 0.210000 -0.137812
v 0.853037 -0.210000 -0.173639
v 0.850056 -0.209511 -0.172794
v 0.847366 -0.208090 -0.172032
v 0.845232 -0.205878 -0.171427
v 0.843862 -0.203090 -0.171039
v 0.843389 -0.200000 -0.170905
v 0.843389 0.200000 -0.170905
v 0.843862 0.203090 -0.171039
v 0.845232 0.205878 -0.171427
v 0.847366 0.208090 -0.172032
v 0.850056 0.209511 -0.172794
v 0.853037 0.210000 -0.173639
v 0.844838 -0.210000 -0.213674
v 0.841768 -0.209511 -0.213263
v 0.838998 -0.208090 -0.212892
v 0.836800 -0.205878 -0.212598
v 0.835389 -0.203090 -0.212410
v 0.834903 -0.200000 -0.212345
v 0.834903 0.200000 -0.212345
v 0.835389 0.203090 -0.212410
v 0.836800 0.205878 -0.212598
v 0.838998 0.208090 -0.212892
v 0.841768 0.209511 -0.213263
v 0.844838 0.210000 -0.213674
v 0.842000 -0.210000 -0.258000
v 0.838910 -0.209511 -0.257901
v 0.836122 -0.208090 -0.257812
v 0.833910 -0.205878 -0.257741
v 0.832489 -0.203090 -0.257696
v 0.832000 -0.200000 -0.257680
v 0.832000 0.200000 -0.257680
v 0.832489 0.203090 -0.257696
v 0.833910 0.205878 -0.257741
v 0.836122 0.208090 -0.257812
v 0.838910 0.209511 -0.257901
v 0.842000 0.210000 -0.258000
v 0.842000 -0.210000 -0.682000
v 0.838910 -0.209511 -0.685090
v 0.836122 -0.208090 -0.687878
v 0.833910 -0.205878 -0.690090
v 0.832489 -0.203090 -0.691511
v 0.832000 -0.200000 -0.692000
v 0.832000 0.200000 -0.692000
v 0.832489 0.203090 -0.691511
v 0.833910 0.205878 -0.690090
v 0.836122 0.208090 -0.687878
v 0.838910 0.209511 -0.685090
v 0.842000 0.210000 -0.682000
v 0.940000 -0.210000 -0.682000
v 0.943090 -0.209511 -0.685090
v 0.945878 -0.208090 -0.687878
v 0.948090 -0.205878 -0.690090
v 0.949511 -0.203090 -0.691511
v 0.950000 -0.200000 -0.692000
v 0.950000 0.200000 -0.692000
v 0.949511 0.203090 -0.691511
v 0.948090 0.205878 -0.690090
v 0.945878 0.208090 -0.687878
v 0.943090 0.209511 -0.685090
v 0.940000 0.210000 -0.682000
v 0.940000 -0.210000 -0.279000
v 0.943090 -0.209511 -0.279018
v 0.945878 -0.208090 -0.279034
v 0.948090 -0.205878 -0.279047
v 0.949511 -0.203090 -0.279056
v 0.950000 -0.200000 -0.279059
v 0.950000 0.200000 -0.279059
v 0.949511 0.203090 -0.279056
v 0.948090 0.205878 -0.279047
v 0.945878 0.208090 -0.279034
v 0.943090 0.209511 -0.279018
v 0.940000 0.210000 -0.279000
v 0.940215 -0.210000 -0.260662
v 0.943304 -0.209511 -0.260742
v 0.946091 -0.208090 -0.260815
v 0.948303 -0.205878 -0.260872
v 0.949723 -0.203090 -0.260909
v 0.950212 -0.200000 -0.260922
v 0.950212 0.200000 -0.260922
v 0.949723 0.203090 -0.260909
v 0.948303 0.205878 -0.260872
v 0.946091 0.208090 -0.260815
v 0.943304 0.209511 -0.260742
v 0.940215 0.210000 -0.260662
v 0.940884 -0.210000 -0.244046
v 0.943970 -0.209511 -0.244228
v 0.946753 -0.208090 -0.244391
v 0.948962 -0.205878 -0.244521
v 0.950380 -0.203090 -0.244604
v 0.950869 -0.200000 -0.244633
v 0.950869 0.200000 -0.244633
v 0.950380 0.203090 -0.244604
v 0.948962 0.205878 -0.244521
v 0.946753 0.208090 -0.244391
v 0.943970 0.209511 -0.244228
v 0.940884 0.210000 -0.244046
v 0.942047 -0.210000 -0.229000
v 0.945122 -0.209511 -0.229310
v 0.947897 -0.208090 -0.229589
v 0.950099 -0.205878 -0.229811
v 0.951512 -0.203090 -0.229953
v 0.951999 -0.200000 -0.230002
v 0.951999 0.200000 -0.230002
v 0.951512 0.203090 -0.229953
v 0.950099 0.205878 -0.229811
v 0.947897 0.208090 -0.229589
v 0.945122 0.209511 -0.229310
v 0.942047 0.210000 -0.229000
v 0.943741 -0.210000 -0.215370
v 0.946796 -0.209511 -0.215839
v 0.949553 -0.208090 -0.216263
v 0.951741 -0.205878 -0.216599
v 0.953145 -0.203090 -0.216814
v 0.953629 -0.200000 -0.216888
v 0.953629 0.200000 -0.216888
v 0.953145 0.203090 -0.216814
v 0.951741 0.205878 -0.216599
v 0.949553 0.208090 -0.216263
v 0.946796 0.209511 -0.215839
v 0.943741 0.210000 -0.215370
v 0.946004 -0.210000 -0.203005
v 0.949025 -0.209511 -0.203665
v 0.951750 -0.208090 -0.204262
v 0.953912 -0.205878 -0.204735
v 0.955300 -0.203090 -0.205039
v 0.955779 -0.200000 -0.205143
v 0.955779 0.200000 -0.205143
v 0.955300 0.203090 -0.205039
v 0.953912 0.205878 -0.204735
v 0.951750 0.208090 -0.204262
v 0.949025 0.209511 -0.203665
v 0.946004 0.210000 -0.203005
v 0.948875 -0.210000 -0.191750
v 0.951839 -0.209511 -0.192633
v 0.954513 -0.208090 -0.193429
v 0.956635 -0.205878 -0.194061
v 0.957997 -0.203090 -0.194467
v 0.958467 -0.200000 -0.194606
v 0.958467 0.200000 -0.194606
v 0.957997 0.203090 -0.194467
v 0.956635 0.205878 -0.194061
v 0.954513 0.208090 -0.193429
v 0.951839 0.209511 -0.192633
v 0.948875 0.210000 -0.191750
v 0.952392 -0.210000 -0.181454
v 0.955272 -0.209511 -0.182581
v 0.957871 -0.208090 -0.183597
v 0.959933 -0.205878 -0.184404
v 0.961257 -0.203090 -0.184922
v 0.961713 -0.200000 -0.185101
v 0.961713 0.200000 -0.185101
v 0.961257 0.203090 -0.184922
v 0.959933 0.205878 -0.184404
v 0.957871 0.208090 -0.183597
v 0.955272 0.209511 -0.182581
v 0.952392 0.210000 -0.181454
v 0.956593 -0.210000 -0.171963
v 0.959361 -0.209511 -0.173343
v 0.961859 -0.208090 -0.174588
v 0.963841 -0.205878 -0.175576
v 0.965113 -0.203090 -0.176211
v 0.965552 -0.200000 -0.176429
v 0.965552 0.200000 -0.176429
v 0.965113 0.203090 -0.176211
v 0.963841 0.205878 -0.175576
v 0.961859 0.208090 -0.174588
v 0.959361 0.209511 -0.173343
v 0.956593 0.210000 -0.171963
v 0.961516 -0.210000 -0.163125
v 0.964148 -0.209511 -0.164750
v 0.966522 -0.208090 -0.166217
v 0.968406 -0.205878 -0.167380
v 0.969616 -0.203090 -0.168128
v 0.970032 -0.200000 -0.168385
v 0.970032 0.200000 -0.168385
v 0.969616 0.203090 -0.168128
v 0.968406 0.205878 -0.167380
v 0.966522 0.208090 -0.166217
v 0.964148 0.209511 -0.164750
v 0.961516 0.210000 -0.163125
v 0.967199 -0.210000 -0.154787
v 0.969680 -0.209511 -0.156634
v 0.971918 -0.208090 -0.158300
v 0.973694 -0.205878 -0.159622
v 0.974835 -0.203090 -0.160471
v 0.975228 -0.200000 -0.160763
v 0.975228 0.200000 -0.160763
v 0.974835 0.203090 -0.160471
v 0.973694 0.205878 -0.159622
v 0.971918 0.208090 -0.158300
v 0.969680 0.209511 -0.156634
v 0.967199 0.210000 -0.154787
v 0.973681 -0.210000 -0.146796
v 0.976011 -0.209511 -0.148830
v 0.978112 -0.208090 -0.150664
v 0.979780 -0.205878 -0.152120
v 0.980850 -0.203090 -0.153055
v 0.981219 -0.200000 -0.153377
v 0.981219 0.200000 -0.153377
v 0.980850 0.203090 -0.153055
v 0.979780 0.205878 -0.152120
v 0.978112 0.208090 -0.150664
v 0.976011 0.209511 -0.148830
v 0.973681 0.210000 -0.146796
v 0.981000 -0.210000 -0.139000
v 0.983185 -0.209511 -0.141187
v 0.985157 -0.208090 -0.143160
v 0.986721 -0.205878 -0.144726
v 0.987726 -0.203090 -0.145731
v 0.988072 -0.200000 -0.146077
v 0.988072 0.200000 -0.146077
v 0.987726 0.203090 -0.145731
v 0.986721 0.205878 -0.144726
v 0.985157 0.208090 -0.143160
v 0.983185 0.209511 -0.141187
v 0.981000 0.210000 -0.139000
v 0.990958 -0.210000 -0.129666
v 0.992997 -0.209511 -0.131991
v 0.994835 -0.208090 -0.134088
v 0.996295 -0.205878 -0.135753
v 0.997232 -0.203090 -0.136821
v 0.997555 -0.200000 -0.137189
v 0.997555 0.200000 -0.137189
v 0.997232 0.203090 -0.136821
v 0.996295 0.205878 -0.135753
v 0.994835 0.208090 -0.134088
v 0.992997 0.209511 -0.131991
v 0.990958 0.210000 -0.129666
v 1.001333 -0.210000 -0.121162
v 1.003211 -0.209511 -0.123619
v 1.004904 -0.208090 -0.125835
v 1.006248 -0.205878 -0.127594
v 1.007111 -0.203090 -0.128723
v 1.007409 -0.200000 -0.129112
v 1.007409 0.200000 -0.129112
v 1.007111 0.203090 -0.128723
v 1.006248 0.205878 -0.127594
v 1.004904 0.208090 -0.125835
v 1.003211 0.209511 -0.123619
v 1.001333 0.210000 -0.121162
v 1.012125 -0.210000 -0.113484
v 1.013829 -0.209511 -0.116065
v 1.015366 -0.208090 -0.118392
v 1.016586 -0.205878 -0.120239
v 1.017369 -0.203090 -0.121425
v 1.017639 -0.200000 -0.121834
v 1.017639 0.200000 -0.121834
v 1.017369 0.203090 -0.121425
v 1.016586 0.205878 -0.120239
v 1.015366 0.208090 -0.118392
v 1.013829 0.209511 -0.116065
v 1.012125 0.210000 -0.113484
v 1.023333 -0.210000 -0.106630
v 1.024853 -0.209511 -0.109322
v 1.026224 -0.208090 -0.111751
v 1.027313 -0.205878 -0.113679
v 1.028011 -0.203090 -0.114917
v 1.028252 -0.200000 -0.115343
v 1.028252 0.200000 -0.115343
v 1.028011 0.203090 -0.114917
v 1.027313 0.205878 -0.113679
v 1.026224 0.208090 -0.111751
v 1.024853 0.209511 -0.109322
v 1.023333 0.210000 -0.106630
v 1.034958 -0.210000 -0.100594
v 1.036286 -0.209511 -0.103387
v 1.037484 -0.208090 -0.105906
v 1.038435 -0.205878 -0.107905
v 1.039046 -0.203090 -0.109188
v 1.039256 -0.200000 -0.109631
v 1.039256 0.200000 -0.109631
v 1.039046 0.203090 -0.109188
v 1.038435 0.205878 -0.107905
v 1.037484 0.208090 -0.105906
v 1.036286 0.209511 -0.103387
v 1.034958 0.210000 -0.100594
v 1.047000 -0.210000 -0.095375
v 1.048131 -0.209511 -0.098253
v 1.049151 -0.208090 -0.100849
v 1.049961 -0.205878 -0.102909
v 1.050481 -0.203090 -0.104232
v 1.050660 -0.200000 -0.104687
v 1.050660 0.200000 -0.104687
v 1.050481 0.203090 -0.104232
v 1.049961 0.205878 -0.102909
v 1.049151 0.208090 -0.100849
v 1.048131 0.209511 -0.098253
v 1.047000 0.210000 -0.095375
v 1.059458 -0.210000 -0.090968
v 1.060390 -0.209511 -0.093916
v 1.061231 -0.208090 -0.096576
v 1.061899 -0.205878 -0.098686
v 1.062327 -0.203090 -0.100041
v 1.062475 -0.200000 -0.100508
v 1.062475 0.200000 -0.100508
v 1.062327 0.203090 -0.100041
v 1.061899 0.205878 -0.098686
v 1.061231 0.208090 -0.096576
v 1.060390 0.209511 -0.093916
v 1.059458 0.210000 -0.090968
v 1.072333 -0.210000 -0.087370
v 1.073068 -0.209511 -0.090374
v 1.073730 -0.208090 -0.093083
v 1.074256 -0.205878 -0.095233
v 1.074593 -0.203090 -0.096614
v 1.074709 -0.200000 -0.097089
v 1.074709 0.200000 -0.097089
v 1.074593 0.203090 -0.096614
v 1.074256 0.205878 -0.095233
v 1.073730 0.208090 -0.093083
v 1.073068 0.209511 -0.090374
v 1.072333 0.210000 -0.087370
v 1.085625 -0.210000 -0.084578
v 1.086165 -0.209511 -0.087622
v 1.086653 -0.208090 -0.090368
v 1.087039 -0.205878 -0.092548
v 1.087288 -0.203090 -0.093947
v 1.087373 -0.200000 -0.094429
v 1.087373 0.200000 -0.094429
v 1.087288 0.203090 -0.093947
v 1.087039 0.205878 -0.092548
v 1.086653 0.208090 -0.090368
v 1.086165 0.209511 -0.087622
v 1.085625 0.210000 -0.084578
v 1.099333 -0.210000 -0.082588
v 1.099686 -0.209511 -0.085659
v 1.100003 -0.208090 -0.088430
v 1.100255 -0.205878 -0.090629
v 1.100417 -0.203090 -0.092041
v 1.100473 -0.200000 -0.092527
v 1.100473 0.200000 -0.092527
v 1.100417 0.203090 -0.092041
v 1.100255 0.205878 -0.090629
v 1.100003 0.208090 -0.088430
v 1.099686 0.209511 -0.085659
v 1.099333 0.210000 -0.082588
v 1.113458 -0.210000 -0.081396
v 1.113631 -0.209511 -0.084483
v 1.113786 -0.208090 -0.087268
v 1.113909 -0.205878 -0.089477
v 1.113988 -0.203090 -0.090896
v 1.114015 -0.200000 -0.091385
v 1.114015 0.200000 -0.091385
v 1.113988 0.203090 -0.090896
v 1.113909 0.205878 -0.089477
v 1.113786 0.208090 -0.087268
v 1.113631 0.209511 -0.084483
v 1.113458 0.210000 -0.081396
v 1.128000 -0.210000 -0.081000
v 1.128001 -0.209511 -0.084091
v 1.128001 -0.208090 -0.086880
v 1.128002 -0.205878 -0.089093
v 1.128002 -0.203090 -0.090514
v 1.128003 -0.200000 -0.091004
v 1.128003 0.200000 -0.091004
v 1.128002 0.203090 -0.090514
v 1.128002 0.205878 -0.089093
v 1.128001 0.208090 -0.086880
v 1.128001 0.209511 -0.084091
v 1.128000 0.210000 -0.081000
v 1.146311 -0.210000 -0.081490
v 1.146143 -0.209511 -0.084577
v 1.145992 -0.208090 -0.087362
v 1.145872 -0.205878 -0.089571
v 1.145795 -0.203090 -0.090990
v 1.145768 -0.200000 -0.091479
v 1.145768 0.200000 -0.091479
v 1.145795 0.203090 -0.090990
v 1.145872 0.205878 -0.089571
v 1.145992 0.208090 -0.087362
v 1.146143 0.209511 -0.084577
v 1.146311 0.210000 -0.081490
v 1.163741 -0.210000 -0.082921
v 1.163400 -0.209511 -0.085994
v 1.163093 -0.208090 -0.088766
v 1.162849 -0.205878 -0.090965
v 1.162692 -0.203090 -0.092378
v 1.162638 -0.200000 -0.092864
v 1.162638 0.200000 -0.092864
v 1.162692 0.203090 -0.092378
v 1.162849 0.205878 -0.090965
v 1.163093 0.208090 -0.088766
v 1.163400 0.209511 -0.085994
v 1.163741 0.210000 -0.082921
v 1.180281 -0.210000 -0.085234
v 1.179763 -0.209511 -0.088282
v 1.179296 -0.208090 -0.091032
v 1.178925 -0.205878 -0.093214
v 1.178687 -0.203090 -0.094614
v 1.178605 -0.200000 -0.095097
v 1.178605 0.200000 -0.095097
v 1.178687 0.203090 -0.094614
v 1.178925 0.205878 -0.093214
v 1.179296 0.208090 -0.091032
v 1.179763 0.209511 -0.088282
v 1.180281 0.210000 -0.085234
v 1.195926 -0.210000 -0.088370
v 1.195226 -0.209511 -0.091382
v 1.194595 -0.208090 -0.094098
v 1.194095 -0.205878 -0.096254
v 1.193773 -0.203090 -0.097639
v 1.193662 -0.200000 -0.098116
v 1.193662 0.200000 -0.098116
v 1.193773 0.203090 -0.097639
v 1.194095 0.205878 -0.096254
v 1.194595 0.208090 -0.094098
v 1.195226 0.209511 -0.091382
v 1.195926 0.210000 -0.088370
v 1.210668 -0.210000 -0.092270
v 1.209784 -0.209511 -0.095233
v 1.208986 -0.208090 -0.097905
v 1.208353 -0.205878 -0.100026
v 1.207947 -0.203090 -0.101388
v 1.207807 -0.200000 -0.101857
v 1.207807 0.200000 -0.101857
v 1.207947 0.203090 -0.101388
v 1.208353 0.205878 -0.100026
v 1.208986 0.208090 -0.097905
v 1.209784 0.209511 -0.095233
v 1.210668 0.210000 -0.092270
v 1.224500 -0.210000 -0.096875
v 1.223429 -0.209511 -0.099775
v 1.222463 -0.208090 -0.102392
v 1.221696 -0.205878 -0.104468
v 1.221204 -0.203090 -0.105801
v 1.221034 -0.200000 -0.106261
v 1.221034 0.200000 -0.106261
v 1.221204 0.203090 -0.105801
v 1.221696 0.205878 -0.104468
v 1.222463 0.208090 -0.102392
v 1.223429 0.209511 -0.099775
v 1.224500 0.210000 -0.096875
v 1.237416 -0.210000 -0.102126
v 1.236156 -0.209511 -0.104949
v 1.235020 -0.208090 -0.107497
v 1.234118 -0.205878 -0.109518
v 1.233539 -0.203090 -0.110816
v 1.233340 -0.200000 -0.111263
v 1.233340 0.200000 -0.111263
v 1.233539 0.203090 -0.110816
v 1.234118 0.205878 -0.109518
v 1.235020 0.208090 -0.107497
v 1.236156 0.209511 -0.104949
v 1.237416 0.210000 -0.102126
v 1.249407 -0.210000 -0.107963
v 1.247959 -0.209511 -0.110695
v 1.246652 -0.208090 -0.113159
v 1.245615 -0.205878 -0.115115
v 1.244949 -0.203090 -0.116370
v 1.244720 -0.200000 -0.116803
v 1.244720 0.200000 -0.116803
v 1.244949 0.203090 -0.116370
v 1.245615 0.205878 -0.115115
v 1.246652 0.208090 -0.113159
v 1.247959 0.209511 -0.110695
v 1.249407 0.210000 -0.107963
v 1.260469 -0.210000 -0.114328
v 1.258832 -0.209511 -0.116951
v 1.257355 -0.208090 -0.119318
v 1.256183 -0.205878 -0.121196
v 1.255430 -0.203090 -0.122401
v 1.255171 -0.200000 -0.122817
v 1.255171 0.200000 -0.122817
v 1.255430 0.203090 -0.122401
v 1.256183 0.205878 -0.121196
v 1.257355 0.208090 -0.119318
v 1.258832 0.209511 -0.116951
v 1.260469 0.210000 -0.114328
v 1.270593 -0.210000 -0.121162
v 1.268768 -0.209511 -0.123659
v 1.267123 -0.208090 -0.125912
v 1.265817 -0.205878 -0.127699
v 1.264979 -0.203090 -0.128847
v 1.264690 -0.200000 -0.129242
v 1.264690 0.200000 -0.129242
v 1.264979 0.203090 -0.128847
v 1.265817 0.205878 -0.127699
v 1.267123 0.208090 -0.125912
v 1.268768 0.209511 -0.123659
v 1.270593 0.210000 -0.121162
v 1.279772 -0.210000 -0.128406
v 1.277764 -0.209511 -0.130757
v 1.275952 -0.208090 -0.132879
v 1.274515 -0.205878 -0.134563
v 1.273592 -0.203090 -0.135644
v 1.273274 -0.200000 -0.136016
v 1.273274 0.200000 -0.136016
v 1.273592 0.203090 -0.135644
v 1.274515 0.205878 -0.134563
v 1.275952 0.208090 -0.132879
v 1.277764 0.209511 -0.130757
v 1.279772 0.210000 -0.128406
v 1.288000 -0.210000 -0.136000
v 1.285802 -0.209511 -0.138176
v 1.283819 -0.208090 -0.140140
v 1.282245 -0.205878 -0.141698
v 1.281235 -0.203090 -0.142698
v 1.280887 -0.200000 -0.143043
v 1.280887 0.200000 -0.143043
v 1.281235 0.203090 -0.142698
v 1.282245 0.205878 -0.141698
v 1.283819 0.208090 -0.140140
v 1.285802 0.209511 -0.138176
v 1.288000 0.210000 -0.136000
v 1.296199 -0.210000 -0.145062
v 1.293803 -0.209511 -0.147020
v 1.291642 -0.208090 -0.148787
v 1.289928 -0.205878 -0.150189
v 1.288827 -0.203090 -0.151089
v 1.288447 -0.200000 -0.151399
v 1.288447 0.200000 -0.151399
v 1.288827 0.203090 -0.151089
v 1.289928 0.205878 -0.150189
v 1.291642 0.208090 -0.148787
v 1.293803 0.209511 -0.147020
v 1.296199 0.210000 -0.145062
v 1.303338 -0.210000 -0.154745
v 1.300762 -0.209511 -0.156458
v 1.298437 -0.208090 -0.158003
v 1.296593 -0.205878 -0.159229
v 1.295408 -0.203090 -0.160016
v 1.295000 -0.200000 -0.160288
v 1.295000 0.200000 -0.160288
v 1.295408 0.203090 -0.160016
v 1.296593 0.205878 -0.159229
v 1.298437 0.208090 -0.158003
v 1.300762 0.209511 -0.156458
v 1.303338 0.210000 -0.154745
v 1.309485 -0.210000 -0.165047
v 1.306758 -0.209511 -0.166508
v 1.304298 -0.208090 -0.167826
v 1.302346 -0.205878 -0.168873
v 1.301093 -0.203090 -0.169544
v 1.300661 -0.200000 -0.169776
v 1.300661 0.200000 -0.169776
v 1.301093 0.203090 -0.169544
v 1.302346 0.205878 -0.168873
v 1.304298 0.208090 -0.167826
v 1.306758 0.209511 -0.166508
v 1.309485 0.210000 -0.165047
v 1.314704 -0.210000 -0.175963
v 1.311860 -0.209511 -0.177178
v 1.309294 -0.208090 -0.178274
v 1.307258 -0.205878 -0.179144
v 1.305950 -0.203090 -0.179703
v 1.305500 -0.200000 -0.179895
v 1.305500 0.200000 -0.179895
v 1.305950 0.203090 -0.179703
v 1.307258 0.205878 -0.179144
v 1.309294 0.208090 -0.178274
v 1.311860 0.209511 -0.177178
v 1.314704 0.210000 -0.175963
v 1.319062 -0.210000 -0.187490
v 1.316130 -0.209511 -0.188473
v 1.313485 -0.208090 -0.189360
v 1.311386 -0.205878 -0.190064
v 1.310038 -0.203090 -0.190516
v 1.309574 -0.200000 -0.190672
v 1.309574 0.200000 -0.190672
v 1.310038 0.203090 -0.190516
v 1.311386 0.205878 -0.190064
v 1.313485 0.208090 -0.189360
v 1.316130 0.209511 -0.188473
v 1.319062 0.210000 -0.187490
v 1.322625 -0.210000 -0.199625
v 1.319631 -0.209511 -0.200397
v 1.316930 -0.208090 -0.201093
v 1.314787 -0.205878 -0.201645
v 1.313410 -0.203090 -0.202000
v 1.312936 -0.200000 -0.202122
v 1.312936 0.200000 -0.202122
v 1.313410 0.203090 -0.202000
v 1.314787 0.205878 -0.201645
v 1.316930 0.208090 -0.201093
v 1.319631 0.209511 -0.200397
v 1.322625 0.210000 -0.199625
v 1.325459 -0.210000 -0.212364
v 1.322423 -0.209511 -0.212948
v 1.319685 -0.208090 -0.213475
v 1.317511 -0.205878 -0.213893
v 1.316116 -0.203090 -0.214162
v 1.315635 -0.200000 -0.214254
v 1.315635 0.200000 -0.214254
v 1.316116 0.203090 -0.214162
v 1.317511 0.205878 -0.213893
v 1.319685 0.208090 -0.213475
v 1.322423 0.209511 -0.212948
v 1.325459 0.210000 -0.212364
v 1.327630 -0.210000 -0.225704
v 1.324568 -0.209511 -0.226125
v 1.321805 -0.208090 -0.226506
v 1.319613 -0.205878 -0.226808
v 1.318205 -0.203090 -0.227002
v 1.317720 -0.200000 -0.227069
v 1.317720 0.200000 -0.227069
v 1.318205 0.203090 -0.227002
v 1.319613 0.205878 -0.226808
v 1.321805 0.208090 -0.226506
v 1.324568 0.209511 -0.226125
v 1.327630 0.210000 -0.225704
v 1.329203 -0.210000 -0.239641
v 1.326126 -0.209511 -0.239925
v 1.323349 -0.208090 -0.240181
v 1.321146 -0.205878 -0.240384
v 1.319731 -0.203090 -0.240515
v 1.319243 -0.200000 -0.240560
v 1.319243 0.200000 -0.240560
v 1.319731 0.203090 -0.240515
v 1.321146 0.205878 -0.240384
v 1.323349 0.208090 -0.240181
v 1.326126 0.209511 -0.239925
v 1.329203 0.210000 -0.239641
v 1.330245 -0.210000 -0.254171
v 1.327160 -0.209511 -0.254341
v 1.324376 -0.208090 -0.254494
v 1.322166 -0.205878 -0.254615
v 1.320748 -0.203090 -0.254693
v 1.320259 -0.200000 -0.254720
v 1.320259 0.200000 -0.254720
v 1.320748 0.203090 -0.254693
v 1.322166 0.205878 -0.254615
v 1.324376 0.208090 -0.254494
v 1.327160 0.209511 -0.254341
v 1.330245 0.210000 -0.254171
v 1.330822 -0.210000 -0.269292
v 1.327733 -0.209511 -0.269369
v 1.324946 -0.208090 -0.269438
v 1.322734 -0.205878 -0.269492
v 1.321314 -0.203090 -0.269527
v 1.320825 -0.200000 -0.269540
v 1.320825 0.200000 -0.269540
v 1.321314 0.203090 -0.269527
v 1.322734 0.205878 -0.269492
v 1.324946 0.208090 -0.269438
v 1.327733 0.209511 -0.269369
v 1.330822 0.210000 -0.269292
v 1.331000 -0.210000 -0.285000
v 1.327910 -0.209511 -0.285017
v 1.325122 -0.208090 -0.285033
v 1.322910 -0.205878 -0.285046
v 1.321490 -0.203090 -0.285054
v 1.321000 -0.200000 -0.285057
v 1.321000 0.200000 -0.285057
v 1.321490 0.203090 -0.285054
v 1.322910 0.205878 -0.285046
v 1.325122 0.208090 -0.285033
v 1.327910 0.209511 -0.285017
v 1.331000 0.210000 -0.285000
v 1.331000 -0.210000 -0.682000
v 1.327910 -0.209511 -0.685090
v 1.325122 -0.208090 -0.687878
v 1.322910 -0.205878 -0.690090
v 1.321490 -0.203090 -0.691511
v 1.321000 -0.200000 -0.692000
v 1.321000 0.200000 -0.692000
v 1.321490 0.203090 -0.691511
v 1.322910 0.205878 -0.690090
v 1.325122 0.208090 -0.687878
v 1.327910 0.209511 -0.685090
v 1.331000 0.210000 -0.682000
v 1.429000 -0.210000 -0.682000
v 1.432090 -0.209511 -0.685090
v 1.434878 -0.208090 -0.687878
v 1.437090 -0.205878 -0.690090
v 1.438511 -0.203090 -0.691511
v 1.439000 -0.200000 -0.692000
v 1.439000 0.200000 -0.692000
v 1.438511 0.203090 -0.691511
v 1.437090 0.205878 -0.690090
v 1.434878 0.208090 -0.687878
v 1.432090 0.209511 -0.685090
v 1.429000 0.210000 -0.682000
v 1.429000 -0.210000 -0.268000
v 1.432090 -0.209511 -0.267921
v 1.434878 -0.208090 -0.267849
v 1.437090 -0.205878 -0.267792
v 1.438511 -0.203090 -0.267756
v 1.439000 -0.200000 -0.267743
v 1.439000 0.200000 -0.267743
v 1.438511 0.203090 -0.267756
v 1.437090 0.205878 -0.267792
v 1.434878 0.208090 -0.267849
v 1.432090 0.209511 -0.267921
v 1.429000 0.210000 -0.268000
v 2.009000 -0.210000 0.000000
v 2.007746 -0.209511 0.003090
v 2.006616 -0.208090 0.005878
v 2.005718 -0.205878 0.008090
v 2.005142 -0.203090 0.009511
v 2.004943 -0.200000 0.010000
v 2.004943 0.200000 0.010000
v 2.005142 0.203090 0.009511
v 2.005718 0.205878 0.008090
v 2.006616 0.208090 0.005878
v 2.007746 0.209511 0.003090
v 2.009000 0.210000 0.000000
v 1.662000 -0.210000 -0.337000
v 1.665090 -0.209511 -0.329691
v 1.667878 -0.208090 -0.323098
v 1.670090 -0.205878 -0.317865
v 1.671511 -0.203090 -0.314506
v 1.672000 -0.200000 -0.313348
v 1.672000 0.200000 -0.313348
v 1.671511 0.203090 -0.314506
v 1.670090 0.205878 -0.317865
v 1.667878 0.208090 -0.323098
v 1.665090 0.209511 -0.329691
v 1.662000 0.210000 -0.337000
v 1.662000 -0.210000 0.000000
v 1.665090 -0.209511 0.003090
v 1.667878 -0.208090 0.005878
v 1.670090 -0.205878 0.008090
v 1.671511 -0.203090 0.009511
v 1.672000 -0.200000 0.010000
v 1.672000 0.200000 0.010000
v 1.671511 0.203090 0.009511
v 1.670090 0.205878 0.008090
v 1.667878 0.208090 0.005878
v 1.665090 0.209511 0.003090
v 1.662000 0.210000 0.000000
v 1.564000 -0.210000 0.000000
v 1.560910 -0.209511 0.003090
v 1.558122 -0.208090 0.005878
v 1.555910 -0.205878 0.008090
v 1.554490 -0.203090 0.009511
v 1.554000 -0.200000 0.010000
v 1.554000 0.200000 0.010000
v 1.554490 0.203090 0.009511
v 1.555910 0.205878 0.008090
v 1.558122 0.208090 0.005878
v 1.560910 0.209511 0.003090
v 1.564000 0.210000 0.000000
v 1.564000 -0.210000 -0.682000
v 1.560910 -0.209511 -0.685090
v 1.558122 -0.208090 -0.687878
v 1.555910 -0.205878 -0.690090
v 1.554490 -0.203090 -0.691511
v 1.554000 -0.200000 -0.692000
v 1.554000 0.200000 -0.692000
v 1.554490 0.203090 -0.691511
v 1.555910 0.205878 -0.690090
v 1.558122 0.208090 -0.687878
v 1.560910 0.209511 -0.685090
v 1.564000 0.210000 -0.682000
v 1.662000 -0.210000 -0.682000
v 1.665090 -0.209511 -0.685090
v 1.667878 -0.208090 -0.687878
v 1.670090 -0.205878 -0.690090
v 1.671511 -0.203090 -0.691511
v 1.672000 -0.200000 -0.692000
v 1.672000 0.200000 -0.692000
v 1.671511 0.203090 -0.691511
v 1.670090 0.205878 -0.690090
v 1.667878 0.208090 -0.687878
v 1.665090 0.209511 -0.685090
v 1.662000 0.210000 -0.682000
v 1.662000 -0.210000 -0.370000
v 1.665090 -0.209511 -0.377924
v 1.667878 -0.208090 -0.385072
v 1.670090 -0.205878 -0.390745
v 1.671511 -0.203090 -0.394387
v 1.672000 -0.200000 -0.395642
v 1.672000 0.200000 -0.395642
v 1.671511 0.203090 -0.394387
v 1.670090 0.205878 -0.390745
v 1.667878 0.208090 -0.385072
v 1.665090 0.209511 -0.377924
v 1.662000 0.210000 -0.370000
v 1.949000 -0.210000 -0.682000
v 1.947644 -0.209511 -0.685090
v 1.946421 -0.208090 -0.687878
v 1.945450 -0.205878 -0.690090
v 1.944826 -0.203090 -0.691511
v 1.944611 -0.200000 -0.692000
v 1.944611 0.200000 -0.692000
v 1.944826 0.203090 -0.691511
v 1.945450 0.205878 -0.690090
v 1.946421 0.208090 -0.687878
v 1.947644 0.209511 -0.685090
v 1.949000 0.210000 -0.682000
v 2.071000 -0.210000 -0.682000
v 2.078039 -0.209511 -0.685090
v 2.084390 -0.208090 -0.687878
v 2.089429 -0.205878 -0.690090
v 2.092665 -0.203090 -0.691511
v 2.093780 -0.200000 -0.692000
v 2.093780 0.200000 -0.692000
v 2.092665 0.203090 -0.691511
v 2.089429 0.205878 -0.690090
v 2.084390 0.208090 -0.687878
v 2.078039 0.209511 -0.685090
v 2.071000 0.210000 -0.682000
v 1.774000 -0.210000 -0.359000
v 1.778311 -0.209511 -0.359123
v 1.782200 -0.208090 -0.359234
v 1.785286 -0.205878 -0.359322
v 1.787268 -0.203090 -0.359378
v 1.787951 -0.200000 -0.359398
v 1.787951 0.200000 -0.359398
v 1.787268 0.203090 -0.359378
v 1.785286 0.205878 -0.359322
v 1.782200 0.208090 -0.359234
v 1.778311 0.209511 -0.359123
v 1.774000 0.210000 -0.359000
v 2.144000 -0.210000 0.000000
v 2.151623 -0.209511 0.003090
v 2.158499 -0.208090 0.005878
v 2.163956 -0.205878 0.008090
v 2.167459 -0.203090 0.009511
v 2.168667 -0.200000 0.010000
v 2.168667 0.200000 0.010000
v 2.167459 0.203090 0.009511
v 2.163956 0.205878 0.008090
v 2.158499 0.208090 0.005878
v 2.151623 0.209511 0.003090
v 2.144000 0.210000 0.000000
v 2.362942 -0.210000 0.006124
v 2.362381 -0.209511 0.009176
v 2.361874 -0.208090 0.011929
v 2.361472 -0.205878 0.014115
v 2.361214 -0.203090 0.015518
v 2.361125 -0.200000 0.016001
v 2.361125 0.200000 0.016001
v 2.361214 0.203090 0.015518
v 2.361472 0.205878 0.014115
v 2.361874 0.208090 0.011929
v 2.362381 0.209511 0.009176
v 2.362942 0.210000 0.006124
v 2.332870 -0.210000 -0.002343
v 2.331757 -0.209511 0.000554
v 2.330753 -0.208090 0.003168
v 2.329956 -0.205878 0.005242
v 2.329444 -0.203090 0.006573
v 2.329268 -0.200000 0.007032
v 2.329268 0.200000 0.007032
v 2.329444 0.203090 0.006573
v 2.329956 0.205878 0.005242
v 2.330753 0.208090 0.003168
v 2.331757 0.209511 0.000554
v 2.332870 0.210000 -0.002343
v 2.304937 -0.210000 -0.016156
v 2.303323 -0.209511 -0.013507
v 2.301866 -0.208090 -0.011118
v 2.300710 -0.205878 -0.009222
v 2.299968 -0.203090 -0.008004
v 2.299712 -0.200000 -0.007584
v 2.299712 0.200000 -0.007584
v 2.299968 0.203090 -0.008004
v 2.300710 0.205878 -0.009222
v 2.301866 0.208090 -0.011118
v 2.303323 0.209511 -0.013507
v 2.304937 0.210000 -0.016156
v 2.279296 -0.210000 -0.035074
v 2.277260 -0.209511 -0.032737
v 2.275422 -0.208090 -0.030628
v 2.273964 -0.205878 -0.028954
v 2.273028 -0.203090 -0.027880
v 2.272705 -0.200000 -0.027510
v 2.272705 0.200000 -0.027510
v 2.273028 0.203090 -0.027880
v 2.273964 0.205878 -0.028954
v 2.275422 0.208090 -0.030628
v 2.277260 0.209511 -0.032737
v 2.279296 0.210000 -0.035074
v 2.256099 -0.210000 -0.058853
v 2.253730 -0.209511 -0.056856
v 2.251593 -0.208090 -0.055055
v 2.249897 -0.205878 -0.053626
v 2.248808 -0.203090 -0.052708
v 2.248433 -0.200000 -0.052392
v 2.248433 0.200000 -0.052392
v 2.248808 0.203090 -0.052708
v 2.249897 0.205878 -0.053626
v 2.251593 0.208090 -0.055055
v 2.253730 0.209511 -0.056856
v 2.256099 0.210000 -0.058853
v 2.235500 -0.210000 -0.087250
v 2.232882 -0.209511 -0.085597
v 2.230519 -0.208090 -0.084106
v 2.228645 -0.205878 -0.082922
v 2.227441 -0.203090 -0.082162
v 2.227026 -0.200000 -0.081900
v 2.227026 0.200000 -0.081900
v 2.227441 0.203090 -0.082162
v 2.228645 0.205878 -0.082922
v 2.230519 0.208090 -0.084106
v 2.232882 0.209511 -0.085597
v 2.235500 0.210000 -0.087250
v 2.217650 -0.210000 -0.120022
v 2.214852 -0.209511 -0.118699
v 2.212328 -0.208090 -0.117505
v 2.210325 -0.205878 -0.116557
v 2.209039 -0.203090 -0.115949
v 2.208596 -0.200000 -0.115740
v 2.208596 0.200000 -0.115740
v 2.209039 0.203090 -0.115949
v 2.210325 0.205878 -0.116557
v 2.212328 0.208090 -0.117505
v 2.214852 0.209511 -0.118699
v 2.217650 0.210000 -0.120022
v 2.202704 -0.210000 -0.156926
v 2.199781 -0.209511 -0.155911
v 2.197144 -0.208090 -0.154995
v 2.195051 -0.205878 -0.154269
v 2.193708 -0.203090 -0.153802
v 2.193245 -0.200000 -0.153641
v 2.193245 0.200000 -0.153641
v 2.193708 0.203090 -0.153802
v 2.195051 0.205878 -0.154269
v 2.197144 0.208090 -0.154995
v 2.199781 0.209511 -0.155911
v 2.202704 0.210000 -0.156926
v 2.190813 -0.210000 -0.197719
v 2.187807 -0.209511 -0.196989
v 2.185095 -0.208090 -0.196330
v 2.182943 -0.205878 -0.195807
v 2.181561 -0.203090 -0.195471
v 2.181085 -0.200000 -0.195356
v 2.181085 0.200000 -0.195356
v 2.181561 0.203090 -0.195471
v 2.182943 0.205878 -0.195807
v 2.185095 0.208090 -0.196330
v 2.187807 0.209511 -0.196989
v 2.190813 0.210000 -0.197719
v 2.182130 -0.210000 -0.242157
v 2.179072 -0.209511 -0.241690
v 2.176315 -0.208090 -0.241267
v 2.174126 -0.205878 -0.240932
v 2.172721 -0.203090 -0.240717
v 2.172236 -0.200000 -0.240643
v 2.172236 0.200000 -0.240643
v 2.172721 0.203090 -0.240717
v 2.174126 0.205878 -0.240932
v 2.176315 0.208090 -0.241267
v 2.179072 0.209511 -0.241690
v 2.182130 0.210000 -0.242157
v 2.176808 -0.210000 -0.289999
v 2.173724 -0.209511 -0.289773
v 2.170942 -0.208090 -0.289569
v 2.168734 -0.205878 -0.289408
v 2.167316 -0.203090 -0.289304
v 2.166827 -0.200000 -0.289268
v 2.166827 0.200000 -0.289268
v 2.167316 0.203090 -0.289304
v 2.168734 0.205878 -0.289408
v 2.170942 0.208090 -0.289569
v 2.173724 0.209511 -0.289773
v 2.176808 0.210000 -0.289999
v 2.175000 -0.210000 -0.341000
v 2.171908 -0.209511 -0.341000
v 2.169118 -0.208090 -0.341000
v 2.166905 -0.205878 -0.341000
v 2.165483 -0.203090 -0.341000
v 2.164994 -0.200000 -0.341000
v 2.164994 0.200000 -0.341000
v 2.165483 0.203090 -0.341000
v 2.166905 0.205878 -0.341000
v 2.169118 0.208090 -0.341000
v 2.171908 0.209511 -0.341000
v 2.175000 0.210000 -0.341000
v 2.176808 -0.210000 -0.392001
v 2.173724 -0.209511 -0.392227
v 2.170942 -0.208090 -0.392431
v 2.168734 -0.205878 -0.392593
v 2.167316 -0.203090 -0.392696
v 2.166828 -0.200000 -0.392732
v 2.166828 0.200000 -0.392732
v 2.167316 0.203090 -0.392696
v 2.168734 0.205878 -0.392593
v 2.170942 0.208090 -0.392431
v 2.173724 0.209511 -0.392227
v 2.176808 0.210000 -0.392001
v 2.182130 -0.210000 -0.439843
v 2.179073 -0.209511 -0.440311
v 2.176315 -0.208090 -0.440733
v 2.174126 -0.205878 -0.441068
v 2.172721 -0.203090 -0.441283
v 2.172237 -0.200000 -0.441357
v 2.172237 0.200000 -0.441357
v 2.172721 0.203090 -0.441283
v 2.174126 0.205878 -0.441068
v 2.176315 0.208090 -0.440733
v 2.179073 0.209511 -0.440311
v 2.182130 0.210000 -0.439843
v 2.190813 -0.210000 -0.484281
v 2.187807 -0.209511 -0.485012
v 2.185095 -0.208090 -0.485670
v 2.182943 -0.205878 -0.486193
v 2.181561 -0.203090 -0.486529
v 2.181085 -0.200000 -0.486644
v 2.181085 0.200000 -0.486644
v 2.181561 0.203090 -0.486529
v 2.182943 0.205878 -0.486193
v 2.185095 0.208090 -0.485670
v 2.187807 0.209511 -0.485012
v 2.190813 0.210000 -0.484281
v 2.202704 -0.210000 -0.525074
v 2.199781 -0.209511 -0.526089
v 2.197144 -0.208090 -0.527005
v 2.195052 -0.205878 -0.527732
v 2.193708 -0.203090 -0.528198
v 2.193245 -0.200000 -0.528359
v 2.193245 0.200000 -0.528359
v 2.193708 0.203090 -0.528198
v 2.195052 0.205878 -0.527732
v 2.197144 0.208090 -0.527005
v 2.199781 0.209511 -0.526089
v 2.202704 0.210000 -0.525074
v 2.217651 -0.210000 -0.561978
v 2.214853 -0.209511 -0.563301
v 2.212328 -0.208090 -0.564495
v 2.210325 -0.205878 -0.565443
v 2.209039 -0.203090 -0.566051
v 2.208596 -0.200000 -0.566261
v 2.208596 0.200000 -0.566261
v 2.209039 0.203090 -0.566051
v 2.210325 0.205878 -0.565443
v 2.212328 0.208090 -0.564495
v 2.214853 0.209511 -0.563301
v 2.217651 0.210000 -0.561978
v 2.235500 -0.210000 -0.594750
v 2.232882 -0.209511 -0.596403
v 2.230520 -0.208090 -0.597895
v 2.228645 -0.205878 -0.599078
v 2.227442 -0.203090 -0.599838
v 2.227027 -0.200000 -0.600100
v 2.227027 0.200000 -0.600100
v 2.227442 0.203090 -0.599838
v 2.228645 0.205878 -0.599078
v 2.230520 0.208090 -0.597895
v 2.232882 0.209511 -0.596403
v 2.235500 0.210000 -0.594750
v 2.256100 -0.210000 -0.623147
v 2.253731 -0.209511 -0.625144
v 2.251593 -0.208090 -0.626945
v 2.249897 -0.205878 -0.628375
v 2.248808 -0.203090 -0.629292
v 2.248433 -0.200000 -0.629609
v 2.248433 0.200000 -0.629609
v 2.248808 0.203090 -0.629292
v 2.249897 0.205878 -0.628375
v 2.251593 0.208090 -0.626945
v 2.253731 0.209511 -0.625144
v 2.256100 0.210000 -0.623147
v 2.279296 -0.210000 -0.646926
v 2.277260 -0.209511 -0.649264
v 2.275422 -0.208090 -0.651372
v 2.273964 -0.205878 -0.653046
v 2.273028 -0.203090 -0.654120
v 2.272706 -0.200000 -0.654491
v 2.272706 0.200000 -0.654491
v 2.273028 0.203090 -0.654120
v 2.273964 0.205878 -0.653046
v 2.275422 0.208090 -0.651372
v 2.277260 0.209511 -0.649264
v 2.279296 0.210000 -0.646926
v 2.304938 -0.210000 -0.665844
v 2.303323 -0.209511 -0.668493
v 2.301866 -0.208090 -0.670882
v 2.300710 -0.205878 -0.672779
v 2.299968 -0.203090 -0.673996
v 2.299712 -0.200000 -0.674416
v 2.299712 0.200000 -0.674416
v 2.299968 0.203090 -0.673996
v 2.300710 0.205878 -0.672779
v 2.301866 0.208090 -0.670882
v 2.303323 0.209511 -0.668493
v 2.304938 0.210000 -0.665844
v 2.332870 -0.210000 -0.679657
v 2.331757 -0.209511 -0.682554
v 2.330753 -0.208090 -0.685168
v 2.329956 -0.205878 -0.687242
v 2.329445 -0.203090 -0.688573
v 2.329268 -0.200000 -0.689032
v 2.329268 0.200000 -0.689032
v 2.329445 0.203090 -0.688573
v 2.329956 0.205878 -0.687242
v 2.330753 0.208090 -0.685168
v 2.331757 0.209511 -0.682554
v 2.332870 0.210000 -0.679657
v 2.362942 -0.210000 -0.688124
v 2.362381 -0.209511 -0.691176
v 2.361874 -0.208090 -0.693929
v 2.361472 -0.205878 -0.696115
v 2.361214 -0.203090 -0.697518
v 2.361125 -0.200000 -0.698001
v 2.361125 0.200000 -0.698001
v 2.361214 0.203090 -0.697518
v 2.361472 0.205878 -0.696115
v 2.361874 0.208090 -0.693929
v 2.362381 0.209511 -0.691176
v 2.362942 0.210000 -0.688124
v 2.395000 -0.210000 -0.691000
v 2.395000 -0.209511 -0.694103
v 2.395000 -0.208090 -0.696902
v 2.395000 -0.205878 -0.699123
v 2.395000 -0.203090 -0.700549
v 2.395000 -0.200000 -0.701040
v 2.395000 0.200000 -0.701040
v 2.395000 0.203090 -0.700549
v 2.395000 0.205878 -0.699123
v 2.395000 0.208090 -0.696902
v 2.395000 0.209511 -0.694103
v 2.395000 0.210000 -0.691000
v 2.427058 -0.210000 -0.688124
v 2.427619 -0.209511 -0.691176
v 2.428126 -0.208090 -0.693930
v 2.428528 -0.205878 -0.696115
v 2.428786 -0.203090 -0.697518
v 2.428875 -0.200000 -0.698001
v 2.428875 0.200000 -0.698001
v 2.428786 0.203090 -0.697518
v 2.428528 0.205878 -0.696115
v 2.428126 0.208090 -0.693930
v 2.427619 0.209511 -0.691176
v 2.427058 0.210000 -0.688124
v 2.457130 -0.210000 -0.679658
v 2.458243 -0.209511 -0.682554
v 2.459247 -0.208090 -0.685168
v 2.460044 -0.205878 -0.687242
v 2.460556 -0.203090 -0.688573
v 2.460732 -0.200000 -0.689032
v 2.460732 0.200000 -0.689032
v 2.460556 0.203090 -0.688573
v 2.460044 0.205878 -0.687242
v 2.459247 0.208090 -0.685168
v 2.458243 0.209511 -0.682554
v 2.457130 0.210000 -0.679658
v 2.485063 -0.210000 -0.665844
v 2.486677 -0.209511 -0.668493
v 2.488134 -0.208090 -0.670882
v 2.489290 -0.205878 -0.672779
v 2.490032 -0.203090 -0.673996
v 2.490288 -0.200000 -0.674416
v 2.490288 0.200000 -0.674416
v 2.490032 0.203090 -0.673996
v 2.489290 0.205878 -0.672779
v 2.488134 0.208090 -0.670882
v 2.486677 0.209511 -0.668493
v 2.485063 0.210000 -0.665844
v 2.510704 -0.210000 -0.646926
v 2.512740 -0.209511 -0.649264
v 2.514578 -0.208090 -0.651372
v 2.516036 -0.205878 -0.653046
v 2.516972 -0.203090 -0.654120
v 2.517295 -0.200000 -0.654490
v 2.517295 0.200000 -0.654490
v 2.516972 0.203090 -0.654120
v 2.516036 0.205878 -0.653046
v 2.514578 0.208090 -0.651372
v 2.512740 0.209511 -0.649264
v 2.510704 0.210000 -0.646926
v 2.533900 -0.210000 -0.623147
v 2.536270 -0.209511 -0.625144
v 2.538407 -0.208090 -0.626945
v 2.540103 -0.205878 -0.628375
v 2.541192 -0.203090 -0.629292
v 2.541567 -0.200000 -0.629609
v 2.541567 0.200000 -0.629609
v 2.541192 0.203090 -0.629292
v 2.540103 0.205878 -0.628375
v 2.538407 0.208090 -0.626945
v 2.536270 0.209511 -0.625144
v 2.533900 0.210000 -0.623147
v 2.554500 -0.210000 -0.594750
v 2.557118 -0.209511 -0.596403
v 2.559481 -0.208090 -0.597894
v 2.561355 -0.205878 -0.599078
v 2.562559 -0.203090 -0.599838
v 2.562973 -0.200000 -0.600100
v 2.562973 0.200000 -0.600100
v 2.562559 0.203090 -0.599838
v 2.561355 0.205878 -0.599078
v 2.559481 0.208090 -0.597894
v 2.557118 0.209511 -0.596403
v 2.554500 0.210000 -0.594750
v 2.572350 -0.210000 -0.561978
v 2.575148 -0.209511 -0.563301
v 2.577672 -0.208090 -0.564495
v 2.579675 -0.205878 -0.565443
v 2.580961 -0.203090 -0.566051
v 2.581404 -0.200000 -0.566260
v 2.581404 0.200000 -0.566260
v 2.580961 0.203090 -0.566051
v 2.579675 0.205878 -0.565443
v 2.577672 0.208090 -0.564495
v 2.575148 0.209511 -0.563301
v 2.572350 0.210000 -0.561978
v 2.587296 -0.210000 -0.525074
v 2.590219 -0.209511 -0.526089
v 2.592856 -0.208090 -0.527005
v 2.594949 -0.205878 -0.527731
v 2.596292 -0.203090 -0.528198
v 2.596755 -0.200000 -0.528359
v 2.596755 0.200000 -0.528359
v 2.596292 0.203090 -0.528198
v 2.594949 0.205878 -0.527731
v 2.592856 0.208090 -0.527005
v 2.590219 0.209511 -0.526089
v 2.587296 0.210000 -0.525074
v 2.599187 -0.210000 -0.484281
v 2.602193 -0.209511 -0.485011
v 2.604905 -0.208090 -0.485670
v 2.607057 -0.205878 -0.486193
v 2.608439 -0.203090 -0.486529
v 2.608915 -0.200000 -0.486644
v 2.608915 0.200000 -0.486644
v 2.608439 0.203090 -0.486529
v 2.607057 0.205878 -0.486193
v 2.604905 0.208090 -0.485670
v 2.602193 0.209511 -0.485011
v 2.599187 0.210000 -0.484281
v 2.607870 -0.210000 -0.439843
v 2.610928 -0.209511 -0.440311
v 2.613685 -0.208090 -0.440733
v 2.615874 -0.205878 -0.441068
v 2.617279 -0.203090 -0.441283
v 2.617764 -0.200000 -0.441357
v 2.617764 0.200000 -0.441357
v 2.617279 0.203090 -0.441283
v 2.615874 0.205878 -0.441068
v 2.613685 0.208090 -0.440733
v 2.610928 0.209511 -0.440311
v 2.607870 0.210000 -0.439843
v 2.613192 -0.210000 -0.392001
v 2.616276 -0.209511 -0.392227
v 2.619058 -0.208090 -0.392431
v 2.621266 -0.205878 -0.392593
v 2.622684 -0.203090 -0.392696
v 2.623173 -0.200000 -0.392732
v 2.623173 0.200000 -0.392732
v 2.622684 0.203090 -0.392696
v 2.621266 0.205878 -0.392593
v 2.619058 0.208090 -0.392431
v 2.616276 0.209511 -0.392227
v 2.613192 0.210000 -0.392001
v 2.615000 -0.210000 -0.341000
v 2.618092 -0.209511 -0.341000
v 2.620882 -0.208090 -0.341000
v 2.623095 -0.205878 -0.341000
v 2.624516 -0.203090 -0.341000
v 2.625006 -0.200000 -0.341000
v 2.625006 0.200000 -0.341000
v 2.624516 0.203090 -0.341000
v 2.623095 0.205878 -0.341000
v 2.620882 0.208090 -0.341000
v 2.618092 0.209511 -0.341000
v 2.615000 0.210000 -0.341000
v 2.613192 -0.210000 -0.289999
v 2.616276 -0.209511 -0.289773
v 2.619058 -0.208090 -0.289569
v 2.621266 -0.205878 -0.289407
v 2.622684 -0.203090 -0.289304
v 2.623172 -0.200000 -0.289268
v 2.623172 0.200000 -0.289268
v 2.622684 0.203090 -0.289304
v 2.621266 0.205878 -0.289407
v 2.619058 0.208090 -0.289569
v 2.616276 0.209511 -0.289773
v 2.613192 0.210000 -0.289999
v 2.607870 -0.210000 -0.242157
v 2.610927 -0.209511 -0.241690
v 2.613685 -0.208090 -0.241267
v 2.615874 -0.205878 -0.240932
v 2.617279 -0.203090 -0.240717
v 2.617763 -0.200000 -0.240643
v 2.617763 0.200000 -0.240643
v 2.617279 0.203090 -0.240717
v 2.615874 0.205878 -0.240932
v 2.613685 0.208090 -0.241267
v 2.610927 0.209511 -0.241690
v 2.607870 0.210000 -0.242157
v 2.599187 -0.210000 -0.197719
v 2.602193 -0.209511 -0.196989
v 2.604905 -0.208090 -0.196330
v 2.607057 -0.205878 -0.195807
v 2.608438 -0.203090 -0.195471
v 2.608915 -0.200000 -0.195356
v 2.608915 0.200000 -0.195356
v 2.608438 0.203090 -0.195471
v 2.607057 0.205878 -0.195807
v 2.604905 0.208090 -0.196330
v 2.602193 0.209511 -0.196989
v 2.599187 0.210000 -0.197719
v 2.587296 -0.210000 -0.156926
v 2.590219 -0.209511 -0.155911
v 2.592856 -0.208090 -0.154995
v 2.594948 -0.205878 -0.154269
v 2.596292 -0.203090 -0.153802
v 2.596755 -0.200000 -0.153641
v 2.596755 0.200000 -0.153641
v 2.596292 0.203090 -0.153802
v 2.594948 0.205878 -0.154269
v 2.592856 0.208090 -0.154995
v 2.590219 0.209511 -0.155911
v 2.587296 0.210000 -0.156926
v 2.572349 -0.210000 -0.120022
v 2.575147 -0.209511 -0.118699
v 2.577672 -0.208090 -0.117505
v 2.579675 -0.205878 -0.116557
v 2.580961 -0.203090 -0.115949
v 2.581404 -0.200000 -0.115740
v 2.581404 0.200000 -0.115740
v 2.580961 0.203090 -0.115949
v 2.579675 0.205878 -0.116557
v 2.577672 0.208090 -0.117505
v 2.575147 0.209511 -0.118699
v 2.572349 0.210000 -0.120022
v 2.554500 -0.210000 -0.087250
v 2.557118 -0.209511 -0.085597
v 2.559480 -0.208090 -0.084106
v 2.561355 -0.205878 -0.082922
v 2.562558 -0.203090 -0.082162
v 2.562973 -0.200000 -0.081900
v 2.562973 0.200000 -0.081900
v 2.562558 0.203090 -0.082162
v 2.561355 0.205878 -0.082922
v 2.559480 0.208090 -0.084106
v 2.557118 0.209511 -0.085597
v 2.554500 0.210000 -0.087250
v 2.533900 -0.210000 -0.058853
v 2.536269 -0.209511 -0.056856
v 2.538407 -0.208090 -0.055055
v 2.540103 -0.205878 -0.053626
v 2.541192 -0.203090 -0.052708
v 2.541567 -0.200000 -0.052392
v 2.541567 0.200000 -0.052392
v 2.541192 0.203090 -0.052708
v 2.540103 0.205878 -0.053626
v 2.538407 0.208090 -0.055055
v 2.536269 0.209511 -0.056856
v 2.533900 0.210000 -0.058853
v 2.510704 -0.210000 -0.035074
v 2.512740 -0.209511 -0.032737
v 2.514578 -0.208090 -0.030628
v 2.516036 -0.205878 -0.028954
v 2.516972 -0.203090 -0.027880
v 2.517294 -0.200000 -0.027510
v 2.517294 0.200000 -0.027510
v 2.516972 0.203090 -0.027880
v 2.516036 0.205878 -0.028954
v 2.514578 0.208090 -0.030628
v 2.512740 0.209511 -0.032737
v 2.510704 0.210000 -0.035074
v 2.485062 -0.210000 -0.016156
v 2.486677 -0.209511 -0.013507
v 2.488134 -0.208090 -0.011118
v 2.489290 -0.205878 -0.009221
v 2.490032 -0.203090 -0.008004
v 2.490288 -0.200000 -0.007584
v 2.490288 0.200000 -0.007584
v 2.490032 0.203090 -0.008004
v 2.489290 0.205878 -0.009221
v 2.488134 0.208090 -0.011118
v 2.486677 0.209511 -0.013507
v 2.485062 0.210000 -0.016156
v 2.457129 -0.210000 -0.002343
v 2.458243 -0.209511 0.000554
v 2.459247 -0.208090 0.003168
v 2.460044 -0.205878 0.005242
v 2.460555 -0.203090 0.006573
v 2.460732 -0.200000 0.007032
v 2.460732 0.200000 0.007032
v 2.460555 0.203090 0.006573
v 2.460044 0.205878 0.005242
v 2.459247 0.208090 0.003168
v 2.458243 0.209511 0.000554
v 2.457129 0.210000 -0.002343
v 2.427058 -0.210000 0.006124
v 2.427619 -0.209511 0.009176
v 2.428126 -0.208090 0.011929
v 2.428528 -0.205878 0.014115
v 2.428786 -0.203090 0.015518
v 2.428875 -0.200000 0.016001
v 2.428875 0.200000 0.016001
v 2.428786 0.203090 0.015518
v 2.428528 0.205878 0.014115
v 2.428126 0.208090 0.011929
v 2.427619 0.209511 0.009176
v 2.427058 0.210000 0.006124
v 2.395000 -0.210000 0.009000
v 2.395000 -0.209511 0.012103
v 2.395000 -0.208090 0.014901
v 2.395000 -0.205878 0.017123
v 2.395000 -0.203090 0.018549
v 2.395000 -0.200000 0.019040
v 2.395000 0.200000 0.019040
v 2.395000 0.203090 0.018549
v 2.395000 0.205878 0.017123
v 2.395000 0.208090 0.014901
v 2.395000 0.209511 0.012103
v 2.395000 0.210000 0.009000
v 2.376635 -0.210000 -0.595999
v 2.377318 -0.209511 -0.592965
v 2.377934 -0.208090 -0.590228
v 2.378423 -0.205878 -0.588056
v 2.378737 -0.203090 -0.586661
v 2.378845 -0.200000 -0.586181
v 2.378845 0.200000 -0.586181
v 2.378737 0.203090 -0.586661
v 2.378423 0.205878 -0.588056
v 2.377934 0.208090 -0.590228
v 2.377318 0.209511 -0.592965
v 2.376635 0.210000 -0.595999
v 2.359575 -0.210000 -0.590074
v 2.360912 -0.209511 -0.587267
v 2.362118 -0.208090 -0.584735
v 2.363075 -0.205878 -0.582726
v 2.363690 -0.203090 -0.581435
v 2.363901 -0.200000 -0.580991
v 2.363901 0.200000 -0.580991
v 2.363690 0.203090 -0.581435
v 2.363075 0.205878 -0.582726
v 2.362118 0.208090 -0.584735
v 2.360912 0.209511 -0.587267
v 2.359575 0.210000 -0.590074
v 2.343875 -0.210000 -0.580344
v 2.345766 -0.209511 -0.577880
v 2.347471 -0.208090 -0.575657
v 2.348825 -0.205878 -0.573894
v 2.349694 -0.203090 -0.572761
v 2.349993 -0.200000 -0.572371
v 2.349993 0.200000 -0.572371
v 2.349694 0.203090 -0.572761
v 2.348825 0.205878 -0.573894
v 2.347471 0.208090 -0.575657
v 2.345766 0.209511 -0.577880
v 2.343875 0.210000 -0.580344
v 2.329593 -0.210000 -0.566926
v 2.331901 -0.209511 -0.564855
v 2.333984 -0.208090 -0.562986
v 2.335636 -0.205878 -0.561503
v 2.336697 -0.203090 -0.560551
v 2.337063 -0.200000 -0.560223
v 2.337063 0.200000 -0.560223
v 2.336697 0.203090 -0.560551
v 2.335636 0.205878 -0.561503
v 2.333984 0.208090 -0.562986
v 2.331901 0.209511 -0.564855
v 2.329593 0.210000 -0.566926
v 2.316783 -0.210000 -0.549939
v 2.319382 -0.209511 -0.548253
v 2.321727 -0.208090 -0.546733
v 2.323588 -0.205878 -0.545526
v 2.324783 -0.203090 -0.544751
v 2.325194 -0.200000 -0.544484
v 2.325194 0.200000 -0.544484
v 2.324783 0.203090 -0.544751
v 2.323588 0.205878 -0.545526
v 2.321727 0.208090 -0.546733
v 2.319382 0.209511 -0.548253
v 2.316783 0.210000 -0.549939
v 2.305500 -0.210000 -0.529500
v 2.308293 -0.209511 -0.528165
v 2.310812 -0.208090 -0.526961
v 2.312812 -0.205878 -0.526005
v 2.314096 -0.203090 -0.525391
v 2.314538 -0.200000 -0.525180
v 2.314538 0.200000 -0.525180
v 2.314096 0.203090 -0.525391
v 2.312812 0.205878 -0.526005
v 2.310812 0.208090 -0.526961
v 2.308293 0.209511 -0.528165
v 2.305500 0.210000 -0.529500
v 2.295801 -0.210000 -0.505728
v 2.298719 -0.209511 -0.504700
v 2.301351 -0.208090 -0.503772
v 2.303440 -0.205878 -0.503036
v 2.304782 -0.203090 -0.502563
v 2.305244 -0.200000 -0.502400
v 2.305244 0.200000 -0.502400
v 2.304782 0.203090 -0.502563
v 2.303440 0.205878 -0.503036
v 2.301351 0.208090 -0.503772
v 2.298719 0.209511 -0.504700
v 2.295801 0.210000 -0.505728
v 2.287741 -0.210000 -0.478741
v 2.290738 -0.209511 -0.477977
v 2.293442 -0.208090 -0.477289
v 2.295587 -0.205878 -0.476742
v 2.296965 -0.203090 -0.476392
v 2.297440 -0.200000 -0.476271
v 2.297440 0.200000 -0.476271
v 2.296965 0.203090 -0.476392
v 2.295587 0.205878 -0.476742
v 2.293442 0.208090 -0.477289
v 2.290738 0.209511 -0.477977
v 2.287741 0.210000 -0.478741
v 2.281375 -0.210000 -0.448656
v 2.284421 -0.209511 -0.448122
v 2.287168 -0.208090 -0.447640
v 2.289349 -0.205878 -0.447258
v 2.290748 -0.203090 -0.447012
v 2.291231 -0.200000 -0.446928
v 2.291231 0.200000 -0.446928
v 2.290748 0.203090 -0.447012
v 2.289349 0.205878 -0.447258
v 2.287168 0.208090 -0.447640
v 2.284421 0.209511 -0.448122
v 2.281375 0.210000 -0.448656
v 2.276759 -0.210000 -0.415593
v 2.279833 -0.209511 -0.415258
v 2.282605 -0.208090 -0.414956
v 2.284806 -0.205878 -0.414717
v 2.286218 -0.203090 -0.414563
v 2.286705 -0.200000 -0.414510
v 2.286705 0.200000 -0.414510
v 2.286218 0.203090 -0.414563
v 2.284806 0.205878 -0.414717
v 2.282605 0.208090 -0.414956
v 2.279833 0.209511 -0.415258
v 2.276759 0.210000 -0.415593
v 2.273949 -0.210000 -0.379668
v 2.277036 -0.209511 -0.379509
v 2.279821 -0.208090 -0.379366
v 2.282032 -0.205878 -0.379253
v 2.283451 -0.203090 -0.379180
v 2.283940 -0.200000 -0.379155
v 2.283940 0.200000 -0.379155
v 2.283451 0.203090 -0.379180
v 2.282032 0.205878 -0.379253
v 2.279821 0.208090 -0.379366
v 2.277036 0.209511 -0.379509
v 2.273949 0.210000 -0.379668
v 2.273000 -0.210000 -0.341000
v 2.276091 -0.209511 -0.341000
v 2.278880 -0.208090 -0.341000
v 2.281093 -0.205878 -0.341000
v 2.282513 -0.203090 -0.341000
v 2.283003 -0.200000 -0.341000
v 2.283003 0.200000 -0.341000
v 2.282513 0.203090 -0.341000
v 2.281093 0.205878 -0.341000
v 2.278880 0.208090 -0.341000
v 2.276091 0.209511 -0.341000
v 2.273000 0.210000 -0.341000
v 2.273949 -0.210000 -0.302332
v 2.277036 -0.209511 -0.302491
v 2.279821 -0.208090 -0.302634
v 2.282031 -0.205878 -0.302747
v 2.283450 -0.203090 -0.302820
v 2.283939 -0.200000 -0.302845
v 2.283939 0.200000 -0.302845
v 2.283450 0.203090 -0.302820
v 2.282031 0.205878 -0.302747
v 2.279821 0.208090 -0.302634
v 2.277036 0.209511 -0.302491
v 2.273949 0.210000 -0.302332
v 2.276759 -0.210000 -0.266407
v 2.279832 -0.209511 -0.266742
v 2.282605 -0.208090 -0.267044
v 2.284805 -0.205878 -0.267283
v 2.286218 -0.203090 -0.267437
v 2.286705 -0.200000 -0.267490
v 2.286705 0.200000 -0.267490
v 2.286218 0.203090 -0.267437
v 2.284805 0.205878 -0.267283
v 2.282605 0.208090 -0.267044
v 2.279832 0.209511 -0.266742
v 2.276759 0.210000 -0.266407
v 2.281375 -0.210000 -0.233344
v 2.284420 -0.209511 -0.233878
v 2.287168 -0.208090 -0.234360
v 2.289348 -0.205878 -0.234742
v 2.290748 -0.203090 -0.234988
v 2.291230 -0.200000 -0.235072
v 2.291230 0.200000 -0.235072
v 2.290748 0.203090 -0.234988
v 2.289348 0.205878 -0.234742
v 2.287168 0.208090 -0.234360
v 2.284420 0.209511 -0.233878
v 2.281375 0.210000 -0.233344
v 2.287740 -0.210000 -0.203259
v 2.290738 -0.209511 -0.204023
v 2.293441 -0.208090 -0.204711
v 2.295587 -0.205878 -0.205258
v 2.296965 -0.203090 -0.205608
v 2.297439 -0.200000 -0.205729
v 2.297439 0.200000 -0.205729
v 2.296965 0.203090 -0.205608
v 2.295587 0.205878 -0.205258
v 2.293441 0.208090 -0.204711
v 2.290738 0.209511 -0.204023
v 2.287740 0.210000 -0.203259
v 2.295801 -0.210000 -0.176272
v 2.298719 -0.209511 -0.177300
v 2.301351 -0.208090 -0.178228
v 2.303440 -0.205878 -0.178964
v 2.304781 -0.203090 -0.179437
v 2.305243 -0.200000 -0.179600
v 2.305243 0.200000 -0.179600
v 2.304781 0.203090 -0.179437
v 2.303440 0.205878 -0.178964
v 2.301351 0.208090 -0.178228
v 2.298719 0.209511 -0.177300
v 2.295801 0.210000 -0.176272
v 2.305500 -0.210000 -0.152500
v 2.308293 -0.209511 -0.153835
v 2.310812 -0.208090 -0.155039
v 2.312811 -0.205878 -0.155995
v 2.314095 -0.203090 -0.156609
v 2.314538 -0.200000 -0.156820
v 2.314538 0.200000 -0.156820
v 2.314095 0.203090 -0.156609
v 2.312811 0.205878 -0.155995
v 2.310812 0.208090 -0.155039
v 2.308293 0.209511 -0.153835
v 2.305500 0.210000 -0.152500
v 2.316782 -0.210000 -0.132061
v 2.319381 -0.209511 -0.133747
v 2.321727 -0.208090 -0.135267
v 2.323587 -0.205878 -0.136474
v 2.324782 -0.203090 -0.137249
v 2.325194 -0.200000 -0.137516
v 2.325194 0.200000 -0.137516
v 2.324782 0.203090 -0.137249
v 2.323587 0.205878 -0.136474
v 2.321727 0.208090 -0.135267
v 2.319381 0.209511 -0.133747
v 2.316782 0.210000 -0.132061
v 2.329592 -0.210000 -0.115074
v 2.331901 -0.209511 -0.117145
v 2.333983 -0.208090 -0.119014
v 2.335636 -0.205878 -0.120497
v 2.336697 -0.203090 -0.121449
v 2.337062 -0.200000 -0.121777
v 2.337062 0.200000 -0.121777
v 2.336697 0.203090 -0.121449
v 2.335636 0.205878 -0.120497
v 2.333983 0.208090 -0.119014
v 2.331901 0.209511 -0.117145
v 2.329592 0.210000 -0.115074
v 2.343875 -0.210000 -0.101656
v 2.345766 -0.209511 -0.104120
v 2.347471 -0.208090 -0.106343
v 2.348825 -0.205878 -0.108107
v 2.349694 -0.203090 -0.109239
v 2.349993 -0.200000 -0.109629
v 2.349993 0.200000 -0.109629
v 2.349694 0.203090 -0.109239
v 2.348825 0.205878 -0.108107
v 2.347471 0.208090 -0.106343
v 2.345766 0.209511 -0.104120
v 2.343875 0.210000 -0.101656
v 2.359574 -0.210000 -0.091926
v 2.360911 -0.209511 -0.094733
v 2.362117 -0.208090 -0.097265
v 2.363075 -0.205878 -0.099274
v 2.363689 -0.203090 -0.100565
v 2.363901 -0.200000 -0.101009
v 2.363901 0.200000 -0.101009
v 2.363689 0.203090 -0.100565
v 2.363075 0.205878 -0.099274
v 2.362117 0.208090 -0.097265
v 2.360911 0.209511 -0.094733
v 2.359574 0.210000 -0.091926
v 2.376634 -0.210000 -0.086001
v 2.377317 -0.209511 -0.089035
v 2.377933 -0.208090 -0.091772
v 2.378422 -0.205878 -0.093944
v 2.378736 -0.203090 -0.095339
v 2.378844 -0.200000 -0.095820
v 2.378844 0.200000 -0.095820
v 2.378736 0.203090 -0.095339
v 2.378422 0.205878 -0.093944
v 2.377933 0.208090 -0.091772
v 2.377317 0.209511 -0.089035
v 2.376634 0.210000 -0.086001
v 2.395000 -0.210000 -0.084000
v 2.395000 -0.209511 -0.087108
v 2.395000 -0.208090 -0.089913
v 2.395000 -0.205878 -0.092138
v 2.395000 -0.203090 -0.093567
v 2.395000 -0.200000 -0.094059
v 2.395000 0.200000 -0.094059
v 2.395000 0.203090 -0.093567
v 2.395000 0.205878 -0.092138
v 2.395000 0.208090 -0.089913
v 2.395000 0.209511 -0.087108
v 2.395000 0.210000 -0.084000
v 2.413365 -0.210000 -0.086001
v 2.412682 -0.209511 -0.089035
v 2.412066 -0.208090 -0.091772
v 2.411577 -0.205878 -0.093944
v 2.411263 -0.203090 -0.095339
v 2.411155 -0.200000 -0.095820
v 2.411155 0.200000 -0.095820
v 2.411263 0.203090 -0.095339
v 2.411577 0.205878 -0.093944
v 2.412066 0.208090 -0.091772
v 2.412682 0.209511 -0.089035
v 2.413365 0.210000 -0.086001
v 2.430425 -0.210000 -0.091926
v 2.429088 -0.209511 -0.094733
v 2.427882 -0.208090 -0.097265
v 2.426925 -0.205878 -0.099274
v 2.426310 -0.203090 -0.100565
v 2.426099 -0.200000 -0.101009
v 2.426099 0.200000 -0.101009
v 2.426310 0.203090 -0.100565
v 2.426925 0.205878 -0.099274
v 2.427882 0.208090 -0.097265
v 2.429088 0.209511 -0.094733
v 2.430425 0.210000 -0.091926
v 2.446125 -0.210000 -0.101656
v 2.444234 -0.209511 -0.104120
v 2.442528 -0.208090 -0.106343
v 2.441175 -0.205878 -0.108107
v 2.440306 -0.203090 -0.109239
v 2.440006 -0.200000 -0.109629
v 2.440006 0.200000 -0.109629
v 2.440306 0.203090 -0.109239
v 2.441175 0.205878 -0.108107
v 2.442528 0.208090 -0.106343
v 2.444234 0.209511 -0.104120
v 2.446125 0.210000 -0.101656
v 2.460407 -0.210000 -0.115074
v 2.458099 -0.209511 -0.117146
v 2.456016 -0.208090 -0.119014
v 2.454364 -0.205878 -0.120497
v 2.453303 -0.203090 -0.121449
v 2.452937 -0.200000 -0.121777
v 2.452937 0.200000 -0.121777
v 2.453303 0.203090 -0.121449
v 2.454364 0.205878 -0.120497
v 2.456016 0.208090 -0.119014
v 2.458099 0.209511 -0.117146
v 2.460407 0.210000 -0.115074
v 2.473217 -0.210000 -0.132061
v 2.470618 -0.209511 -0.133747
v 2.468273 -0.208090 -0.135267
v 2.466412 -0.205878 -0.136474
v 2.465217 -0.203090 -0.137249
v 2.464806 -0.200000 -0.137516
v 2.464806 0.200000 -0.137516
v 2.465217 0.203090 -0.137249
v 2.466412 0.205878 -0.136474
v 2.468273 0.208090 -0.135267
v 2.470618 0.209511 -0.133747
v 2.473217 0.210000 -0.132061
v 2.484500 -0.210000 -0.152500
v 2.481707 -0.209511 -0.153835
v 2.479187 -0.208090 -0.155039
v 2.477188 -0.205878 -0.155995
v 2.475904 -0.203090 -0.156609
v 2.475462 -0.200000 -0.156820
v 2.475462 0.200000 -0.156820
v 2.475904 0.203090 -0.156609
v 2.477188 0.205878 -0.155995
v 2.479187 0.208090 -0.155039
v 2.481707 0.209511 -0.153835
v 2.484500 0.210000 -0.152500
v 2.494199 -0.210000 -0.176272
v 2.491281 -0.209511 -0.177300
v 2.488649 -0.208090 -0.178228
v 2.486560 -0.205878 -0.178964
v 2.485218 -0.203090 -0.179437
v 2.484756 -0.200000 -0.179600
v 2.484756 0.200000 -0.179600
v 2.485218 0.203090 -0.179437
v 2.486560 0.205878 -0.178964
v 2.488649 0.208090 -0.178228
v 2.491281 0.209511 -0.177300
v 2.494199 0.210000 -0.176272
v 2.502259 -0.210000 -0.203259
v 2.499262 -0.209511 -0.204023
v 2.496558 -0.208090 -0.204711
v 2.494413 -0.205878 -0.205258
v 2.493035 -0.203090 -0.205608
v 2.492560 -0.200000 -0.205729
v 2.492560 0.200000 -0.205729
v 2.493035 0.203090 -0.205608
v 2.494413 0.205878 -0.205258
v 2.496558 0.208090 -0.204711
v 2.499262 0.209511 -0.204023
v 2.502259 0.210000 -0.203259
v 2.508625 -0.210000 -0.233344
v 2.505579 -0.209511 -0.233878
v 2.502832 -0.208090 -0.234360
v 2.500651 -0.205878 -0.234742
v 2.499252 -0.203090 -0.234988
v 2.498769 -0.200000 -0.235072
v 2.498769 0.200000 -0.235072
v 2.499252 0.203090 -0.234988
v 2.500651 0.205878 -0.234742
v 2.502832 0.208090 -0.234360
v 2.505579 0.209511 -0.233878
v 2.508625 0.210000 -0.233344
v 2.513241 -0.210000 -0.266407
v 2.510167 -0.209511 -0.266742
v 2.507395 -0.208090 -0.267044
v 2.505194 -0.205878 -0.267283
v 2.503782 -0.203090 -0.267437
v 2.503295 -0.200000 -0.267490
v 2.503295 0.200000 -0.267490
v 2.503782 0.203090 -0.267437
v 2.505194 0.205878 -0.267283
v 2.507395 0.208090 -0.267044
v 2.510167 0.209511 -0.266742
v 2.513241 0.210000 -0.266407
v 2.516051 -0.210000 -0.302332
v 2.512964 -0.209511 -0.302491
v 2.510179 -0.208090 -0.302634
v 2.507968 -0.205878 -0.302747
v 2.506549 -0.203090 -0.302820
v 2.506060 -0.200000 -0.302845
v 2.506060 0.200000 -0.302845
v 2.506549 0.203090 -0.302820
v 2.507968 0.205878 -0.302747
v 2.510179 0.208090 -0.302634
v 2.512964 0.209511 -0.302491
v 2.516051 0.210000 -0.302332
v 2.517000 -0.210000 -0.341000
v 2.513909 -0.209511 -0.341000
v 2.511120 -0.208090 -0.341000
v 2.508907 -0.205878 -0.341000
v 2.507487 -0.203090 -0.341000
v 2.506997 -0.200000 -0.341000
v 2.506997 0.200000 -0.341000
v 2.507487 0.203090 -0.341000
v 2.508907 0.205878 -0.341000
v 2.511120 0.208090 -0.341000
v 2.513909 0.209511 -0.341000
v 2.517000 0.210000 -0.341000
v 2.516051 -0.210000 -0.379668
v 2.512964 -0.209511 -0.379509
v 2.510179 -0.208090 -0.379366
v 2.507969 -0.205878 -0.379253
v 2.506550 -0.203090 -0.379180
v 2.506061 -0.200000 -0.379155
v 2.506061 0.200000 -0.379155
v 2.506550 0.203090 -0.379180
v 2.507969 0.205878 -0.379253
v 2.510179 0.208090 -0.379366
v 2.512964 0.209511 -0.379509
v 2.516051 0.210000 -0.379668
v 2.513241 -0.210000 -0.415593
v 2.510168 -0.209511 -0.415258
v 2.507395 -0.208090 -0.414956
v 2.505195 -0.205878 -0.414717
v 2.503782 -0.203090 -0.414563
v 2.503295 -0.200000 -0.414510
v 2.503295 0.200000 -0.414510
v 2.503782 0.203090 -0.414563
v 2.505195 0.205878 -0.414717
v 2.507395 0.208090 -0.414956
v 2.510168 0.209511 -0.415258
v 2.513241 0.210000 -0.415593
v 2.508625 -0.210000 -0.448656
v 2.505580 -0.209511 -0.448122
v 2.502832 -0.208090 -0.447640
v 2.500652 -0.205878 -0.447258
v 2.499252 -0.203090 -0.447012
v 2.498770 -0.200000 -0.446928
v 2.498770 0.200000 -0.446928
v 2.499252 0.203090 -0.447012
v 2.500652 0.205878 -0.447258
v 2.502832 0.208090 -0.447640
v 2.505580 0.209511 -0.448122
v 2.508625 0.210000 -0.448656
v 2.502259 -0.210000 -0.478741
v 2.499262 -0.209511 -0.477977
v 2.496559 -0.208090 -0.477289
v 2.494413 -0.205878 -0.476742
v 2.493035 -0.203090 -0.476392
v 2.492561 -0.200000 -0.476271
v 2.492561 0.200000 -0.476271
v 2.493035 0.203090 -0.476392
v 2.494413 0.205878 -0.476742
v 2.496559 0.208090 -0.477289
v 2.499262 0.209511 -0.477977
v 2.502259 0.210000 -0.478741
v 2.494199 -0.210000 -0.505728
v 2.491281 -0.209511 -0.504700
v 2.488649 -0.208090 -0.503772
v 2.486560 -0.205878 -0.503036
v 2.485219 -0.203090 -0.502563
v 2.484757 -0.200000 -0.502400
v 2.484757 0.200000 -0.502400
v 2.485219 0.203090 -0.502563
v 2.486560 0.205878 -0.503036
v 2.488649 0.208090 -0.503772
v 2.491281 0.209511 -0.504700
v 2.494199 0.210000 -0.505728
v 2.484500 -0.210000 -0.529500
v 2.481707 -0.209511 -0.528165
v 2.479188 -0.208090 -0.526961
v 2.477189 -0.205878 -0.526005
v 2.475905 -0.203090 -0.525391
v 2.475462 -0.200000 -0.525180
v 2.475462 0.200000 -0.525180
v 2.475905 0.203090 -0.525391
v 2.477189 0.205878 -0.526005
v 2.479188 0.208090 -0.526961
v 2.481707 0.209511 -0.528165
v 2.484500 0.210000 -0.529500
v 2.473218 -0.210000 -0.549939
v 2.470618 -0.209511 -0.548253
v 2.468273 -0.208090 -0.546733
v 2.466413 -0.205878 -0.545526
v 2.465218 -0.203090 -0.544751
v 2.464806 -0.200000 -0.544484
v 2.464806 0.200000 -0.544484
v 2.465218 0.203090 -0.544751
v 2.466413 0.205878 -0.545526
v 2.468273 0.208090 -0.546733
v 2.470618 0.209511 -0.548253
v 2.473218 0.210000 -0.549939
v 2.460407 -0.210000 -0.566926
v 2.458099 -0.209511 -0.564855
v 2.456017 -0.208090 -0.562986
v 2.454364 -0.205878 -0.561503
v 2.453303 -0.203090 -0.560551
v 2.452938 -0.200000 -0.560223
v 2.452938 0.200000 -0.560223
v 2.453303 0.203090 -0.560551
v 2.454364 0.205878 -0.561503
v 2.456017 0.208090 -0.562986
v 2.458099 0.209511 -0.564855
v 2.460407 0.210000 -0.566926
v 2.446125 -0.210000 -0.580344
v 2.444234 -0.209511 -0.577880
v 2.442529 -0.208090 -0.575657
v 2.441175 -0.205878 -0.573894
v 2.440306 -0.203090 -0.572761
v 2.440007 -0.200000 -0.572371
v 2.440007 0.200000 -0.572371
v 2.440306 0.203090 -0.572761
v 2.441175 0.205878 -0.573894
v 2.442529 0.208090 -0.575657
v 2.444234 0.209511 -0.577880
v 2.446125 0.210000 -0.580344
v 2.430426 -0.210000 -0.590074
v 2.429089 -0.209511 -0.587267
v 2.427883 -0.208090 -0.584735
v 2.426925 -0.205878 -0.582726
v 2.426311 -0.203090 -0.581435
v 2.426099 -0.200000 -0.580991
v 2.426099 0.200000 -0.580991
v 2.426311 0.203090 -0.581435
v 2.426925 0.205878 -0.582726
v 2.427883 0.208090 -0.584735
v 2.429089 0.209511 -0.587267
v 2.430426 0.210000 -0.590074
v 2.413366 -0.210000 -0.595999
v 2.412683 -0.209511 -0.592965
v 2.412067 -0.208090 -0.590228
v 2.411578 -0.205878 -0.588056
v 2.411264 -0.203090 -0.586661
v 2.411156 -0.200000 -0.586181
v 2.411156 0.200000 -0.586181
v 2.411264 0.203090 -0.586661
v 2.411578 0.205878 -0.588056
v 2.412067 0.208090 -0.590228
v 2.412683 0.209511 -0.592965
v 2.413366 0.210000 -0.595999
v 2.395000 -0.210000 -0.598000
v 2.395000 -0.209511 -0.594892
v 2.395000 -0.208090 -0.592087
v 2.395000 -0.205878 -0.589862
v 2.395000 -0.203090 -0.588433
v 2.395000 -0.200000 -0.587941
v 2.395000 0.200000 -0.587941
v 2.395000 0.203090 -0.588433
v 2.395000 0.205878 -0.589862
v 2.395000 0.208090 -0.592087
v 2.395000 0.209511 -0.594892
v 2.395000 0.210000 -0.598000
v 2.862942 -0.210000 0.006124
v 2.862381 -0.209511 0.009176
v 2.861874 -0.208090 0.011929
v 2.861472 -0.205878 0.014115
v 2.861214 -0.203090 0.015518
v 2.861125 -0.200000 0.016001
v 2.861125 0.200000 0.016001
v 2.861214 0.203090 0.015518
v 2.861472 0.205878 0.014115
v 2.861874 0.208090 0.011929
v 2.862381 0.209511 0.009176
v 2.862942 0.210000 0.006124
v 2.832870 -0.210000 -0.002343
v 2.831757 -0.209511 0.000554
v 2.830753 -0.208090 0.003168
v 2.829956 -0.205878 0.005242
v 2.829444 -0.203090 0.006573
v 2.829268 -0.200000 0.007032
v 2.829268 0.200000 0.007032
v 2.829444 0.203090 0.006573
v 2.829956 0.205878 0.005242
v 2.830753 0.208090 0.003168
v 2.831757 0.209511 0.000554
v 2.832870 0.210000 -0.002343
v 2.804937 -0.210000 -0.016156
v 2.803323 -0.209511 -0.013507
v 2.801866 -0.208090 -0.011118
v 2.800710 -0.205878 -0.009222
v 2.799968 -0.203090 -0.008004
v 2.799712 -0.200000 -0.007584
v 2.799712 0.200000 -0.007584
v 2.799968 0.203090 -0.008004
v 2.800710 0.205878 -0.009222
v 2.801866 0.208090 -0.011118
v 2.803323 0.209511 -0.013507
v 2.804937 0.210000 -0.016156
v 2.779296 -0.210000 -0.035074
v 2.777260 -0.209511 -0.032737
v 2.775422 -0.208090 -0.030628
v 2.773964 -0.205878 -0.028954
v 2.773028 -0.203090 -0.027880
v 2.772705 -0.200000 -0.027510
v 2.772705 0.200000 -0.027510
v 2.773028 0.203090 -0.027880
v 2.773964 0.205878 -0.028954
v 2.775422 0.208090 -0.030628
v 2.777260 0.209511 -0.032737
v 2.779296 0.210000 -0.035074
v 2.756099 -0.210000 -0.058853
v 2.753730 -0.209511 -0.056856
v 2.751593 -0.208090 -0.055055
v 2.749897 -0.205878 -0.053626
v 2.748808 -0.203090 -0.052708
v 2.748433 -0.200000 -0.052392
v 2.748433 0.200000 -0.052392
v 2.748808 0.203090 -0.052708
v 2.749897 0.205878 -0.053626
v 2.751593 0.208090 -0.055055
v 2.753730 0.209511 -0.056856
v 2.756099 0.210000 -0.058853
v 2.735500 -0.210000 -0.087250
v 2.732882 -0.209511 -0.085597
v 2.730519 -0.208090 -0.084106
v 2.728645 -0.205878 -0.082922
v 2.727441 -0.203090 -0.082162
v 2.727026 -0.200000 -0.081900
v 2.727026 0.200000 -0.081900
v 2.727441 0.203090 -0.082162
v 2.728645 0.205878 -0.082922
v 2.730519 0.208090 -0.084106
v 2.732882 0.209511 -0.085597
v 2.735500 0.210000 -0.087250
v 2.717650 -0.210000 -0.120022
v 2.714852 -0.209511 -0.118699
v 2.712328 -0.208090 -0.117505
v 2.710325 -0.205878 -0.116557
v 2.709039 -0.203090 -0.115949
v 2.708596 -0.200000 -0.115740
v 2.708596 0.200000 -0.115740
v 2.709039 0.203090 -0.115949
v 2.710325 0.205878 -0.116557
v 2.712328 0.208090 -0.117505
v 2.714852 0.209511 -0.118699
v 2.717650 0.210000 -0.120022
v 2.702704 -0.210000 -0.156926
v 2.699781 -0.209511 -0.155911
v 2.697144 -0.208090 -0.154995
v 2.695051 -0.205878 -0.154269
v 2.693708 -0.203090 -0.153802
v 2.693245 -0.200000 -0.153641
v 2.693245 0.200000 -0.153641
v 2.693708 0.203090 -0.153802
v 2.695051 0.205878 -0.154269
v 2.697144 0.208090 -0.154995
v 2.699781 0.209511 -0.155911
v 2.702704 0.210000 -0.156926
v 2.690813 -0.210000 -0.197719
v 2.687807 -0.209511 -0.196989
v 2.685095 -0.208090 -0.196330
v 2.682943 -0.205878 -0.195807
v 2.681561 -0.203090 -0.195471
v 2.681085 -0.200000 -0.195356
v 2.681085 0.200000 -0.195356
v 2.681561 0.203090 -0.195471
v 2.682943 0.205878 -0.195807
v 2.685095 0.208090 -0.196330
v 2.687807 0.209511 -0.196989
v 2.690813 0.210000 -0.197719
v 2.682130 -0.210000 -0.242157
v 2.679072 -0.209511 -0.241690
v 2.676315 -0.208090 -0.241267
v 2.674126 -0.205878 -0.240932
v 2.672721 -0.203090 -0.240717
v 2.672236 -0.200000 -0.240643
v 2.672236 0.200000 -0.240643
v 2.672721 0.203090 -0.240717
v 2.674126 0.205878 -0.240932
v 2.676315 0.208090 -0.241267
v 2.679072 0.209511 -0.241690
v 2.682130 0.210000 -0.242157
v 2.676808 -0.210000 -0.289999
v 2.673724 -0.209511 -0.289773
v 2.670942 -0.208090 -0.289569
v 2.668734 -0.205878 -0.289408
v 2.667316 -0.203090 -0.289304
v 2.666827 -0.200000 -0.289268
v 2.666827 0.200000 -0.289268
v 2.667316 0.203090 -0.289304
v 2.668734 0.205878 -0.289408
v 2.670942 0.208090 -0.289569
v 2.673724 0.209511 -0.289773
v 2.676808 0.210000 -0.289999
v 2.675000 -0.210000 -0.341000
v 2.671908 -0.209511 -0.341000
v 2.669118 -0.208090 -0.341000
v 2.666905 -0.205878 -0.341000
v 2.665483 -0.203090 -0.341000
v 2.664994 -0.200000 -0.341000
v 2.664994 0.200000 -0.341000
v 2.665483 0.203090 -0.341000
v 2.666905 0.205878 -0.341000
v 2.669118 0.208090 -0.341000
v 2.671908 0.209511 -0.341000
v 2.675000 0.210000 -0.341000
v 2.676808 -0.210000 -0.392001
v 2.673724 -0.209511 -0.392227
v 2.670942 -0.208090 -0.392431
v 2.668734 -0.205878 -0.392593
v 2.667316 -0.203090 -0.392696
v 2.666828 -0.200000 -0.392732
v 2.666828 0.200000 -0.392732
v 2.667316 0.203090 -0.392696
v 2.668734 0.205878 -0.392593
v 2.670942 0.208090 -0.392431
v 2.673724 0.209511 -0.392227
v 2.676808 0.210000 -0.392001
v 2.682130 -0.210000 -0.439843
v 2.679073 -0.209511 -0.440311
v 2.676315 -0.208090 -0.440733
v 2.674126 -0.205878 -0.441068
v 2.672721 -0.203090 -0.441283
v 2.672237 -0.200000 -0.441357
v 2.672237 0.200000 -0.441357
v 2.672721 0.203090 -0.441283
v 2.674126 0.205878 -0.441068
v 2.676315 0.208090 -0.440733
v 2.679073 0.209511 -0.440311
v 2.682130 0.210000 -0.439843
v 2.690813 -0.210000 -0.484281
v 2.687807 -0.209511 -0.485012
v 2.685095 -0.208090 -0.485670
v 2.682943 -0.205878 -0.486193
v 2.681561 -0.203090 -0.486529
v 2.681085 -0.200000 -0.486644
v 2.681085 0.200000 -0.486644
v 2.681561 0.203090 -0.486529
v 2.682943 0.205878 -0.486193
v 2.685095 0.208090 -0.485670
v 2.687807 0.209511 -0.485012
v 2.690813 0.210000 -0.484281
v 2.702704 -0.210000 -0.525074
v 2.699781 -0.209511 -0.526089
v 2.697144 -0.208090 -0.527005
v 2.695052 -0.205878 -0.527732
v 2.693708 -0.203090 -0.528198
v 2.693245 -0.200000 -0.528359
v 2.693245 0.200000 -0.528359
v 2.693708 0.203090 -0.528198
v 2.695052 0.205878 -0.527732
v 2.697144 0.208090 -0.527005
v 2.699781 0.209511 -0.526089
v 2.702704 0.210000 -0.525074
v 2.717651 -0.210000 -0.561978
v 2.714853 -0.209511 -0.563301
v 2.712328 -0.208090 -0.564495
v 2.710325 -0.205878 -0.565443
v 2.709039 -0.203090 -0.566051
v 2.708596 -0.200000 -0.566261
v 2.708596 0.200000 -0.566261
v 2.709039 0.203090 -0.566051
v 2.710325 0.205878 -0.565443
v 2.712328 0.208090 -0.564495
v 2.714853 0.209511 -0.563301
v 2.717651 0.210000 -0.561978
v 2.735500 -0.210000 -0.594750
v 2.732882 -0.209511 -0.596403
v 2.730520 -0.208090 -0.597895
v 2.728645 -0.205878 -0.599078
v 2.727442 -0.203090 -0.599838
v 2.727027 -0.200000 -0.600100
v 2.727027 0.200000 -0.600100
v 2.727442 0.203090 -0.599838
v 2.728645 0.205878 -0.599078
v 2.730520 0.208090 -0.597895
v 2.732882 0.209511 -0.596403
v 2.735500 0.210000 -0.594750
v 2.756100 -0.210000 -0.623147
v 2.753731 -0.209511 -0.625144
v 2.751593 -0.208090 -0.626945
v 2.749897 -0.205878 -0.628375
v 2.748808 -0.203090 -0.629292
v 2.748433 -0.200000 -0.629609
v 2.748433 0.200000 -0.629609
v 2.748808 0.203090 -0.629292
v 2.749897 0.205878 -0.628375
v 2.751593 0.208090 -0.626945
v 2.753731 0.209511 -0.625144
v 2.756100 0.210000 -0.623147
v 2.779296 -0.210000 -0.646926
v 2.777260 -0.209511 -0.649264
v 2.775422 -0.208090 -0.651372
v 2.773964 -0.205878 -0.653046
v 2.773028 -0.203090 -0.654120
v 2.772706 -0.200000 -0.654491
v 2.772706 0.200000 -0.654491
v 2.773028 0.203090 -0.654120
v 2.773964 0.205878 -0.653046
v 2.775422 0.208090 -0.651372
v 2.777260 0.209511 -0.649264
v 2.779296 0.210000 -0.646926
v 2.804938 -0.210000 -0.665844
v 2.803323 -0.209511 -0.668493
v 2.801866 -0.208090 -0.670882
v 2.800710 -0.205878 -0.672779
v 2.799968 -0.203090 -0.673996
v 2.799712 -0.200000 -0.674416
v 2.799712 0.200000 -0.674416
v 2.799968 0.203090 -0.673996
v 2.800710 0.205878 -0.672779
v 2.801866 0.208090 -0.670882
v 2.803323 0.209511 -0.668493
v 2.804938 0.210000 -0.665844
v 2.832870 -0.210000 -0.679657
v 2.831757 -0.209511 -0.682554
v 2.830753 -0.208090 -0.685168
v 2.829956 -0.205878 -0.687242
v 2.829445 -0.203090 -0.688573
v 2.829268 -0.200000 -0.689032
v 2.829268 0.200000 -0.689032
v 2.829445 0.203090 -0.688573
v 2.829956 0.205878 -0.687242
v 2.830753 0.208090 -0.685168
v 2.831757 0.209511 -0.682554
v 2.832870 0.210000 -0.679657
v 2.862942 -0.210000 -0.688124
v 2.862381 -0.209511 -0.691176
v 2.861874 -0.208090 -0.693929
v 2.861472 -0.205878 -0.696115
v 2.861214 -0.203090 -0.697518
v 2.861125 -0.200000 -0.698001
v 2.861125 0.200000 -0.698001
v 2.861214 0.203090 -0.697518
v 2.861472 0.205878 -0.696115
v 2.861874 0.208090 -0.693929
v 2.862381 0.209511 -0.691176
v 2.862942 0.210000 -0.688124
v 2.895000 -0.210000 -0.691000
v 2.895000 -0.209511 -0.694103
v 2.895000 -0.208090 -0.696902
v 2.895000 -0.205878 -0.699123
v 2.895000 -0.203090 -0.700549
v 2.895000 -0.200000 -0.701040
v 2.895000 0.200000 -0.701040
v 2.895000 0.203090 -0.700549
v 2.895000 0.205878 -0.699123
v 2.895000 0.208090 -0.696902
v 2.895000 0.209511 -0.694103
v 2.895000 0.210000 -0.691000
v 2.927058 -0.210000 -0.688124
v 2.927619 -0.209511 -0.691176
v 2.928126 -0.208090 -0.693930
v 2.928528 -0.205878 -0.696115
v 2.928786 -0.203090 -0.697518
v 2.928875 -0.200000 -0.698001
v 2.928875 0.200000 -0.698001
v 2.928786 0.203090 -0.697518
v 2.928528 0.205878 -0.696115
v 2.928126 0.208090 -0.693930
v 2.927619 0.209511 -0.691176
v 2.927058 0.210000 -0.688124
v 2.957130 -0.210000 -0.679658
v 2.958243 -0.209511 -0.682554
v 2.959247 -0.208090 -0.685168
v 2.960044 -0.205878 -0.687242
v 2.960556 -0.203090 -0.688573
v 2.960732 -0.200000 -0.689032
v 2.960732 0.200000 -0.689032
v 2.960556 0.203090 -0.688573
v 2.960044 0.205878 -0.687242
v 2.959247 0.208090 -0.685168
v 2.958243 0.209511 -0.682554
v 2.957130 0.210000 -0.679658
v 2.985063 -0.210000 -0.665844
v 2.986677 -0.209511 -0.668493
v 2.988134 -0.208090 -0.670882
v 2.989290 -0.205878 -0.672779
v 2.990032 -0.203090 -0.673996
v 2.990288 -0.200000 -0.674416
v 2.990288 0.200000 -0.674416
v 2.990032 0.203090 -0.673996
v 2.989290 0.205878 -0.672779
v 2.988134 0.208090 -0.670882
v 2.986677 0.209511 -0.668493
v 2.985063 0.210000 -0.665844
v 3.010704 -0.210000 -0.646926
v 3.012740 -0.209511 -0.649264
v 3.014578 -0.208090 -0.651372
v 3.016036 -0.205878 -0.653046
v 3.016972 -0.203090 -0.654120
v 3.017295 -0.200000 -0.654490
v 3.017295 0.200000 -0.654490
v 3.016972 0.203090 -0.654120
v 3.016036 0.205878 -0.653046
v 3.014578 0.208090 -0.651372
v 3.012740 0.209511 -0.649264
v 3.010704 0.210000 -0.646926
v 3.033900 -0.210000 -0.623147
v 3.036270 -0.209511 -0.625144
v 3.038407 -0.208090 -0.626945
v 3.040103 -0.205878 -0.628375
v 3.041192 -0.203090 -0.629292
v 3.041567 -0.200000 -0.629609
v 3.041567 0.200000 -0.629609
v 3.041192 0.203090 -0.629292
v 3.040103 0.205878 -0.628375
v 3.038407 0.208090 -0.626945
v 3.036270 0.209511 -0.625144
v 3.033900 0.210000 -0.623147
v 3.054500 -0.210000 -0.594750
v 3.057118 -0.209511 -0.596403
v 3.059481 -0.208090 -0.597894
v 3.061355 -0.205878 -0.599078
v 3.062559 -0.203090 -0.599838
v 3.062973 -0.200000 -0.600100
v 3.062973 0.200000 -0.600100
v 3.062559 0.203090 -0.599838
v 3.061355 0.205878 -0.599078
v 3.059481 0.208090 -0.597894
v 3.057118 0.209511 -0.596403
v 3.054500 0.210000 -0.594750
v 3.072350 -0.210000 -0.561978
v 3.075148 -0.209511 -0.563301
v 3.077672 -0.208090 -0.564495
v 3.079675 -0.205878 -0.565443
v 3.080961 -0.203090 -0.566051
v 3.081404 -0.200000 -0.566260
v 3.081404 0.200000 -0.566260
v 3.080961 0.203090 -0.566051
v 3.079675 0.205878 -0.565443
v 3.077672 0.208090 -0.564495
v 3.075148 0.209511 -0.563301
v 3.072350 0.210000 -0.561978
v 3.087296 -0.210000 -0.525074
v 3.090219 -0.209511 -0.526089
v 3.092856 -0.208090 -0.527005
v 3.094949 -0.205878 -0.527731
v 3.096292 -0.203090 -0.528198
v 3.096755 -0.200000 -0.528359
v 3.096755 0.200000 -0.528359
v 3.096292 0.203090 -0.528198
v 3.094949 0.205878 -0.527731
v 3.092856 0.208090 -0.527005
v 3.090219 0.209511 -0.526089
v 3.087296 0.210000 -0.525074
v 3.099187 -0.210000 -0.484281
v 3.102193 -0.209511 -0.485011
v 3.104905 -0.208090 -0.485670
v 3.107057 -0.205878 -0.486193
v 3.108439 -0.203090 -0.486529
v 3.108915 -0.200000 -0.486644
v 3.108915 0.200000 -0.486644
v 3.108439 0.203090 -0.486529
v 3.107057 0.205878 -0.486193
v 3.104905 0.208090 -0.485670
v 3.102193 0.209511 -0.485011
v 3.099187 0.210000 -0.484281
v 3.107870 -0.210000 -0.439843
v 3.110928 -0.209511 -0.440311
v 3.113685 -0.208090 -0.440733
v 3.115874 -0.205878 -0.441068
v 3.117279 -0.203090 -0.441283
v 3.117764 -0.200000 -0.441357
v 3.117764 0.200000 -0.441357
v 3.117279 0.203090 -0.441283
v 3.115874 0.205878 -0.441068
v 3.113685 0.208090 -0.440733
v 3.110928 0.209511 -0.440311
v 3.107870 0.210000 -0.439843
v 3.113192 -0.210000 -0.392001
v 3.116276 -0.209511 -0.392227
v 3.119058 -0.208090 -0.392431
v 3.121266 -0.205878 -0.392593
v 3.122684 -0.203090 -0.392696
v 3.123173 -0.200000 -0.392732
v 3.123173 0.200000 -0.392732
v 3.122684 0.203090 -0.392696
v 3.121266 0.205878 -0.392593
v 3.119058 0.208090 -0.392431
v 3.116276 0.209511 -0.392227
v 3.113192 0.210000 -0.392001
v 3.115000 -0.210000 -0.341000
v 3.118092 -0.209511 -0.341000
v 3.120882 -0.208090 -0.341000
v 3.123095 -0.205878 -0.341000
v 3.124516 -0.203090 -0.341000
v 3.125006 -0.200000 -0.341000
v 3.125006 0.200000 -0.341000
v 3.124516 0.203090 -0.341000
v 3.123095 0.205878 -0.341000
v 3.120882 0.208090 -0.341000
v 3.118092 0.209511 -0.341000
v 3.115000 0.210000 -0.341000
v 3.113192 -0.210000 -0.289999
v 3.116276 -0.209511 -0.289773
v 3.119058 -0.208090 -0.289569
v 3.121266 -0.205878 -0.289407
v 3.122684 -0.203090 -0.289304
v 3.123172 -0.200000 -0.289268
v 3.123172 0.200000 -0.289268
v 3.122684 0.203090 -0.289304
v 3.121266 0.205878 -0.289407
v 3.119058 0.208090 -0.289569
v 3.116276 0.209511 -0.289773
v 3.113192 0.210000 -0.289999
v 3.107870 -0.210000 -0.242157
v 3.110927 -0.209511 -0.241690
v 3.113685 -0.208090 -0.241267
v 3.115874 -0.205878 -0.240932
v 3.117279 -0.203090 -0.240717
v 3.117763 -0.200000 -0.240643
v 3.117763 0.200000 -0.240643
v 3.117279 0.203090 -0.240717
v 3.115874 0.205878 -0.240932
v 3.113685 0.208090 -0.241267
v 3.110927 0.209511 -0.241690
v 3.107870 0.210000 -0.242157
v 3.099187 -0.210000 -0.197719
v 3.102193 -0.209511 -0.196989
v 3.104905 -0.208090 -0.196330
v 3.107057 -0.205878 -0.195807
v 3.108438 -0.203090 -0.195471
v 3.108915 -0.200000 -0.195356
v 3.108915 0.200000 -0.195356
v 3.108438 0.203090 -0.195471
v 3.107057 0.205878 -0.195807
v 3.104905 0.208090 -0.196330
v 3.102193 0.209511 -0.196989
v 3.099187 0.210000 -0.197719
v 3.087296 -0.210000 -0.156926
v 3.090219 -0.209511 -0.155911
v 3.092856 -0.208090 -0.154995
v 3.094948 -0.205878 -0.154269
v 3.096292 -0.203090 -0.153802
v 3.096755 -0.200000 -0.153641
v 3.096755 0.200000 -0.153641
v 3.096292 0.203090 -0.153802
v 3.094948 0.205878 -0.154269
v 3.092856 0.208090 -0.154995
v 3.090219 0.209511 -0.155911
v 3.087296 0.210000 -0.156926
v 3.072349 -0.210000 -0.120022
v 3.075147 -0.209511 -0.118699
v 3.077672 -0.208090 -0.117505
v 3.079675 -0.205878 -0.116557
v 3.080961 -0.203090 -0.115949
v 3.081404 -0.200000 -0.115740
v 3.081404 0.200000 -0.115740
v 3.080961 0.203090 -0.115949
v 3.079675 0.205878 -0.116557
v 3.077672 0.208090 -0.117505
v 3.075147 0.209511 -0.118699
v 3.072349 0.210000 -0.120022
v 3.054500 -0.210000 -0.087250
v 3.057118 -0.209511 -0.085597
v 3.059480 -0.208090 -0.084106
v 3.061355 -0.205878 -0.082922
v 3.062558 -0.203090 -0.082162
v 3.062973 -0.200000 -0.081900
v 3.062973 0.200000 -0.081900
v 3.062558 0.203090 -0.082162
v 3.061355 0.205878 -0.082922
v 3.059480 0.208090 -0.084106
v 3.057118 0.209511 -0.085597
v 3.054500 0.210000 -0.087250
v 3.033900 -0.210000 -0.058853
v 3.036269 -0.209511 -0.056856
v 3.038407 -0.208090 -0.055055
v 3.040103 -0.205878 -0.053626
v 3.041192 -0.203090 -0.052708
v 3.041567 -0.200000 -0.052392
v 3.041567 0.200000 -0.052392
v 3.041192 0.203090 -0.052708
v 3.040103 0.205878 -0.053626
v 3.038407 0.208090 -0.055055
v 3.036269 0.209511 -0.056856
v 3.033900 0.210000 -0.058853
v 3.010704 -0.210000 -0.035074
v 3.012740 -0.209511 -0.032737
v 3.014578 -0.208090 -0.030628
v 3.016036 -0.205878 -0.028954
v 3.016972 -0.203090 -0.027880
v 3.017294 -0.200000 -0.027510
v 3.017294 0.200000 -0.027510
v 3.016972 0.203090 -0.027880
v 3.016036 0.205878 -0.028954
v 3.014578 0.208090 -0.030628
v 3.012740 0.209511 -0.032737
v 3.010704 0.210000 -0.035074
v 2.985062 -0.210000 -0.016156
v 2.986677 -0.209511 -0.013507
v 2.988134 -0.208090 -0.011118
v 2.989290 -0.205878 -0.009221
v 2.990032 -0.203090 -0.008004
v 2.990288 -0.200000 -0.007584
v 2.990288 0.200000 -0.007584
v 2.990032 0.203090 -0.008004
v 2.989290 0.205878 -0.009221
v 2.988134 0.208090 -0.011118
v 2.986677 0.209511 -0.013507
v 2.985062 0.210000 -0.016156
v 2.957129 -0.210000 -0.002343
v 2.958243 -0.209511 0.000554
v 2.959247 -0.208090 0.003168
v 2.960044 -0.205878 0.005242
v 2.960555 -0.203090 0.006573
v 2.960732 -0.200000 0.007032
v 2.960732 0.200000 0.007032
v 2.960555 0.203090 0.006573
v 2.960044 0.205878 0.005242
v 2.959247 0.208090 0.003168
v 2.958243 0.209511 0.000554
v 2.957129 0.210000 -0.002343
v 2.927058 -0.210000 0.006124
v 2.927619 -0.209511 0.009176
v 2.928126 -0.208090 0.011929
v 2.928528 -0.205878 0.014115
v 2.928786 -0.203090 0.015518
v 2.928875 -0.200000 0.016001
v 2.928875 0.200000 0.016001
v 2.928786 0.203090 0.015518
v 2.928528 0.205878 0.014115
v 2.928126 0.208090 0.011929
v 2.927619 0.209511 0.009176
v 2.927058 0.210000 0.006124
v 2.895000 -0.210000 0.009000
v 2.895000 -0.209511 0.012103
v 2.895000 -0.208090 0.014901
v 2.895000 -0.205878 0.017123
v 2.895000 -0.203090 0.018549
v 2.895000 -0.200000 0.019040
v 2.895000 0.200000 0.019040
v 2.895000 0.203090 0.018549
v 2.895000 0.205878 0.017123
v 2.895000 0.208090 0.014901
v 2.895000 0.209511 0.012103
v 2.895000 0.210000 0.009000
v 2.876635 -0.210000 -0.595999
v 2.877318 -0.209511 -0.592965
v 2.877934 -0.208090 -0.590228
v 2.878423 -0.205878 -0.588056
v 2.878737 -0.203090 -0.586661
v 2.878845 -0.200000 -0.586181
v 2.878845 0.200000 -0.586181
v 2.878737 0.203090 -0.586661
v 2.878423 0.205878 -0.588056
v 2.877934 0.208090 -0.590228
v 2.877318 0.209511 -0.592965
v 2.876635 0.210000 -0.595999
v 2.859575 -0.210000 -0.590074
v 2.860912 -0.209511 -0.587267
v 2.862118 -0.208090 -0.584735
v 2.863075 -0.205878 -0.582726
v 2.863690 -0.203090 -0.581435
v 2.863901 -0.200000 -0.580991
v 2.863901 0.200000 -0.580991
v 2.863690 0.203090 -0.581435
v 2.863075 0.205878 -0.582726
v 2.862118 0.208090 -0.584735
v 2.860912 0.209511 -0.587267
v 2.859575 0.210000 -0.590074
v 2.843875 -0.210000 -0.580344
v 2.845766 -0.209511 -0.577880
v 2.847471 -0.208090 -0.575657
v 2.848825 -0.205878 -0.573894
v 2.849694 -0.203090 -0.572761
v 2.849993 -0.200000 -0.572371
v 2.849993 0.200000 -0.572371
v 2.849694 0.203090 -0.572761
v 2.848825 0.205878 -0.573894
v 2.847471 0.208090 -0.575657
v 2.845766 0.209511 -0.577880
v 2.843875 0.210000 -0.580344
v 2.829593 -0.210000 -0.566926
v 2.831901 -0.209511 -0.564855
v 2.833984 -0.208090 -0.562986
v 2.835636 -0.205878 -0.561503
v 2.836697 -0.203090 -0.560551
v 2.837063 -0.200000 -0.560223
v 2.837063 0.200000 -0.560223
v 2.836697 0.203090 -0.560551
v 2.835636 0.205878 -0.561503
v 2.833984 0.208090 -0.562986
v 2.831901 0.209511 -0.564855
v 2.829593 0.210000 -0.566926
v 2.816783 -0.210000 -0.549939
v 2.819382 -0.209511 -0.548253
v 2.821727 -0.208090 -0.546733
v 2.823588 -0.205878 -0.545526
v 2.824783 -0.203090 -0.544751
v 2.825194 -0.200000 -0.544484
v 2.825194 0.200000 -0.544484
v 2.824783 0.203090 -0.544751
v 2.823588 0.205878 -0.545526
v 2.821727 0.208090 -0.546733
v 2.819382 0.209511 -0.548253
v 2.816783 0.210000 -0.549939
v 2.805500 -0.210000 -0.529500
v 2.808293 -0.209511 -0.528165
v 2.810812 -0.208090 -0.526961
v 2.812812 -0.205878 -0.526005
v 2.814096 -0.203090 -0.525391
v 2.814538 -0.200000 -0.525180
v 2.814538 0.200000 -0.525180
v 2.814096 0.203090 -0.525391
v 2.812812 0.205878 -0.526005
v 2.810812 0.208090 -0.526961
v 2.808293 0.209511 -0.528165
v 2.805500 0.210000 -0.529500
v 2.795801 -0.210000 -0.505728
v 2.798719 -0.209511 -0.504700
v 2.801351 -0.208090 -0.503772
v 2.803440 -0.205878 -0.503036
v 2.804782 -0.203090 -0.502563
v 2.805244 -0.200000 -0.502400
v 2.805244 0.200000 -0.502400
v 2.804782 0.203090 -0.502563
v 2.803440 0.205878 -0.503036
v 2.801351 0.208090 -0.503772
v 2.798719 0.209511 -0.504700
v 2.795801 0.210000 -0.505728
v 2.787741 -0.210000 -0.478741
v 2.790738 -0.209511 -0.477977
v 2.793442 -0.208090 -0.477289
v 2.795587 -0.205878 -0.476742
v 2.796965 -0.203090 -0.476392
v 2.797440 -0.200000 -0.476271
v 2.797440 0.200000 -0.476271
v 2.796965 0.203090 -0.476392
v 2.795587 0.205878 -0.476742
v 2.793442 0.208090 -0.477289
v 2.790738 0.209511 -0.477977
v 2.787741 0.210000 -0.478741
v 2.781375 -0.210000 -0.448656
v 2.784421 -0.209511 -0.448122
v 2.787168 -0.208090 -0.447640
v 2.789349 -0.205878 -0.447258
v 2.790748 -0.203090 -0.447012
v 2.791231 -0.200000 -0.446928
v 2.791231 0.200000 -0.446928
v 2.790748 0.203090 -0.447012
v 2.789349 0.205878 -0.447258
v 2.787168 0.208090 -0.447640
v 2.784421 0.209511 -0.448122
v 2.781375 0.210000 -0.448656
v 2.776759 -0.210000 -0.415593
v 2.779833 -0.209511 -0.415258
v 2.782605 -0.208090 -0.414956
v 2.784806 -0.205878 -0.414717
v 2.786218 -0.203090 -0.414563
v 2.786705 -0.200000 -0.414510
v 2.786705 0.200000 -0.414510
v 2.786218 0.203090 -0.414563
v 2.784806 0.205878 -0.414717
v 2.782605 0.208090 -0.414956
v 2.779833 0.209511 -0.415258
v 2.776759 0.210000 -0.415593
v 2.773949 -0.210000 -0.379668
v 2.777036 -0.209511 -0.379509
v 2.779821 -0.208090 -0.379366
v 2.782032 -0.205878 -0.379253
v 2.783451 -0.203090 -0.379180
v 2.783940 -0.200000 -0.379155
v 2.783940 0.200000 -0.379155
v 2.783451 0.203090 -0.379180
v 2.782032 0.205878 -0.379253
v 2.779821 0.208090 -0.379366
v 2.777036 0.209511 -0.379509
v 2.773949 0.210000 -0.379668
v 2.773000 -0.210000 -0.341000
v 2.776091 -0.209511 -0.341000
v 2.778880 -0.208090 -0.341000
v 2.781093 -0.205878 -0.341000
v 2.782513 -0.203090 -0.341000
v 2.783003 -0.200000 -0.341000
v 2.783003 0.200000 -0.341000
v 2.782513 0.203090 -0.341000
v 2.781093 0.205878 -0.341000
v 2.778880 0.208090 -0.341000
v 2.776091 0.209511 -0.341000
v 2.773000 0.210000 -0.341000
v 2.773949 -0.210000 -0.302332
v 2.777036 -0.209511 -0.302491
v 2.779821 -0.208090 -0.302634
v 2.782031 -0.205878 -0.302747
v 2.783450 -0.203090 -0.302820
v 2.783939 -0.200000 -0.302845
v 2.783939 0.200000 -0.302845
v 2.783450 0.203090 -0.302820
v 2.782031 0.205878 -0.302747
v 2.779821 0.208090 -0.302634
v 2.777036 0.209511 -0.302491
v 2.773949 0.210000 -0.302332
v 2.776759 -0.210000 -0.266407
v 2.779832 -0.209511 -0.266742
v 2.782605 -0.208090 -0.267044
v 2.784805 -0.205878 -0.267283
v 2.786218 -0.203090 -0.267437
v 2.786705 -0.200000 -0.267490
v 2.786705 0.200000 -0.267490
v 2.786218 0.203090 -0.267437
v 2.784805 0.205878 -0.267283
v 2.782605 0.208090 -0.267044
v 2.779832 0.209511 -0.266742
v 2.776759 0.210000 -0.266407
v 2.781375 -0.210000 -0.233344
v 2.784420 -0.209511 -0.233878
v 2.787168 -0.208090 -0.234360
v 2.789348 -0.205878 -0.234742
v 2.790748 -0.203090 -0.234988
v 2.791230 -0.200000 -0.235072
v 2.791230 0.200000 -0.235072
v 2.790748 0.203090 -0.234988
v 2.789348 0.205878 -0.234742
v 2.787168 0.208090 -0.234360
v 2.784420 0.209511 -0.233878
v 2.781375 0.210000 -0.233344
v 2.787740 -0.210000 -0.203259
v 2.790738 -0.209511 -0.204023
v 2.793441 -0.208090 -0.204711
v 2.795587 -0.205878 -0.205258
v 2.796965 -0.203090 -0.205608
v 2.797439 -0.200000 -0.205729
v 2.797439 0.200000 -0.205729
v 2.796965 0.203090 -0.205608
v 2.795587 0.205878 -0.205258
v 2.793441 0.208090 -0.204711
v 2.790738 0.209511 -0.204023
v 2.787740 0.210000 -0.203259
v 2.795801 -0.210000 -0.176272
v 2.798719 -0.209511 -0.177300
v 2.801351 -0.208090 -0.178228
v 2.803440 -0.205878 -0.178964
v 2.804781 -0.203090 -0.179437
v 2.805243 -0.200000 -0.179600
v 2.805243 0.200000 -0.179600
v 2.804781 0.203090 -0.179437
v 2.803440 0.205878 -0.178964
v 2.801351 0.208090 -0.178228
v 2.798719 0.209511 -0.177300
v 2.795801 0.210000 -0.176272
v 2.805500 -0.210000 -0.152500
v 2.808293 -0.209511 -0.153835
v 2.810812 -0.208090 -0.155039
v 2.812811 -0.205878 -0.155995
v 2.814095 -0.203090 -0.156609
v 2.814538 -0.200000 -0.156820
v 2.814538 0.200000 -0.156820
v 2.814095 0.203090 -0.156609
v 2.812811 0.205878 -0.155995
v 2.810812 0.208090 -0.155039
v 2.808293 0.209511 -0.153835
v 2.805500 0.210000 -0.152500
v 2.816782 -0.210000 -0.132061
v 2.819381 -0.209511 -0.133747
v 2.821727 -0.208090 -0.135267
v 2.823587 -0.205878 -0.136474
v 2.824782 -0.203090 -0.137249
v 2.825194 -0.200000 -0.137516
v 2.825194 0.200000 -0.137516
v 2.824782 0.203090 -0.137249
v 2.823587 0.205878 -0.136474
v 2.821727 0.208090 -0.135267
v 2.819381 0.209511 -0.133747
v 2.816782 0.210000 -0.132061
v 2.829592 -0.210000 -0.115074
v 2.831901 -0.209511 -0.117145
v 2.833983 -0.208090 -0.119014
v 2.835636 -0.205878 -0.120497
v 2.836697 -0.203090 -0.121449
v 2.837062 -0.200000 -0.121777
v 2.837062 0.200000 -0.121777
v 2.836697 0.203090 -0.121449
v 2.835636 0.205878 -0.120497
v 2.833983 0.208090 -0.119014
v 2.831901 0.209511 -0.117145
v 2.829592 0.210000 -0.115074
v 2.843875 -0.210000 -0.101656
v 2.845766 -0.209511 -0.104120
v 2.847471 -0.208090 -0.106343
v 2.848825 -0.205878 -0.108107
v 2.849694 -0.203090 -0.109239
v 2.849993 -0.200000 -0.109629
v 2.849993 0.200000 -0.109629
v 2.849694 0.203090 -0.109239
v 2.848825 0.205878 -0.108107
v 2.847471 0.208090 -0.106343
v 2.845766 0.209511 -0.104120
v 2.843875 0.210000 -0.101656
v 2.859574 -0.210000 -0.091926
v 2.860911 -0.209511 -0.094733
v 2.862117 -0.208090 -0.097265
v 2.863075 -0.205878 -0.099274
v 2.863689 -0.203090 -0.100565
v 2.863901 -0.200000 -0.101009
v 2.863901 0.200000 -0.101009
v 2.863689 0.203090 -0.100565
v 2.863075 0.205878 -0.099274
v 2.862117 0.208090 -0.097265
v 2.860911 0.209511 -0.094733
v 2.859574 0.210000 -0.091926
v 2.876634 -0.210000 -0.086001
v 2.877317 -0.209511 -0.089035
v 2.877933 -0.208090 -0.091772
v 2.878422 -0.205878 -0.093944
v 2.878736 -0.203090 -0.095339
v 2.878844 -0.200000 -0.095820
v 2.878844 0.200000 -0.095820
v 2.878736 0.203090 -0.095339
v 2.878422 0.205878 -0.093944
v 2.877933 0.208090 -0.091772
v 2.877317 0.209511 -0.089035
v 2.876634 0.210000 -0.086001
v 2.895000 -0.210000 -0.084000
v 2.895000 -0.209511 -0.087108
v 2.895000 -0.208090 -0.089913
v 2.895000 -0.205878 -0.092138
v 2.895000 -0.203090 -0.093567
v 2.895000 -0.200000 -0.094059
v 2.895000 0.200000 -0.094059
v 2.895000 0.203090 -0.093567
v 2.895000 0.205878 -0.092138
v 2.895000 0.208090 -0.089913
v 2.895000 0.209511 -0.087108
v 2.895000 0.210000 -0.084000
v 2.913365 -0.210000 -0.086001
v 2.912682 -0.209511 -0.089035
v 2.912066 -0.208090 -0.091772
v 2.911577 -0.205878 -0.093944
v 2.911263 -0.203090 -0.095339
v 2.911155 -0.200000 -0.095820
v 2.911155 0.200000 -0.095820
v 2.911263 0.203090 -0.095339
v 2.911577 0.205878 -0.093944
v 2.912066 0.208090 -0.091772
v 2.912682 0.209511 -0.089035
v 2.913365 0.210000 -0.086001
v 2.930425 -0.210000 -0.091926
v 2.929088 -0.209511 -0.094733
v 2.927882 -0.208090 -0.097265
v 2.926925 -0.205878 -0.099274
v 2.926310 -0.203090 -0.100565
v 2.926099 -0.200000 -0.101009
v 2.926099 0.200000 -0.101009
v 2.926310 0.203090 -0.100565
v 2.926925 0.205878 -0.099274
v 2.927882 0.208090 -0.097265
v 2.929088 0.209511 -0.094733
v 2.930425 0.210000 -0.091926
v 2.946125 -0.210000 -0.101656
v 2.944234 -0.209511 -0.104120
v 2.942528 -0.208090 -0.106343
v 2.941175 -0.205878 -0.108107
v 2.940306 -0.203090 -0.109239
v 2.940006 -0.200000 -0.109629
v 2.940006 0.200000 -0.109629
v 2.940306 0.203090 -0.109239
v 2.941175 0.205878 -0.108107
v 2.942528 0.208090 -0.106343
v 2.944234 0.209511 -0.104120
v 2.946125 0.210000 -0.101656
v 2.960407 -0.210000 -0.115074
v 2.958099 -0.209511 -0.117146
v 2.956016 -0.208090 -0.119014
v 2.954364 -0.205878 -0.120497
v 2.953303 -0.203090 -0.121449
v 2.952937 -0.200000 -0.121777
v 2.952937 0.200000 -0.121777
v 2.953303 0.203090 -0.121449
v 2.954364 0.205878 -0.120497
v 2.956016 0.208090 -0.119014
v 2.958099 0.209511 -0.117146
v 2.960407 0.210000 -0.115074
v 2.973217 -0.210000 -0.132061
v 2.970618 -0.209511 -0.133747
v 2.968273 -0.208090 -0.135267
v 2.966412 -0.205878 -0.136474
v 2.965217 -0.203090 -0.137249
v 2.964806 -0.200000 -0.137516
v 2.964806 0.200000 -0.137516
v 2.965217 0.203090 -0.137249
v 2.966412 0.205878 -0.136474
v 2.968273 0.208090 -0.135267
v 2.970618 0.209511 -0.133747
v 2.973217 0.210000 -0.132061
v 2.984500 -0.210000 -0.152500
v 2.981707 -0.209511 -0.153835
v 2.979187 -0.208090 -0.155039
v 2.977188 -0.205878 -0.155995
v 2.975904 -0.203090 -0.156609
v 2.975462 -0.200000 -0.156820
v 2.975462 0.200000 -0.156820
v 2.975904 0.203090 -0.156609
v 2.977188 0.205878 -0.155995
v 2.979187 0.208090 -0.155039
v 2.981707 0.209511 -0.153835
v 2.984500 0.210000 -0.152500
v 2.994199 -0.210000 -0.176272
v 2.991281 -0.209511 -0.177300
v 2.988649 -0.208090 -0.178228
v 2.986560 -0.205878 -0.178964
v 2.985218 -0.203090 -0.179437
v 2.984756 -0.200000 -0.179600
v 2.984756 0.200000 -0.179600
v 2.985218 0.203090 -0.179437
v 2.986560 0.205878 -0.178964
v 2.988649 0.208090 -0.178228
v 2.991281 0.209511 -0.177300
v 2.994199 0.210000 -0.176272
v 3.002259 -0.210000 -0.203259
v 2.999262 -0.209511 -0.204023
v 2.996558 -0.208090 -0.204711
v 2.994413 -0.205878 -0.205258
v 2.993035 -0.203090 -0.205608
v 2.992560 -0.200000 -0.205729
v 2.992560 0.200000 -0.205729
v 2.993035 0.203090 -0.205608
v 2.994413 0.205878 -0.205258
v 2.996558 0.208090 -0.204711
v 2.999262 0.209511 -0.204023
v 3.002259 0.210000 -0.203259
v 3.008625 -0.210000 -0.233344
v 3.005579 -0.209511 -0.233878
v 3.002832 -0.208090 -0.234360
v 3.000651 -0.205878 -0.234742
v 2.999252 -0.203090 -0.234988
v 2.998769 -0.200000 -0.235072
v 2.998769 0.200000 -0.235072
v 2.999252 0.203090 -0.234988
v 3.000651 0.205878 -0.234742
v 3.002832 0.208090 -0.234360
v 3.005579 0.209511 -0.233878
v 3.008625 0.210000 -0.233344
v 3.013241 -0.210000 -0.266407
v 3.010167 -0.209511 -0.266742
v 3.007395 -0.208090 -0.267044
v 3.005194 -0.205878 -0.267283
v 3.003782 -0.203090 -0.267437
v 3.003295 -0.200000 -0.267490
v 3.003295 0.200000 -0.267490
v 3.003782 0.203090 -0.267437
v 3.005194 0.205878 -0.267283
v 3.007395 0.208090 -0.267044
v 3.010167 0.209511 -0.266742
v 3.013241 0.210000 -0.266407
v 3.016051 -0.210000 -0.302332
v 3.012964 -0.209511 -0.302491
v 3.010179 -0.208090 -0.302634
v 3.007968 -0.205878 -0.302747
v 3.006549 -0.203090 -0.302820
v 3.006060 -0.200000 -0.302845
v 3.006060 0.200000 -0.302845
v 3.006549 0.203090 -0.302820
v 3.007968 0.205878 -0.302747
v 3.010179 0.208090 -0.302634
v 3.012964 0.209511 -0.302491
v 3.016051 0.210000 -0.302332
v 3.017000 -0.210000 -0.341000
v 3.013909 -0.209511 -0.341000
v 3.011120 -0.208090 -0.341000
v 3.008907 -0.205878 -0.341000
v 3.007487 -0.203090 -0.341000
v 3.006997 -0.200000 -0.341000
v 3.006997 0.200000 -0.341000
v 3.007487 0.203090 -0.341000
v 3.008907 0.205878 -0.341000
v 3.011120 0.208090 -0.341000
v 3.013909 0.209511 -0.341000
v 3.017000 0.210000 -0.341000
v 3.016051 -0.210000 -0.379668
v 3.012964 -0.209511 -0.379509
v 3.010179 -0.208090 -0.379366
v 3.007969 -0.205878 -0.379253
v 3.006550 -0.203090 -0.379180
v 3.006061 -0.200000 -0.379155
v 3.006061 0.200000 -0.379155
v 3.006550 0.203090 -0.379180
v 3.007969 0.205878 -0.379253
v 3.010179 0.208090 -0.379366
v 3.012964 0.209511 -0.379509
v 3.016051 0.210000 -0.379668
v 3.013241 -0.210000 -0.415593
v 3.010168 -0.209511 -0.415258
v 3.007395 -0.208090 -0.414956
v 3.005195 -0.205878 -0.414717
v 3.003782 -0.203090 -0.414563
v 3.003295 -0.200000 -0.414510
v 3.003295 0.200000 -0.414510
v 3.003782 0.203090 -0.414563
v 3.005195 0.205878 -0.414717
v 3.007395 0.208090 -0.414956
v 3.010168 0.209511 -0.415258
v 3.013241 0.210000 -0.415593
v 3.008625 -0.210000 -0.448656
v 3.005580 -0.209511 -0.448122
v 3.002832 -0.208090 -0.447640
v 3.000652 -0.205878 -0.447258
v 2.999252 -0.203090 -0.447012
v 2.998770 -0.200000 -0.446928
v 2.998770 0.200000 -0.446928
v 2.999252 0.203090 -0.447012
v 3.000652 0.205878 -0.447258
v 3.002832 0.208090 -0.447640
v 3.005580 0.209511 -0.448122
v 3.008625 0.210000 -0.448656
v 3.002259 -0.210000 -0.478741
v 2.999262 -0.209511 -0.477977
v 2.996559 -0.208090 -0.477289
v 2.994413 -0.205878 -0.476742
v 2.993035 -0.203090 -0.476392
v 2.992561 -0.200000 -0.476271
v 2.992561 0.200000 -0.476271
v 2.993035 0.203090 -0.476392
v 2.994413 0.205878 -0.476742
v 2.996559 0.208090 -0.477289
v 2.999262 0.209511 -0.477977
v 3.002259 0.210000 -0.478741
v 2.994199 -0.210000 -0.505728
v 2.991281 -0.209511 -0.504700
v 2.988649 -0.208090 -0.503772
v 2.986560 -0.205878 -0.503036
v 2.985219 -0.203090 -0.502563
v 2.984757 -0.200000 -0.502400
v 2.984757 0.200000 -0.502400
v 2.985219 0.203090 -0.502563
v 2.986560 0.205878 -0.503036
v 2.988649 0.208090 -0.503772
v 2.991281 0.209511 -0.504700
v 2.994199 0.210000 -0.505728
v 2.984500 -0.210000 -0.529500
v 2.981707 -0.209511 -0.528165
v 2.979188 -0.208090 -0.526961
v 2.977189 -0.205878 -0.526005
v 2.975905 -0.203090 -0.525391
v 2.975462 -0.200000 -0.525180
v 2.975462 0.200000 -0.525180
v 2.975905 0.203090 -0.525391
v 2.977189 0.205878 -0.526005
v 2.979188 0.208090 -0.526961
v 2.981707 0.209511 -0.528165
v 2.984500 0.210000 -0.529500
v 2.973218 -0.210000 -0.549939
v 2.970618 -0.209511 -0.548253
v 2.968273 -0.208090 -0.546733
v 2.966413 -0.205878 -0.545526
v 2.965218 -0.203090 -0.544751
v 2.964806 -0.200000 -0.544484
v 2.964806 0.200000 -0.544484
v 2.965218 0.203090 -0.544751
v 2.966413 0.205878 -0.545526
v 2.968273 0.208090 -0.546733
v 2.970618 0.209511 -0.548253
v 2.973218 0.210000 -0.549939
v 2.960407 -0.210000 -0.566926
v 2.958099 -0.209511 -0.564855
v 2.956017 -0.208090 -0.562986
v 2.954364 -0.205878 -0.561503
v 2.953303 -0.203090 -0.560551
v 2.952938 -0.200000 -0.560223
v 2.952938 0.200000 -0.560223
v 2.953303 0.203090 -0.560551
v 2.954364 0.205878 -0.561503
v 2.956017 0.208090 -0.562986
v 2.958099 0.209511 -0.564855
v 2.960407 0.210000 -0.566926
v 2.946125 -0.210000 -0.580344
v 2.944234 -0.209511 -0.577880
v 2.942529 -0.208090 -0.575657
v 2.941175 -0.205878 -0.573894
v 2.940306 -0.203090 -0.572761
v 2.940007 -0.200000 -0.572371
v 2.940007 0.200000 -0.572371
v 2.940306 0.203090 -0.572761
v 2.941175 0.205878 -0.573894
v 2.942529 0.208090 -0.575657
v 2.944234 0.209511 -0.577880
v 2.946125 0.210000 -0.580344
v 2.930426 -0.210000 -0.590074
v 2.929089 -0.209511 -0.587267
v 2.927883 -0.208090 -0.584735
v 2.926925 -0.205878 -0.582726
v 2.926311 -0.203090 -0.581435
v 2.926099 -0.200000 -0.580991
v 2.926099 0.200000 -0.580991
v 2.926311 0.203090 -0.581435
v 2.926925 0.205878 -0.582726
v 2.927883 0.208090 -0.584735
v 2.929089 0.209511 -0.587267
v 2.930426 0.210000 -0.590074
v 2.913366 -0.210000 -0.595999
v 2.912683 -0.209511 -0.592965
v 2.912067 -0.208090 -0.590228
v 2.911578 -0.205878 -0.588056
v 2.911264 -0.203090 -0.586661
v 2.911156 -0.200000 -0.586181
v 2.911156 0.200000 -0.586181
v 2.911264 0.203090 -0.586661
v 2.911578 0.205878 -0.588056
v 2.912067 0.208090 -0.590228
v 2.912683 0.209511 -0.592965
v 2.913366 0.210000 -0.595999
v 2.895000 -0.210000 -0.598000
v 2.895000 -0.209511 -0.594892
v 2.895000 -0.208090 -0.592087
v 2.895000 -0.205878 -0.589862
v 2.895000 -0.203090 -0.588433
v 2.895000 -0.200000 -0.587941
v 2.895000 0.200000 -0.587941
v 2.895000 0.203090 -0.588433
v 2.895000 0.205878 -0.589862
v 2.895000 0.208090 -0.592087
v 2.895000 0.209511 -0.594892
v 2.895000 0.210000 -0.598000
v 3.362942 -0.210000 0.006124
v 3.362381 -0.209511 0.009176
v 3.361874 -0.208090 0.011929
v 3.361472 -0.205878 0.014115
v 3.361214 -0.203090 0.015518
v 3.361125 -0.200000 0.016001
v 3.361125 0.200000 0.016001
v 3.361214 0.203090 0.015518
v 3.361472 0.205878 0.014115
v 3.361874 0.208090 0.011929
v 3.362381 0.209511 0.009176
v 3.362942 0.210000 0.006124
v 3.332870 -0.210000 -0.002343
v 3.331757 -0.209511 0.000554
v 3.330753 -0.208090 0.003168
v 3.329956 -0.205878 0.005242
v 3.329444 -0.203090 0.006573
v 3.329268 -0.200000 0.007032
v 3.329268 0.200000 0.007032
v 3.329444 0.203090 0.006573
v 3.329956 0.205878 0.005242
v 3.330753 0.208090 0.003168
v 3.331757 0.209511 0.000554
v 3.332870 0.210000 -0.002343
v 3.304937 -0.210000 -0.016156
v 3.303323 -0.209511 -0.013507
v 3.301866 -0.208090 -0.011118
v 3.300710 -0.205878 -0.009222
v 3.299968 -0.203090 -0.008004
v 3.299712 -0.200000 -0.007584
v 3.299712 0.200000 -0.007584
v 3.299968 0.203090 -0.008004
v 3.300710 0.205878 -0.009222
v 3.301866 0.208090 -0.011118
v 3.303323 0.209511 -0.013507
v 3.304937 0.210000 -0.016156
v 3.279296 -0.210000 -0.035074
v 3.277260 -0.209511 -0.032737
v 3.275422 -0.208090 -0.030628
v 3.273964 -0.205878 -0.028954
v 3.273028 -0.203090 -0.027880
v 3.272705 -0.200000 -0.027510
v 3.272705 0.200000 -0.027510
v 3.273028 0.203090 -0.027880
v 3.273964 0.205878 -0.028954
v 3.275422 0.208090 -0.030628
v 3.277260 0.209511 -0.032737
v 3.279296 0.210000 -0.035074
v 3.256099 -0.210000 -0.058853
v 3.253730 -0.209511 -0.056856
v 3.251593 -0.208090 -0.055055
v 3.249897 -0.205878 -0.053626
v 3.248808 -0.203090 -0.052708
v 3.248433 -0.200000 -0.052392
v 3.248433 0.200000 -0.052392
v 3.248808 0.203090 -0.052708
v 3.249897 0.205878 -0.053626
v 3.251593 0.208090 -0.055055
v 3.253730 0.209511 -0.056856
v 3.256099 0.210000 -0.058853
v 3.235500 -0.210000 -0.087250
v 3.232882 -0.209511 -0.085597
v 3.230519 -0.208090 -0.084106
v 3.228645 -0.205878 -0.082922
v 3.227441 -0.203090 -0.082162
v 3.227026 -0.200000 -0.081900
v 3.227026 0.200000 -0.081900
v 3.227441 0.203090 -0.082162
v 3.228645 0.205878 -0.082922
v 3.230519 0.208090 -0.084106
v 3.232882 0.209511 -0.085597
v 3.235500 0.210000 -0.087250
v 3.217650 -0.210000 -0.120022
v 3.214852 -0.209511 -0.118699
v 3.212328 -0.208090 -0.117505
v 3.210325 -0.205878 -0.116557
v 3.209039 -0.203090 -0.115949
v 3.208596 -0.200000 -0.115740
v 3.208596 0.200000 -0.115740
v 3.209039 0.203090 -0.115949
v 3.210325 0.205878 -0.116557
v 3.212328 0.208090 -0.117505
v 3.214852 0.209511 -0.118699
v 3.217650 0.210000 -0.120022
v 3.202704 -0.210000 -0.156926
v 3.199781 -0.209511 -0.155911
v 3.197144 -0.208090 -0.154995
v 3.195051 -0.205878 -0.154269
v 3.193708 -0.203090 -0.153802
v 3.193245 -0.200000 -0.153641
v 3.193245 0.200000 -0.153641
v 3.193708 0.203090 -0.153802
v 3.195051 0.205878 -0.154269
v 3.197144 0.208090 -0.154995
v 3.199781 0.209511 -0.155911
v 3.202704 0.210000 -0.156926
v 3.190813 -0.210000 -0.197719
v 3.187807 -0.209511 -0.196989
v 3.185095 -0.208090 -0.196330
v 3.182943 -0.205878 -0.195807
v 3.181561 -0.203090 -0.195471
v 3.181085 -0.200000 -0.195356
v 3.181085 0.200000 -0.195356
v 3.181561 0.203090 -0.195471
v 3.182943 0.205878 -0.195807
v 3.185095 0.208090 -0.196330
v 3.187807 0.209511 -0.196989
v 3.190813 0.210000 -0.197719
v 3.182130 -0.210000 -0.242157
v 3.179072 -0.209511 -0.241690
v 3.176315 -0.208090 -0.241267
v 3.174126 -0.205878 -0.240932
v 3.172721 -0.203090 -0.240717
v 3.172236 -0.200000 -0.240643
v 3.172236 0.200000 -0.240643
v 3.172721 0.203090 -0.240717
v 3.174126 0.205878 -0.240932
v 3.176315 0.208090 -0.241267
v 3.179072 0.209511 -0.241690
v 3.182130 0.210000 -0.242157
v 3.176808 -0.210000 -0.289999
v 3.173724 -0.209511 -0.289773
v 3.170942 -0.208090 -0.289569
v 3.168734 -0.205878 -0.289408
v 3.167316 -0.203090 -0.289304
v 3.166827 -0.200000 -0.289268
v 3.166827 0.200000 -0.289268
v 3.167316 0.203090 -0.289304
v 3.168734 0.205878 -0.289408
v 3.170942 0.208090 -0.289569
v 3.173724 0.209511 -0.289773
v 3.176808 0.210000 -0.289999
v 3.175000 -0.210000 -0.341000
v 3.171908 -0.209511 -0.341000
v 3.169118 -0.208090 -0.341000
v 3.166905 -0.205878 -0.341000
v 3.165483 -0.203090 -0.341000
v 3.164994 -0.200000 -0.341000
v 3.164994 0.200000 -0.341000
v 3.165483 0.203090 -0.341000
v 3.166905 0.205878 -0.341000
v 3.169118 0.208090 -0.341000
v 3.171908 0.209511 -0.341000
v 3.175000 0.210000 -0.341000
v 3.176808 -0.210000 -0.392001
v 3.173724 -0.209511 -0.392227
v 3.170942 -0.208090 -0.392431
v 3.168734 -0.205878 -0.392593
v 3.167316 -0.203090 -0.392696
v 3.166828 -0.200000 -0.392732
v 3.166828 0.200000 -0.392732
v 3.167316 0.203090 -0.392696
v 3.168734 0.205878 -0.392593
v 3.170942 0.208090 -0.392431
v 3.173724 0.209511 -0.392227
v 3.176808 0.210000 -0.392001
v 3.182130 -0.210000 -0.439843
v 3.179073 -0.209511 -0.440311
v 3.176315 -0.208090 -0.440733
v 3.174126 -0.205878 -0.441068
v 3.172721 -0.203090 -0.441283
v 3.172237 -0.200000 -0.441357
v 3.172237 0.200000 -0.441357
v 3.172721 0.203090 -0.441283
v 3.174126 0.205878 -0.441068
v 3.176315 0.208090 -0.440733
v 3.179073 0.209511 -0.440311
v 3.182130 0.210000 -0.439843
v 3.190813 -0.210000 -0.484281
v 3.187807 -0.209511 -0.485012
v 3.185095 -0.208090 -0.485670
v 3.182943 -0.205878 -0.486193
v 3.181561 -0.203090 -0.486529
v 3.181085 -0.200000 -0.486644
v 3.181085 0.200000 -0.486644
v 3.181561 0.203090 -0.486529
v 3.182943 0.205878 -0.486193
v 3.185095 0.208090 -0.485670
v 3.187807 0.209511 -0.485012
v 3.190813 0.210000 -0.484281
v 3.202704 -0.210000 -0.525074
v 3.199781 -0.209511 -0.526089
v 3.197144 -0.208090 -0.527005
v 3.195052 -0.205878 -0.527732
v 3.193708 -0.203090 -0.528198
v 3.193245 -0.200000 -0.528359
v 3.193245 0.200000 -0.528359
v 3.193708 0.203090 -0.528198
v 3.195052 0.205878 -0.527732
v 3.197144 0.208090 -0.527005
v 3.199781 0.209511 -0.526089
v 3.202704 0.210000 -0.525074
v 3.217651 -0.210000 -0.561978
v 3.214853 -0.209511 -0.563301
v 3.212328 -0.208090 -0.564495
v 3.210325 -0.205878 -0.565443
v 3.209039 -0.203090 -0.566051
v 3.208596 -0.200000 -0.566261
v 3.208596 0.200000 -0.566261
v 3.209039 0.203090 -0.566051
v 3.210325 0.205878 -0.565443
v 3.212328 0.208090 -0.564495
v 3.214853 0.209511 -0.563301
v 3.217651 0.210000 -0.561978
v 3.235500 -0.210000 -0.594750
v 3.232882 -0.209511 -0.596403
v 3.230520 -0.208090 -0.597895
v 3.228645 -0.205878 -0.599078
v 3.227442 -0.203090 -0.599838
v 3.227027 -0.200000 -0.600100
v 3.227027 0.200000 -0.600100
v 3.227442 0.203090 -0.599838
v 3.228645 0.205878 -0.599078
v 3.230520 0.208090 -0.597895
v 3.232882 0.209511 -0.596403
v 3.235500 0.210000 -0.594750
v 3.256100 -0.210000 -0.623147
v 3.253731 -0.209511 -0.625144
v 3.251593 -0.208090 -0.626945
v 3.249897 -0.205878 -0.628375
v 3.248808 -0.203090 -0.629292
v 3.248433 -0.200000 -0.629609
v 3.248433 0.200000 -0.629609
v 3.248808 0.203090 -0.629292
v 3.249897 0.205878 -0.628375
v 3.251593 0.208090 -0.626945
v 3.253731 0.209511 -0.625144
v 3.256100 0.210000 -0.623147
v 3.279296 -0.210000 -0.646926
v 3.277260 -0.209511 -0.649264
v 3.275422 -0.208090 -0.651372
v 3.273964 -0.205878 -0.653046
v 3.273028 -0.203090 -0.654120
v 3.272706 -0.200000 -0.654491
v 3.272706 0.200000 -0.654491
v 3.273028 0.203090 -0.654120
v 3.273964 0.205878 -0.653046
v 3.275422 0.208090 -0.651372
v 3.277260 0.209511 -0.649264
v 3.279296 0.210000 -0.646926
v 3.304938 -0.210000 -0.665844
v 3.303323 -0.209511 -0.668493
v 3.301866 -0.208090 -0.670882
v 3.300710 -0.205878 -0.672779
v 3.299968 -0.203090 -0.673996
v 3.299712 -0.200000 -0.674416
v 3.299712 0.200000 -0.674416
v 3.299968 0.203090 -0.673996
v 3.300710 0.205878 -0.672779
v 3.301866 0.208090 -0.670882
v 3.303323 0.209511 -0.668493
v 3.304938 0.210000 -0.665844
v 3.332870 -0.210000 -0.679657
v 3.331757 -0.209511 -0.682554
v 3.330753 -0.208090 -0.685168
v 3.329956 -0.205878 -0.687242
v 3.329445 -0.203090 -0.688573
v 3.329268 -0.200000 -0.689032
v 3.329268 0.200000 -0.689032
v 3.329445 0.203090 -0.688573
v 3.329956 0.205878 -0.687242
v 3.330753 0.208090 -0.685168
v 3.331757 0.209511 -0.682554
v 3.332870 0.210000 -0.679657
v 3.362942 -0.210000 -0.688124
v 3.362381 -0.209511 -0.691176
v 3.361874 -0.208090 -0.693929
v 3.361472 -0.205878 -0.696115
v 3.361214 -0.203090 -0.697518
v 3.361125 -0.200000 -0.698001
v 3.361125 0.200000 -0.698001
v 3.361214 0.203090 -0.697518
v 3.361472 0.205878 -0.696115
v 3.361874 0.208090 -0.693929
v 3.362381 0.209511 -0.691176
v 3.362942 0.210000 -0.688124
v 3.395000 -0.210000 -0.691000
v 3.395000 -0.209511 -0.694103
v 3.395000 -0.208090 -0.696902
v 3.395000 -0.205878 -0.699123
v 3.395000 -0.203090 -0.700549
v 3.395000 -0.200000 -0.701040
v 3.395000 0.200000 -0.701040
v 3.395000 0.203090 -0.700549
v 3.395000 0.205878 -0.699123
v 3.395000 0.208090 -0.696902
v 3.395000 0.209511 -0.694103
v 3.395000 0.210000 -0.691000
v 3.427058 -0.210000 -0.688124
v 3.427619 -0.209511 -0.691176
v 3.428126 -0.208090 -0.693930
v 3.428528 -0.205878 -0.696115
v 3.428786 -0.203090 -0.697518
v 3.428875 -0.200000 -0.698001
v 3.428875 0.200000 -0.698001
v 3.428786 0.203090 -0.697518
v 3.428528 0.205878 -0.696115
v 3.428126 0.208090 -0.693930
v 3.427619 0.209511 -0.691176
v 3.427058 0.210000 -0.688124
v 3.457130 -0.210000 -0.679658
v 3.458243 -0.209511 -0.682554
v 3.459247 -0.208090 -0.685168
v 3.460044 -0.205878 -0.687242
v 3.460556 -0.203090 -0.688573
v 3.460732 -0.200000 -0.689032
v 3.460732 0.200000 -0.689032
v 3.460556 0.203090 -0.688573
v 3.460044 0.205878 -0.687242
v 3.459247 0.208090 -0.685168
v 3.458243 0.209511 -0.682554
v 3.457130 0.210000 -0.679658
v 3.485063 -0.210000 -0.665844
v 3.486677 -0.209511 -0.668493
v 3.488134 -0.208090 -0.670882
v 3.489290 -0.205878 -0.672779
v 3.490032 -0.203090 -0.673996
v 3.490288 -0.200000 -0.674416
v 3.490288 0.200000 -0.674416
v 3.490032 0.203090 -0.673996
v 3.489290 0.205878 -0.672779
v 3.488134 0.208090 -0.670882
v 3.486677 0.209511 -0.668493
v 3.485063 0.210000 -0.665844
v 3.510704 -0.210000 -0.646926
v 3.512740 -0.209511 -0.649264
v 3.514578 -0.208090 -0.651372
v 3.516036 -0.205878 -0.653046
v 3.516972 -0.203090 -0.654120
v 3.517295 -0.200000 -0.654490
v 3.517295 0.200000 -0.654490
v 3.516972 0.203090 -0.654120
v 3.516036 0.205878 -0.653046
v 3.514578 0.208090 -0.651372
v 3.512740 0.209511 -0.649264
v 3.510704 0.210000 -0.646926
v 3.533900 -0.210000 -0.623147
v 3.536270 -0.209511 -0.625144
v 3.538407 -0.208090 -0.626945
v 3.540103 -0.205878 -0.628375
v 3.541192 -0.203090 -0.629292
v 3.541567 -0.200000 -0.629609
v 3.541567 0.200000 -0.629609
v 3.541192 0.203090 -0.629292
v 3.540103 0.205878 -0.628375
v 3.538407 0.208090 -0.626945
v 3.536270 0.209511 -0.625144
v 3.533900 0.210000 -0.623147
v 3.554500 -0.210000 -0.594750
v 3.557118 -0.209511 -0.596403
v 3.559481 -0.208090 -0.597894
v 3.561355 -0.205878 -0.599078
v 3.562559 -0.203090 -0.599838
v 3.562973 -0.200000 -0.600100
v 3.562973 0.200000 -0.600100
v 3.562559 0.203090 -0.599838
v 3.561355 0.205878 -0.599078
v 3.559481 0.208090 -0.597894
v 3.557118 0.209511 -0.596403
v 3.554500 0.210000 -0.594750
v 3.572350 -0.210000 -0.561978
v 3.575148 -0.209511 -0.563301
v 3.577672 -0.208090 -0.564495
v 3.579675 -0.205878 -0.565443
v 3.580961 -0.203090 -0.566051
v 3.581404 -0.200000 -0.566260
v 3.581404 0.200000 -0.566260
v 3.580961 0.203090 -0.566051
v 3.579675 0.205878 -0.565443
v 3.577672 0.208090 -0.564495
v 3.575148 0.209511 -0.563301
v 3.572350 0.210000 -0.561978
v 3.587296 -0.210000 -0.525074
v 3.590219 -0.209511 -0.526089
v 3.592856 -0.208090 -0.527005
v 3.594949 -0.205878 -0.527731
v 3.596292 -0.203090 -0.528198
v 3.596755 -0.200000 -0.528359
v 3.596755 0.200000 -0.528359
v 3.596292 0.203090 -0.528198
v 3.594949 0.205878 -0.527731
v 3.592856 0.208090 -0.527005
v 3.590219 0.209511 -0.526089
v 3.587296 0.210000 -0.525074
v 3.599187 -0.210000 -0.484281
v 3.602193 -0.209511 -0.485011
v 3.604905 -0.208090 -0.485670
v 3.607057 -0.205878 -0.486193
v 3.608439 -0.203090 -0.486529
v 3.608915 -0.200000 -0.486644
v 3.608915 0.200000 -0.486644
v 3.608439 0.203090 -0.486529
v 3.607057 0.205878 -0.486193
v 3.604905 0.208090 -0.485670
v 3.602193 0.209511 -0.485011
v 3.599187 0.210000 -0.484281
v 3.607870 -0.210000 -0.439843
v 3.610928 -0.209511 -0.440311
v 3.613685 -0.208090 -0.440733
v 3.615874 -0.205878 -0.441068
v 3.617279 -0.203090 -0.441283
v 3.617764 -0.200000 -0.441357
v 3.617764 0.200000 -0.441357
v 3.617279 0.203090 -0.441283
v 3.615874 0.205878 -0.441068
v 3.613685 0.208090 -0.440733
v 3.610928 0.209511 -0.440311
v 3.607870 0.210000 -0.439843
v 3.613192 -0.210000 -0.392001
v 3.616276 -0.209511 -0.392227
v 3.619058 -0.208090 -0.392431
v 3.621266 -0.205878 -0.392593
v 3.622684 -0.203090 -0.392696
v 3.623173 -0.200000 -0.392732
v 3.623173 0.200000 -0.392732
v 3.622684 0.203090 -0.392696
v 3.621266 0.205878 -0.392593
v 3.619058 0.208090 -0.392431
v 3.616276 0.209511 -0.392227
v 3.613192 0.210000 -0.392001
v 3.615000 -0.210000 -0.341000
v 3.618092 -0.209511 -0.341000
v 3.620882 -0.208090 -0.341000
v 3.623095 -0.205878 -0.341000
v 3.624516 -0.203090 -0.341000
v 3.625006 -0.200000 -0.341000
v 3.625006 0.200000 -0.341000
v 3.624516 0.203090 -0.341000
v 3.623095 0.205878 -0.341000
v 3.620882 0.208090 -0.341000
v 3.618092 0.209511 -0.341000
v 3.615000 0.210000 -0.341000
v 3.613192 -0.210000 -0.289999
v 3.616276 -0.209511 -0.289773
v 3.619058 -0.208090 -0.289569
v 3.621266 -0.205878 -0.289407
v 3.622684 -0.203090 -0.289304
v 3.623172 -0.200000 -0.289268
v 3.623172 0.200000 -0.289268
v 3.622684 0.203090 -0.289304
v 3.621266 0.205878 -0.289407
v 3.619058 0.208090 -0.289569
v 3.616276 0.209511 -0.289773
v 3.613192 0.210000 -0.289999
v 3.607870 -0.210000 -0.242157
v 3.610927 -0.209511 -0.241690
v 3.613685 -0.208090 -0.241267
v 3.615874 -0.205878 -0.240932
v 3.617279 -0.203090 -0.240717
v 3.617763 -0.200000 -0.240643
v 3.617763 0.200000 -0.240643
v 3.617279 0.203090 -0.240717
v 3.615874 0.205878 -0.240932
v 3.613685 0.208090 -0.241267
v 3.610927 0.209511 -0.241690
v 3.607870 0.210000 -0.242157
v 3.599187 -0.210000 -0.197719
v 3.602193 -0.209511 -0.196989
v 3.604905 -0.208090 -0.196330
v 3.607057 -0.205878 -0.195807
v 3.608438 -0.203090 -0.195471
v 3.608915 -0.200000 -0.195356
v 3.608915 0.200000 -0.195356
v 3.608438 0.203090 -0.195471
v 3.607057 0.205878 -0.195807
v 3.604905 0.208090 -0.196330
v 3.602193 0.209511 -0.196989
v 3.599187 0.210000 -0.197719
v 3.587296 -0.210000 -0.156926
v 3.590219 -0.209511 -0.155911
v 3.592856 -0.208090 -0.154995
v 3.594948 -0.205878 -0.154269
v 3.596292 -0.203090 -0.153802
v 3.596755 -0.200000 -0.153641
v 3.596755 0.200000 -0.153641
v 3.596292 0.203090 -0.153802
v 3.594948 0.205878 -0.154269
v 3.592856 0.208090 -0.154995
v 3.590219 0.209511 -0.155911
v 3.587296 0.210000 -0.156926
v 3.572349 -0.210000 -0.120022
v 3.575147 -0.209511 -0.118699
v 3.577672 -0.208090 -0.117505
v 3.579675 -0.205878 -0.116557
v 3.580961 -0.203090 -0.115949
v 3.581404 -0.200000 -0.115740
v 3.581404 0.200000 -0.115740
v 3.580961 0.203090 -0.115949
v 3.579675 0.205878 -0.116557
v 3.577672 0.208090 -0.117505
v 3.575147 0.209511 -0.118699
v 3.572349 0.210000 -0.120022
v 3.554500 -0.210000 -0.087250
v 3.557118 -0.209511 -0.085597
v 3.559480 -0.208090 -0.084106
v 3.561355 -0.205878 -0.082922
v 3.562558 -0.203090 -0.082162
v 3.562973 -0.200000 -0.081900
v 3.562973 0.200000 -0.081900
v 3.562558 0.203090 -0.082162
v 3.561355 0.205878 -0.082922
v 3.559480 0.208090 -0.084106
v 3.557118 0.209511 -0.085597
v 3.554500 0.210000 -0.087250
v 3.533900 -0.210000 -0.058853
v 3.536269 -0.209511 -0.056856
v 3.538407 -0.208090 -0.055055
v 3.540103 -0.205878 -0.053626
v 3.541192 -0.203090 -0.052708
v 3.541567 -0.200000 -0.052392
v 3.541567 0.200000 -0.052392
v 3.541192 0.203090 -0.052708
v 3.540103 0.205878 -0.053626
v 3.538407 0.208090 -0.055055
v 3.536269 0.209511 -0.056856
v 3.533900 0.210000 -0.058853
v 3.510704 -0.210000 -0.035074
v 3.512740 -0.209511 -0.032737
v 3.514578 -0.208090 -0.030628
v 3.516036 -0.205878 -0.028954
v 3.516972 -0.203090 -0.027880
v 3.517294 -0.200000 -0.027510
v 3.517294 0.200000 -0.027510
v 3.516972 0.203090 -0.027880
v 3.516036 0.205878 -0.028954
v 3.514578 0.208090 -0.030628
v 3.512740 0.209511 -0.032737
v 3.510704 0.210000 -0.035074
v 3.485062 -0.210000 -0.016156
v 3.486677 -0.209511 -0.013507
v 3.488134 -0.208090 -0.011118
v 3.489290 -0.205878 -0.009221
v 3.490032 -0.203090 -0.008004
v 3.490288 -0.200000 -0.007584
v 3.490288 0.200000 -0.007584
v 3.490032 0.203090 -0.008004
v 3.489290 0.205878 -0.009221
v 3.488134 0.208090 -0.011118
v 3.486677 0.209511 -0.013507
v 3.485062 0.210000 -0.016156
v 3.457129 -0.210000 -0.002343
v 3.458243 -0.209511 0.000554
v 3.459247 -0.208090 0.003168
v 3.460044 -0.205878 0.005242
v 3.460555 -0.203090 0.006573
v 3.460732 -0.200000 0.007032
v 3.460732 0.200000 0.007032
v 3.460555 0.203090 0.006573
v 3.460044 0.205878 0.005242
v 3.459247 0.208090 0.003168
v 3.458243 0.209511 0.000554
v 3.457129 0.210000 -0.002343
v 3.427058 -0.210000 0.006124
v 3.427619 -0.209511 0.009176
v 3.428126 -0.208090 0.011929
v 3.428528 -0.205878 0.014115
v 3.428786 -0.203090 0.015518
v 3.428875 -0.200000 0.016001
v 3.428875 0.200000 0.016001
v 3.428786 0.203090 0.015518
v 3.428528 0.205878 0.014115
v 3.428126 0.208090 0.011929
v 3.427619 0.209511 0.009176
v 3.427058 0.210000 0.006124
v 3.395000 -0.210000 0.009000
v 3.395000 -0.209511 0.012103
v 3.395000 -0.208090 0.014901
v 3.395000 -0.205878 0.017123
v 3.395000 -0.203090 0.018549
v 3.395000 -0.200000 0.019040
v 3.395000 0.200000 0.019040
v 3.395000 0.203090 0.018549
v 3.395000 0.205878 0.017123
v 3.395000 0.208090 0.014901
v 3.395000 0.209511 0.012103
v 3.395000 0.210000 0.009000
v 3.376635 -0.210000 -0.595999
v 3.377318 -0.209511 -0.592965
v 3.377934 -0.208090 -0.590228
v 3.378423 -0.205878 -0.588056
v 3.378737 -0.203090 -0.586661
v 3.378845 -0.200000 -0.586181
v 3.378845 0.200000 -0.586181
v 3.378737 0.203090 -0.586661
v 3.378423 0.205878 -0.588056
v 3.377934 0.208090 -0.590228
v 3.377318 0.209511 -0.592965
v 3.376635 0.210000 -0.595999
v 3.359575 -0.210000 -0.590074
v 3.360912 -0.209511 -0.587267
v 3.362118 -0.208090 -0.584735
v 3.363075 -0.205878 -0.582726
v 3.363690 -0.203090 -0.581435
v 3.363901 -0.200000 -0.580991
v 3.363901 0.200000 -0.580991
v 3.363690 0.203090 -0.581435
v 3.363075 0.205878 -0.582726
v 3.362118 0.208090 -0.584735
v 3.360912 0.209511 -0.587267
v 3.359575 0.210000 -0.590074
v 3.343875 -0.210000 -0.580344
v 3.345766 -0.209511 -0.577880
v 3.347471 -0.208090 -0.575657
v 3.348825 -0.205878 -0.573894
v 3.349694 -0.203090 -0.572761
v 3.349993 -0.200000 -0.572371
v 3.349993 0.200000 -0.572371
v 3.349694 0.203090 -0.572761
v 3.348825 0.205878 -0.573894
v 3.347471 0.208090 -0.575657
v 3.345766 0.209511 -0.577880
v 3.343875 0.210000 -0.580344
v 3.329593 -0.210000 -0.566926
v 3.331901 -0.209511 -0.564855
v 3.333984 -0.208090 -0.562986
v 3.335636 -0.205878 -0.561503
v 3.336697 -0.203090 -0.560551
v 3.337063 -0.200000 -0.560223
v 3.337063 0.200000 -0.560223
v 3.336697 0.203090 -0.560551
v 3.335636 0.205878 -0.561503
v 3.333984 0.208090 -0.562986
v 3.331901 0.209511 -0.564855
v 3.329593 0.210000 -0.566926
v 3.316783 -0.210000 -0.549939
v 3.319382 -0.209511 -0.548253
v 3.321727 -0.208090 -0.546733
v 3.323588 -0.205878 -0.545526
v 3.324783 -0.203090 -0.544751
v 3.325194 -0.200000 -0.544484
v 3.325194 0.200000 -0.544484
v 3.324783 0.203090 -0.544751
v 3.323588 0.205878 -0.545526
v 3.321727 0.208090 -0.546733
v 3.319382 0.209511 -0.548253
v 3.316783 0.210000 -0.549939
v 3.305500 -0.210000 -0.529500
v 3.308293 -0.209511 -0.528165
v 3.310812 -0.208090 -0.526961
v 3.312812 -0.205878 -0.526005
v 3.314096 -0.203090 -0.525391
v 3.314538 -0.200000 -0.525180
v 3.314538 0.200000 -0.525180
v 3.314096 0.203090 -0.525391
v 3.312812 0.205878 -0.526005
v 3.310812 0.208090 -0.526961
v 3.308293 0.209511 -0.528165
v 3.305500 0.210000 -0.529500
v 3.295801 -0.210000 -0.505728
v 3.298719 -0.209511 -0.504700
v 3.301351 -0.208090 -0.503772
v 3.303440 -0.205878 -0.503036
v 3.304782 -0.203090 -0.502563
v 3.305244 -0.200000 -0.502400
v 3.305244 0.200000 -0.502400
v 3.304782 0.203090 -0.502563
v 3.303440 0.205878 -0.503036
v 3.301351 0.208090 -0.503772
v 3.298719 0.209511 -0.504700
v 3.295801 0.210000 -0.505728
v 3.287741 -0.210000 -0.478741
v 3.290738 -0.209511 -0.477977
v 3.293442 -0.208090 -0.477289
v 3.295587 -0.205878 -0.476742
v 3.296965 -0.203090 -0.476392
v 3.297440 -0.200000 -0.476271
v 3.297440 0.200000 -0.476271
v 3.296965 0.203090 -0.476392
v 3.295587 0.205878 -0.476742
v 3.293442 0.208090 -0.477289
v 3.290738 0.209511 -0.477977
v 3.287741 0.210000 -0.478741
v 3.281375 -0.210000 -0.448656
v 3.284421 -0.209511 -0.448122
v 3.287168 -0.208090 -0.447640
v 3.289349 -0.205878 -0.447258
v 3.290748 -0.203090 -0.447012
v 3.291231 -0.200000 -0.446928
v 3.291231 0.200000 -0.446928
v 3.290748 0.203090 -0.447012
v 3.289349 0.205878 -0.447258
v 3.287168 0.208090 -0.447640
v 3.284421 0.209511 -0.448122
v 3.281375 0.210000 -0.448656
v 3.276759 -0.210000 -0.415593
v 3.279833 -0.209511 -0.415258
v 3.282605 -0.208090 -0.414956
v 3.284806 -0.205878 -0.414717
v 3.286218 -0.203090 -0.414563
v 3.286705 -0.200000 -0.414510
v 3.286705 0.200000 -0.414510
v 3.286218 0.203090 -0.414563
v 3.284806 0.205878 -0.414717
v 3.282605 0.208090 -0.414956
v 3.279833 0.209511 -0.415258
v 3.276759 0.210000 -0.415593
v 3.273949 -0.210000 -0.379668
v 3.277036 -0.209511 -0.379509
v 3.279821 -0.208090 -0.379366
v 3.282032 -0.205878 -0.379253
v 3.283451 -0.203090 -0.379180
v 3.283940 -0.200000 -0.379155
v 3.283940 0.200000 -0.379155
v 3.283451 0.203090 -0.379180
v 3.282032 0.205878 -0.379253
v 3.279821 0.208090 -0.379366
v 3.277036 0.209511 -0.379509
v 3.273949 0.210000 -0.379668
v 3.273000 -0.210000 -0.341000
v 3.276091 -0.209511 -0.341000
v 3.278880 -0.208090 -0.341000
v 3.281093 -0.205878 -0.341000
v 3.282513 -0.203090 -0.341000
v 3.283003 -0.200000 -0.341000
v 3.283003 0.200000 -0.341000
v 3.282513 0.203090 -0.341000
v 3.281093 0.205878 -0.341000
v 3.278880 0.208090 -0.341000
v 3.276091 0.209511 -0.341000
v 3.273000 0.210000 -0.341000
v 3.273949 -0.210000 -0.302332
v 3.277036 -0.209511 -0.302491
v 3.279821 -0.208090 -0.302634
v 3.282031 -0.205878 -0.302747
v 3.283450 -0.203090 -0.302820
v 3.283939 -0.200000 -0.302845
v 3.283939 0.200000 -0.302845
v 3.283450 0.203090 -0.302820
v 3.282031 0.205878 -0.302747
v 3.279821 0.208090 -0.302634
v 3.277036 0.209511 -0.302491
v 3.273949 0.210000 -0.302332
v 3.276759 -0.210000 -0.266407
v 3.279832 -0.209511 -0.266742
v 3.282605 -0.208090 -0.267044
v 3.284805 -0.205878 -0.267283
v 3.286218 -0.203090 -0.267437
v 3.286705 -0.200000 -0.267490
v 3.286705 0.200000 -0.267490
v 3.286218 0.203090 -0.267437
v 3.284805 0.205878 -0.267283
v 3.282605 0.208090 -0.267044
v 3.279832 0.209511 -0.266742
v 3.276759 0.210000 -0.266407
v 3.281375 -0.210000 -0.233344
v 3.284420 -0.209511 -0.233878
v 3.287168 -0.208090 -0.234360
v 3.289348 -0.205878 -0.234742
v 3.290748 -0.203090 -0.234988
v 3.291230 -0.200000 -0.235072
v 3.291230 0.200000 -0.235072
v 3.290748 0.203090 -0.234988
v 3.289348 0.205878 -0.234742
v 3.287168 0.208090 -0.234360
v 3.284420 0.209511 -0.233878
v 3.281375 0.210000 -0.233344
v 3.287740 -0.210000 -0.203259
v 3.290738 -0.209511 -0.204023
v 3.293441 -0.208090 -0.204711
v 3.295587 -0.205878 -0.205258
v 3.296965 -0.203090 -0.205608
v 3.297439 -0.200000 -0.205729
v 3.297439 0.200000 -0.205729
v 3.296965 0.203090 -0.205608
v 3.295587 0.205878 -0.205258
v 3.293441 0.208090 -0.204711
v 3.290738 0.209511 -0.204023
v 3.287740 0.210000 -0.203259
v 3.295801 -0.210000 -0.176272
v 3.298719 -0.209511 -0.177300
v 3.301351 -0.208090 -0.178228
v 3.303440 -0.205878 -0.178964
v 3.304781 -0.203090 -0.179437
v 3.305243 -0.200000 -0.179600
v 3.305243 0.200000 -0.179600
v 3.304781 0.203090 -0.179437
v 3.303440 0.205878 -0.178964
v 3.301351 0.208090 -0.178228
v 3.298719 0.209511 -0.177300
v 3.295801 0.210000 -0.176272
v 3.305500 -0.210000 -0.152500
v 3.308293 -0.209511 -0.153835
v 3.310812 -0.208090 -0.155039
v 3.312811 -0.205878 -0.155995
v 3.314095 -0.203090 -0.156609
v 3.314538 -0.200000 -0.156820
v 3.314538 0.200000 -0.156820
v 3.314095 0.203090 -0.156609
v 3.312811 0.205878 -0.155995
v 3.310812 0.208090 -0.155039
v 3.308293 0.209511 -0.153835
v 3.305500 0.210000 -0.152500
v 3.316782 -0.210000 -0.132061
v 3.319381 -0.209511 -0.133747
v 3.321727 -0.208090 -0.135267
v 3.323587 -0.205878 -0.136474
v 3.324782 -0.203090 -0.137249
v 3.325194 -0.200000 -0.137516
v 3.325194 0.200000 -0.137516
v 3.324782 0.203090 -0.137249
v 3.323587 0.205878 -0.136474
v 3.321727 0.208090 -0.135267
v 3.319381 0.209511 -0.133747
v 3.316782 0.210000 -0.132061
v 3.329592 -0.210000 -0.115074
v 3.331901 -0.209511 -0.117145
v 3.333983 -0.208090 -0.119014
v 3.335636 -0.205878 -0.120497
v 3.336697 -0.203090 -0.121449
v 3.337062 -0.200000 -0.121777
v 3.337062 0.200000 -0.121777
v 3.336697 0.203090 -0.121449
v 3.335636 0.205878 -0.120497
v 3.333983 0.208090 -0.119014
v 3.331901 0.209511 -0.117145
v 3.329592 0.210000 -0.115074
v 3.343875 -0.210000 -0.101656
v 3.345766 -0.209511 -0.104120
v 3.347471 -0.208090 -0.106343
v 3.348825 -0.205878 -0.108107
v 3.349694 -0.203090 -0.109239
v 3.349993 -0.200000 -0.109629
v 3.349993 0.200000 -0.109629
v 3.349694 0.203090 -0.109239
v 3.348825 0.205878 -0.108107
v 3.347471 0.208090 -0.106343
v 3.345766 0.209511 -0.104120
v 3.343875 0.210000 -0.101656
v 3.359574 -0.210000 -0.091926
v 3.360911 -0.209511 -0.094733
v 3.362117 -0.208090 -0.097265
v 3.363075 -0.205878 -0.099274
v 3.363689 -0.203090 -0.100565
v 3.363901 -0.200000 -0.101009
v 3.363901 0.200000 -0.101009
v 3.363689 0.203090 -0.100565
v 3.363075 0.205878 -0.099274
v 3.362117 0.208090 -0.097265
v 3.360911 0.209511 -0.094733
v 3.359574 0.210000 -0.091926
v 3.376634 -0.210000 -0.086001
v 3.377317 -0.209511 -0.089035
v 3.377933 -0.208090 -0.091772
v 3.378422 -0.205878 -0.093944
v 3.378736 -0.203090 -0.095339
v 3.378844 -0.200000 -0.095820
v 3.378844 0.200000 -0.095820
v 3.378736 0.203090 -0.095339
v 3.378422 0.205878 -0.093944
v 3.377933 0.208090 -0.091772
v 3.377317 0.209511 -0.089035
v 3.376634 0.210000 -0.086001
v 3.395000 -0.210000 -0.084000
v 3.395000 -0.209511 -0.087108
v 3.395000 -0.208090 -0.089913
v 3.395000 -0.205878 -0.092138
v 3.395000 -0.203090 -0.093567
v 3.395000 -0.200000 -0.094059
v 3.395000 0.200000 -0.094059
v 3.395000 0.203090 -0.093567
v 3.395000 0.205878 -0.092138
v 3.395000 0.208090 -0.089913
v 3.395000 0.209511 -0.087108
v 3.395000 0.210000 -0.084000
v 3.413365 -0.210000 -0.086001
v 3.412682 -0.209511 -0.089035
v 3.412066 -0.208090 -0.091772
v 3.411577 -0.205878 -0.093944
v 3.411263 -0.203090 -0.095339
v 3.411155 -0.200000 -0.095820
v 3.411155 0.200000 -0.095820
v 3.411263 0.203090 -0.095339
v 3.411577 0.205878 -0.093944
v 3.412066 0.208090 -0.091772
v 3.412682 0.209511 -0.089035
v 3.413365 0.210000 -0.086001
v 3.430425 -0.210000 -0.091926
v 3.429088 -0.209511 -0.094733
v 3.427882 -0.208090 -0.097265
v 3.426925 -0.205878 -0.099274
v 3.426310 -0.203090 -0.100565
v 3.426099 -0.200000 -0.101009
v 3.426099 0.200000 -0.101009
v 3.426310 0.203090 -0.100565
v 3.426925 0.205878 -0.099274
v 3.427882 0.208090 -0.097265
v 3.429088 0.209511 -0.094733
v 3.430425 0.210000 -0.091926
v 3.446125 -0.210000 -0.101656
v 3.444234 -0.209511 -0.104120
v 3.442528 -0.208090 -0.106343
v 3.441175 -0.205878 -0.108107
v 3.440306 -0.203090 -0.109239
v 3.440006 -0.200000 -0.109629
v 3.440006 0.200000 -0.109629
v 3.440306 0.203090 -0.109239
v 3.441175 0.205878 -0.108107
v 3.442528 0.208090 -0.106343
v 3.444234 0.209511 -0.104120
v 3.446125 0.210000 -0.101656
v 3.460407 -0.210000 -0.115074
v 3.458099 -0.209511 -0.117146
v 3.456016 -0.208090 -0.119014
v 3.454364 -0.205878 -0.120497
v 3.453303 -0.203090 -0.121449
v 3.452937 -0.200000 -0.121777
v 3.452937 0.200000 -0.121777
v 3.453303 0.203090 -0.121449
v 3.454364 0.205878 -0.120497
v 3.456016 0.208090 -0.119014
v 3.458099 0.209511 -0.117146
v 3.460407 0.210000 -0.115074
v 3.473217 -0.210000 -0.132061
v 3.470618 -0.209511 -0.133747
v 3.468273 -0.208090 -0.135267
v 3.466412 -0.205878 -0.136474
v 3.465217 -0.203090 -0.137249
v 3.464806 -0.200000 -0.137516
v 3.464806 0.200000 -0.137516
v 3.465217 0.203090 -0.137249
v 3.466412 0.205878 -0.136474
v 3.468273 0.208090 -0.135267
v 3.470618 0.209511 -0.133747
v 3.473217 0.210000 -0.132061
v 3.484500 -0.210000 -0.152500
v 3.481707 -0.209511 -0.153835
v 3.479187 -0.208090 -0.155039
v 3.477188 -0.205878 -0.155995
v 3.475904 -0.203090 -0.156609
v 3.475462 -0.200000 -0.156820
v 3.475462 0.200000 -0.156820
v 3.475904 0.203090 -0.156609
v 3.477188 0.205878 -0.155995
v 3.479187 0.208090 -0.155039
v 3.481707 0.209511 -0.153835
v 3.484500 0.210000 -0.152500
v 3.494199 -0.210000 -0.176272
v 3.491281 -0.209511 -0.177300
v 3.488649 -0.208090 -0.178228
v 3.486560 -0.205878 -0.178964
v 3.485218 -0.203090 -0.179437
v 3.484756 -0.200000 -0.179600
v 3.484756 0.200000 -0.179600
v 3.485218 0.203090 -0.179437
v 3.486560 0.205878 -0.178964
v 3.488649 0.208090 -0.178228
v 3.491281 0.209511 -0.177300
v 3.494199 0.210000 -0.176272
v 3.502259 -0.210000 -0.203259
v 3.499262 -0.209511 -0.204023
v 3.496558 -0.208090 -0.204711
v 3.494413 -0.205878 -0.205258
v 3.493035 -0.203090 -0.205608
v 3.492560 -0.200000 -0.205729
v 3.492560 0.200000 -0.205729
v 3.493035 0.203090 -0.205608
v 3.494413 0.205878 -0.205258
v 3.496558 0.208090 -0.204711
v 3.499262 0.209511 -0.204023
v 3.502259 0.210000 -0.203259
v 3.508625 -0.210000 -0.233344
v 3.505579 -0.209511 -0.233878
v 3.502832 -0.208090 -0.234360
v 3.500651 -0.205878 -0.234742
v 3.499252 -0.203090 -0.234988
v 3.498769 -0.200000 -0.235072
v 3.498769 0.200000 -0.235072
v 3.499252 0.203090 -0.234988
v 3.500651 0.205878 -0.234742
v 3.502832 0.208090 -0.234360
v 3.505579 0.209511 -0.233878
v 3.508625 0.210000 -0.233344
v 3.513241 -0.210000 -0.266407
v 3.510167 -0.209511 -0.266742
v 3.507395 -0.208090 -0.267044
v 3.505194 -0.205878 -0.267283
v 3.503782 -0.203090 -0.267437
v 3.503295 -0.200000 -0.267490
v 3.503295 0.200000 -0.267490
v 3.503782 0.203090 -0.267437
v 3.505194 0.205878 -0.267283
v 3.507395 0.208090 -0.267044
v 3.510167 0.209511 -0.266742
v 3.513241 0.210000 -0.266407
v 3.516051 -0.210000 -0.302332
v 3.512964 -0.209511 -0.302491
v 3.510179 -0.208090 -0.302634
v 3.507968 -0.205878 -0.302747
v 3.506549 -0.203090 -0.302820
v 3.506060 -0.200000 -0.302845
v 3.506060 0.200000 -0.302845
v 3.506549 0.203090 -0.302820
v 3.507968 0.205878 -0.302747
v 3.510179 0.208090 -0.302634
v 3.512964 0.209511 -0.302491
v 3.516051 0.210000 -0.302332
v 3.517000 -0.210000 -0.341000
v 3.513909 -0.209511 -0.341000
v 3.511120 -0.208090 -0.341000
v 3.508907 -0.205878 -0.341000
v 3.507487 -0.203090 -0.341000
v 3.506997 -0.200000 -0.341000
v 3.506997 0.200000 -0.341000
v 3.507487 0.203090 -0.341000
v 3.508907 0.205878 -0.341000
v 3.511120 0.208090 -0.341000
v 3.513909 0.209511 -0.341000
v 3.517000 0.210000 -0.341000
v 3.516051 -0.210000 -0.379668
v 3.512964 -0.209511 -0.379509
v 3.510179 -0.208090 -0.379366
v 3.507969 -0.205878 -0.379253
v 3.506550 -0.203090 -0.379180
v 3.506061 -0.200000 -0.379155
v 3.506061 0.200000 -0.379155
v 3.506550 0.203090 -0.379180
v 3.507969 0.205878 -0.379253
v 3.510179 0.208090 -0.379366
v 3.512964 0.209511 -0.379509
v 3.516051 0.210000 -0.379668
v 3.513241 -0.210000 -0.415593
v 3.510168 -0.209511 -0.415258
v 3.507395 -0.208090 -0.414956
v 3.505195 -0.205878 -0.414717
v 3.503782 -0.203090 -0.414563
v 3.503295 -0.200000 -0.414510
v 3.503295 0.200000 -0.414510
v 3.503782 0.203090 -0.414563
v 3.505195 0.205878 -0.414717
v 3.507395 0.208090 -0.414956
v 3.510168 0.209511 -0.415258
v 3.513241 0.210000 -0.415593
v 3.508625 -0.210000 -0.448656
v 3.505580 -0.209511 -0.448122
v 3.502832 -0.208090 -0.447640
v 3.500652 -0.205878 -0.447258
v 3.499252 -0.203090 -0.447012
v 3.498770 -0.200000 -0.446928
v 3.498770 0.200000 -0.446928
v 3.499252 0.203090 -0.447012
v 3.500652 0.205878 -0.447258
v 3.502832 0.208090 -0.447640
v 3.505580 0.209511 -0.448122
v 3.508625 0.210000 -0.448656
v 3.502259 -0.210000 -0.478741
v 3.499262 -0.209511 -0.477977
v 3.496559 -0.208090 -0.477289
v 3.494413 -0.205878 -0.476742
v 3.493035 -0.203090 -0.476392
v 3.492561 -0.200000 -0.476271
v 3.492561 0.200000 -0.476271
v 3.493035 0.203090 -0.476392
v 3.494413 0.205878 -0.476742
v 3.496559 0.208090 -0.477289
v 3.499262 0.209511 -0.477977
v 3.502259 0.210000 -0.478741
v 3.494199 -0.210000 -0.505728
v 3.491281 -0.209511 -0.504700
v 3.488649 -0.208090 -0.503772
v 3.486560 -0.205878 -0.503036
v 3.485219 -0.203090 -0.502563
v 3.484757 -0.200000 -0.502400
v 3.484757 0.200000 -0.502400
v 3.485219 0.203090 -0.502563
v 3.486560 0.205878 -0.503036
v 3.488649 0.208090 -0.503772
v 3.491281 0.209511 -0.504700
v 3.494199 0.210000 -0.505728
v 3.484500 -0.210000 -0.529500
v 3.481707 -0.209511 -0.528165
v 3.479188 -0.208090 -0.526961
v 3.477189 -0.205878 -0.526005
v 3.475905 -0.203090 -0.525391
v 3.475462 -0.200000 -0.525180
v 3.475462 0.200000 -0.525180
v 3.475905 0.203090 -0.525391
v 3.477189 0.205878 -0.526005
v 3.479188 0.208090 -0.526961
v 3.481707 0.209511 -0.528165
v 3.484500 0.210000 -0.529500
v 3.473218 -0.210000 -0.549939
v 3.470618 -0.209511 -0.548253
v 3.468273 -0.208090 -0.546733
v 3.466413 -0.205878 -0.545526
v 3.465218 -0.203090 -0.544751
v 3.464806 -0.200000 -0.544484
v 3.464806 0.200000 -0.544484
v 3.465218 0.203090 -0.544751
v 3.466413 0.205878 -0.545526
v 3.468273 0.208090 -0.546733
v 3.470618 0.209511 -0.548253
v 3.473218 0.210000 -0.549939
v 3.460407 -0.210000 -0.566926
v 3.458099 -0.209511 -0.564855
v 3.456017 -0.208090 -0.562986
v 3.454364 -0.205878 -0.561503
v 3.453303 -0.203090 -0.560551
v 3.452938 -0.200000 -0.560223
v 3.452938 0.200000 -0.560223
v 3.453303 0.203090 -0.560551
v 3.454364 0.205878 -0.561503
v 3.456017 0.208090 -0.562986
v 3.458099 0.209511 -0.564855
v 3.460407 0.210000 -0.566926
v 3.446125 -0.210000 -0.580344
v 3.444234 -0.209511 -0.577880
v 3.442529 -0.208090 -0.575657
v 3.441175 -0.205878 -0.573894
v 3.440306 -0.203090 -0.572761
v 3.440007 -0.200000 -0.572371
v 3.440007 0.200000 -0.572371
v 3.440306 0.203090 -0.572761
v 3.441175 0.205878 -0.573894
v 3.442529 0.208090 -0.575657
v 3.444234 0.209511 -0.577880
v 3.446125 0.210000 -0.580344
v 3.430426 -0.210000 -0.590074
v 3.429089 -0.209511 -0.587267
v 3.427883 -0.208090 -0.584735
v 3.426925 -0.205878 -0.582726
v 3.426311 -0.203090 -0.581435
v 3.426099 -0.200000 -0.580991
v 3.426099 0.200000 -0.580991
v 3.426311 0.203090 -0.581435
v 3.426925 0.205878 -0.582726
v 3.427883 0.208090 -0.584735
v 3.429089 0.209511 -0.587267
v 3.430426 0.210000 -0.590074
v 3.413366 -0.210000 -0.595999
v 3.412683 -0.209511 -0.592965
v 3.412067 -0.208090 -0.590228
v 3.411578 -0.205878 -0.588056
v 3.411264 -0.203090 -0.586661
v 3.411156 -0.200000 -0.586181
v 3.411156 0.200000 -0.586181
v 3.411264 0.203090 -0.586661
v 3.411578 0.205878 -0.588056
v 3.412067 0.208090 -0.590228
v 3.412683 0.209511 -0.592965
v 3.413366 0.210000 -0.595999
v 3.395000 -0.210000 -0.598000
v 3.395000 -0.209511 -0.594892
v 3.395000 -0.208090 -0.592087
v 3.395000 -0.205878 -0.589862
v 3.395000 -0.203090 -0.588433
v 3.395000 -0.200000 -0.587941
v 3.395000 0.200000 -0.587941
v 3.395000 0.203090 -0.588433
v 3.395000 0.205878 -0.589862
v 3.395000 0.208090 -0.592087
v 3.395000 0.209511 -0.594892
v 3.395000 0.210000 -0.598000
v 3.799888 -0.210000 -0.082150
v 3.798077 -0.209511 -0.084655
v 3.796443 -0.208090 -0.086914
v 3.795146 -0.205878 -0.088708
v 3.794314 -0.203090 -0.089859
v 3.794027 -0.200000 -0.090256
v 3.794027 0.200000 -0.090256
v 3.794314 0.203090 -0.089859
v 3.795146 0.205878 -0.088708
v 3.796443 0.208090 -0.086914
v 3.798077 0.209511 -0.084655
v 3.799888 0.210000 -0.082150
v 3.826019 -0.210000 -0.102032
v 3.824086 -0.209511 -0.104445
v 3.822342 -0.208090 -0.106621
v 3.820958 -0.205878 -0.108348
v 3.820070 -0.203090 -0.109457
v 3.819764 -0.200000 -0.109839
v 3.819764 0.200000 -0.109839
v 3.820070 0.203090 -0.109457
v 3.820958 0.205878 -0.108348
v 3.822342 0.208090 -0.106621
v 3.824086 0.209511 -0.104445
v 3.826019 0.210000 -0.102032
v 3.850344 -0.210000 -0.122547
v 3.848290 -0.209511 -0.124857
v 3.846438 -0.208090 -0.126942
v 3.844967 -0.205878 -0.128596
v 3.844023 -0.203090 -0.129658
v 3.843698 -0.200000 -0.130024
v 3.843698 0.200000 -0.130024
v 3.844023 0.203090 -0.129658
v 3.844967 0.205878 -0.128596
v 3.846438 0.208090 -0.126942
v 3.848290 0.209511 -0.124857
v 3.850344 0.210000 -0.122547
v 3.872815 -0.210000 -0.143593
v 3.870641 -0.209511 -0.145791
v 3.868680 -0.208090 -0.147774
v 3.867124 -0.205878 -0.149347
v 3.866125 -0.203090 -0.150357
v 3.865781 -0.200000 -0.150706
v 3.865781 0.200000 -0.150706
v 3.866125 0.203090 -0.150357
v 3.867124 0.205878 -0.149347
v 3.868680 0.208090 -0.147774
v 3.870641 0.209511 -0.145791
v 3.872815 0.210000 -0.143593
v 3.893383 -0.210000 -0.165069
v 3.891090 -0.209511 -0.167142
v 3.889022 -0.208090 -0.169013
v 3.887381 -0.205878 -0.170498
v 3.886327 -0.203090 -0.171451
v 3.885963 -0.200000 -0.171779
v 3.885963 0.200000 -0.171779
v 3.886327 0.203090 -0.171451
v 3.887381 0.205878 -0.170498
v 3.889022 0.208090 -0.169013
v 3.891090 0.209511 -0.167142
v 3.893383 0.210000 -0.165069
v 3.912000 -0.210000 -0.186875
v 3.909589 -0.209511 -0.188810
v 3.907414 -0.208090 -0.190556
v 3.905688 -0.205878 -0.191942
v 3.904580 -0.203090 -0.192831
v 3.904198 -0.200000 -0.193138
v 3.904198 0.200000 -0.193138
v 3.904580 0.203090 -0.192831
v 3.905688 0.205878 -0.191942
v 3.907414 0.208090 -0.190556
v 3.909589 0.209511 -0.188810
v 3.912000 0.210000 -0.186875
v 3.928617 -0.210000 -0.208910
v 3.926090 -0.209511 -0.210691
v 3.923810 -0.208090 -0.212298
v 3.922000 -0.205878 -0.213573
v 3.920838 -0.203090 -0.214391
v 3.920438 -0.200000 -0.214673
v 3.920438 0.200000 -0.214673
v 3.920838 0.203090 -0.214391
v 3.922000 0.205878 -0.213573
v 3.923810 0.208090 -0.212298
v 3.926090 0.209511 -0.210691
v 3.928617 0.210000 -0.208910
v 3.943185 -0.210000 -0.231074
v 3.940544 -0.209511 -0.232682
v 3.938161 -0.208090 -0.234132
v 3.936270 -0.205878 -0.235283
v 3.935056 -0.203090 -0.236022
v 3.934638 -0.200000 -0.236276
v 3.934638 0.200000 -0.236276
v 3.935056 0.203090 -0.236022
v 3.936270 0.205878 -0.235283
v 3.938161 0.208090 -0.234132
v 3.940544 0.209511 -0.232682
v 3.943185 0.210000 -0.231074
v 3.955656 -0.210000 -0.253266
v 3.952905 -0.209511 -0.254678
v 3.950424 -0.208090 -0.255952
v 3.948454 -0.205878 -0.256964
v 3.947190 -0.203090 -0.257613
v 3.946754 -0.200000 -0.257837
v 3.946754 0.200000 -0.257837
v 3.947190 0.203090 -0.257613
v 3.948454 0.205878 -0.256964
v 3.950424 0.208090 -0.255952
v 3.952905 0.209511 -0.254678
v 3.955656 0.210000 -0.253266
v 3.965981 -0.210000 -0.275384
v 3.963128 -0.209511 -0.276577
v 3.960553 -0.208090 -0.277652
v 3.958510 -0.205878 -0.278506
v 3.957199 -0.203090 -0.279054
v 3.956747 -0.200000 -0.279243
v 3.956747 0.200000 -0.279243
v 3.957199 0.203090 -0.279054
v 3.958510 0.205878 -0.278506
v 3.960553 0.208090 -0.277652
v 3.963128 0.209511 -0.276577
v 3.965981 0.210000 -0.275384
v 3.974112 -0.210000 -0.297329
v 3.971167 -0.209511 -0.298273
v 3.968509 -0.208090 -0.299124
v 3.966400 -0.205878 -0.299800
v 3.965046 -0.203090 -0.300234
v 3.964580 -0.200000 -0.300383
v 3.964580 0.200000 -0.300383
v 3.965046 0.203090 -0.300234
v 3.966400 0.205878 -0.299800
v 3.968509 0.208090 -0.299124
v 3.971167 0.209511 -0.298273
v 3.974112 0.210000 -0.297329
v 3.980000 -0.210000 -0.319000
v 3.975078 -0.209511 -0.312668
v 3.970637 -0.208090 -0.306957
v 3.967113 -0.205878 -0.302424
v 3.964850 -0.203090 -0.299513
v 3.964071 -0.200000 -0.298511
v 3.964071 0.200000 -0.298511
v 3.964850 0.203090 -0.299513
v 3.967113 0.205878 -0.302424
v 3.970637 0.208090 -0.306957
v 3.975078 0.209511 -0.312668
v 3.980000 0.210000 -0.319000
v 3.972300 -0.210000 -0.314648
v 3.973754 -0.209511 -0.311920
v 3.975065 -0.208090 -0.309459
v 3.976106 -0.205878 -0.307506
v 3.976774 -0.203090 -0.306252
v 3.977005 -0.200000 -0.305820
v 3.977005 0.200000 -0.305820
v 3.976774 0.203090 -0.306252
v 3.976106 0.205878 -0.307506
v 3.975065 0.208090 -0.309459
v 3.973754 0.209511 -0.311920
v 3.972300 0.210000 -0.314648
v 3.964232 -0.210000 -0.310602
v 3.965553 -0.209511 -0.307807
v 3.966744 -0.208090 -0.305286
v 3.967690 -0.205878 -0.303285
v 3.968297 -0.203090 -0.302001
v 3.968506 -0.200000 -0.301558
v 3.968506 0.200000 -0.301558
v 3.968297 0.203090 -0.302001
v 3.967690 0.205878 -0.303285
v 3.966744 0.208090 -0.305286
v 3.965553 0.209511 -0.307807
v 3.964232 0.210000 -0.310602
v 3.955844 -0.210000 -0.306875
v 3.957036 -0.209511 -0.304023
v 3.958111 -0.208090 -0.301450
v 3.958964 -0.205878 -0.299409
v 3.959512 -0.203090 -0.298098
v 3.959701 -0.200000 -0.297646
v 3.959701 0.200000 -0.297646
v 3.959512 0.203090 -0.298098
v 3.958964 0.205878 -0.299409
v 3.958111 0.208090 -0.301450
v 3.957036 0.209511 -0.304023
v 3.955844 0.210000 -0.306875
v 3.947185 -0.210000 -0.303482
v 3.948251 -0.209511 -0.300580
v 3.949212 -0.208090 -0.297963
v 3.949975 -0.205878 -0.295886
v 3.950465 -0.203090 -0.294552
v 3.950634 -0.200000 -0.294092
v 3.950634 0.200000 -0.294092
v 3.950465 0.203090 -0.294552
v 3.949975 0.205878 -0.295886
v 3.949212 0.208090 -0.297963
v 3.948251 0.209511 -0.300580
v 3.947185 0.210000 -0.303482
v 3.938304 -0.210000 -0.300435
v 3.939245 -0.209511 -0.297491
v 3.940094 -0.208090 -0.294835
v 3.940768 -0.205878 -0.292727
v 3.941201 -0.203090 -0.291374
v 3.941350 -0.200000 -0.290908
v 3.941350 0.200000 -0.290908
v 3.941201 0.203090 -0.291374
v 3.940768 0.205878 -0.292727
v 3.940094 0.208090 -0.294835
v 3.939245 0.209511 -0.297491
v 3.938304 0.210000 -0.300435
v 3.929250 -0.210000 -0.297750
v 3.930067 -0.209511 -0.294769
v 3.930804 -0.208090 -0.292080
v 3.931388 -0.205878 -0.289946
v 3.931764 -0.203090 -0.288576
v 3.931893 -0.200000 -0.288103
v 3.931893 0.200000 -0.288103
v 3.931764 0.203090 -0.288576
v 3.931388 0.205878 -0.289946
v 3.930804 0.208090 -0.292080
v 3.930067 0.209511 -0.294769
v 3.929250 0.210000 -0.297750
v 3.920071 -0.210000 -0.295440
v 3.920762 -0.209511 -0.292427
v 3.921386 -0.208090 -0.289710
v 3.921881 -0.205878 -0.287553
v 3.922199 -0.203090 -0.286168
v 3.922308 -0.200000 -0.285691
v 3.922308 0.200000 -0.285691
v 3.922199 0.203090 -0.286168
v 3.921881 0.205878 -0.287553
v 3.921386 0.208090 -0.289710
v 3.920762 0.209511 -0.292427
v 3.920071 0.210000 -0.295440
v 3.910815 -0.210000 -0.293519
v 3.911378 -0.209511 -0.290480
v 3.911887 -0.208090 -0.287738
v 3.912291 -0.205878 -0.285562
v 3.912550 -0.203090 -0.284165
v 3.912639 -0.200000 -0.283684
v 3.912639 0.200000 -0.283684
v 3.912550 0.203090 -0.284165
v 3.912291 0.205878 -0.285562
v 3.911887 0.208090 -0.287738
v 3.911378 0.209511 -0.290480
v 3.910815 0.210000 -0.293519
v 3.901531 -0.210000 -0.292000
v 3.901963 -0.209511 -0.288939
v 3.902353 -0.208090 -0.286178
v 3.902663 -0.205878 -0.283987
v 3.902861 -0.203090 -0.282581
v 3.902930 -0.200000 -0.282096
v 3.902930 0.200000 -0.282096
v 3.902861 0.203090 -0.282581
v 3.902663 0.205878 -0.283987
v 3.902353 0.208090 -0.286178
v 3.901963 0.209511 -0.288939
v 3.901531 0.210000 -0.292000
v 3.892268 -0.210000 -0.290898
v 3.892564 -0.209511 -0.287821
v 3.892830 -0.208090 -0.285046
v 3.893041 -0.205878 -0.282843
v 3.893177 -0.203090 -0.281429
v 3.893224 -0.200000 -0.280941
v 3.893224 0.200000 -0.280941
v 3.893177 0.203090 -0.281429
v 3.893041 0.205878 -0.282843
v 3.892830 0.208090 -0.285046
v 3.892564 0.209511 -0.287821
v 3.892268 0.210000 -0.290898
v 3.883075 -0.210000 -0.290227
v 3.883226 -0.209511 -0.287140
v 3.883363 -0.208090 -0.284354
v 3.883471 -0.205878 -0.282144
v 3.883541 -0.203090 -0.280725
v 3.883565 -0.200000 -0.280236
v 3.883565 0.200000 -0.280236
v 3.883541 0.203090 -0.280725
v 3.883471 0.205878 -0.282144
v 3.883363 0.208090 -0.284354
v 3.883226 0.209511 -0.287140
v 3.883075 0.210000 -0.290227
v 3.874000 -0.210000 -0.290000
v 3.873934 -0.209511 -0.286907
v 3.873874 -0.208090 -0.284117
v 3.873827 -0.205878 -0.281903
v 3.873797 -0.203090 -0.280481
v 3.873786 -0.200000 -0.279992
v 3.873786 0.200000 -0.279992
v 3.873797 0.203090 -0.280481
v 3.873827 0.205878 -0.281903
v 3.873874 0.208090 -0.284117
v 3.873934 0.209511 -0.286907
v 3.874000 0.210000 -0.290000
v 3.847515 -0.210000 -0.291796
v 3.847095 -0.209511 -0.288727
v 3.846717 -0.208090 -0.285959
v 3.846417 -0.205878 -0.283761
v 3.846224 -0.203090 -0.282351
v 3.846158 -0.200000 -0.281865
v 3.846158 0.200000 -0.281865
v 3.846224 0.203090 -0.282351
v 3.846417 0.205878 -0.283761
v 3.846717 0.208090 -0.285959
v 3.847095 0.209511 -0.288727
v 3.847515 0.210000 -0.291796
v 3.822204 -0.210000 -0.297032
v 3.821372 -0.209511 -0.294049
v 3.820622 -0.208090 -0.291357
v 3.820027 -0.205878 -0.289221
v 3.819645 -0.203090 -0.287850
v 3.819513 -0.200000 -0.287377
v 3.819513 0.200000 -0.287377
v 3.819645 0.203090 -0.287850
v 3.820027 0.205878 -0.289221
v 3.820622 0.208090 -0.291357
v 3.821372 0.209511 -0.294049
v 3.822204 0.210000 -0.297032
v 3.798281 -0.210000 -0.305484
v 3.797056 -0.209511 -0.302640
v 3.795951 -0.208090 -0.300074
v 3.795074 -0.205878 -0.298037
v 3.794511 -0.203090 -0.296730
v 3.794317 -0.200000 -0.296279
v 3.794317 0.200000 -0.296279
v 3.794511 0.203090 -0.296730
v 3.795074 0.205878 -0.298037
v 3.795951 0.208090 -0.300074
v 3.797056 0.209511 -0.302640
v 3.798281 0.210000 -0.305484
v 3.775963 -0.210000 -0.316926
v 3.774371 -0.209511 -0.314269
v 3.772935 -0.208090 -0.311873
v 3.771796 -0.205878 -0.309971
v 3.771064 -0.203090 -0.308750
v 3.770812 -0.200000 -0.308329
v 3.770812 0.200000 -0.308329
v 3.771064 0.203090 -0.308750
v 3.771796 0.205878 -0.309971
v 3.772935 0.208090 -0.311873
v 3.774371 0.209511 -0.314269
v 3.775963 0.210000 -0.316926
v 3.755464 -0.210000 -0.331131
v 3.753538 -0.209511 -0.328707
v 3.751801 -0.208090 -0.326519
v 3.750422 -0.205878 -0.324783
v 3.749536 -0.203090 -0.323669
v 3.749231 -0.200000 -0.323284
v 3.749231 0.200000 -0.323284
v 3.749536 0.203090 -0.323669
v 3.750422 0.205878 -0.324783
v 3.751801 0.208090 -0.326519
v 3.753538 0.209511 -0.328707
v 3.755464 0.210000 -0.331131
v 3.737000 -0.210000 -0.347875
v 3.734776 -0.209511 -0.345720
v 3.732770 -0.208090 -0.343776
v 3.731178 -0.205878 -0.342234
v 3.730156 -0.203090 -0.341243
v 3.729803 -0.200000 -0.340902
v 3.729803 0.200000 -0.340902
v 3.730156 0.203090 -0.341243
v 3.731178 0.205878 -0.342234
v 3.732770 0.208090 -0.343776
v 3.734776 0.209511 -0.345720
v 3.737000 0.210000 -0.347875
v 3.720786 -0.210000 -0.366931
v 3.718304 -0.209511 -0.365080
v 3.716064 -0.208090 -0.363410
v 3.714288 -0.205878 -0.362085
v 3.713146 -0.203090 -0.361234
v 3.712753 -0.200000 -0.360941
v 3.712753 0.200000 -0.360941
v 3.713146 0.203090 -0.361234
v 3.714288 0.205878 -0.362085
v 3.716064 0.208090 -0.363410
v 3.718304 0.209511 -0.365080
v 3.720786 0.210000 -0.366931
v 3.707037 -0.210000 -0.388074
v 3.704339 -0.209511 -0.386556
v 3.701904 -0.208090 -0.385186
v 3.699972 -0.205878 -0.384099
v 3.698732 -0.203090 -0.383401
v 3.698304 -0.200000 -0.383160
v 3.698304 0.200000 -0.383160
v 3.698732 0.203090 -0.383401
v 3.699972 0.205878 -0.384099
v 3.701904 0.208090 -0.385186
v 3.704339 0.209511 -0.386556
v 3.707037 0.210000 -0.388074
v 3.695969 -0.210000 -0.411078
v 3.693098 -0.209511 -0.409917
v 3.690509 -0.208090 -0.408870
v 3.688453 -0.205878 -0.408038
v 3.687134 -0.203090 -0.407505
v 3.686679 -0.200000 -0.407321
v 3.686679 0.200000 -0.407321
v 3.687134 0.203090 -0.407505
v 3.688453 0.205878 -0.408038
v 3.690509 0.208090 -0.408870
v 3.693098 0.209511 -0.409917
v 3.695969 0.210000 -0.411078
v 3.687796 -0.210000 -0.435718
v 3.684801 -0.209511 -0.434933
v 3.682098 -0.208090 -0.434226
v 3.679954 -0.205878 -0.433664
v 3.678577 -0.203090 -0.433304
v 3.678102 -0.200000 -0.433179
v 3.678102 0.200000 -0.433179
v 3.678577 0.203090 -0.433304
v 3.679954 0.205878 -0.433664
v 3.682098 0.208090 -0.434226
v 3.684801 0.209511 -0.434933
v 3.687796 0.210000 -0.435718
v 3.682735 -0.210000 -0.461767
v 3.679664 -0.209511 -0.461372
v 3.676893 -0.208090 -0.461016
v 3.674694 -0.205878 -0.460734
v 3.673282 -0.203090 -0.460552
v 3.672796 -0.200000 -0.460490
v 3.672796 0.200000 -0.460490
v 3.673282 0.203090 -0.460552
v 3.674694 0.205878 -0.460734
v 3.676893 0.208090 -0.461016
v 3.679664 0.209511 -0.461372
v 3.682735 0.210000 -0.461767
v 3.681000 -0.210000 -0.489000
v 3.677903 -0.209511 -0.489005
v 3.675110 -0.208090 -0.489010
v 3.672893 -0.205878 -0.489013
v 3.671469 -0.203090 -0.489015
v 3.670979 -0.200000 -0.489016
v 3.670979 0.200000 -0.489016
v 3.671469 0.203090 -0.489015
v 3.672893 0.205878 -0.489013
v 3.675110 0.208090 -0.489010
v 3.677903 0.209511 -0.489005
v 3.681000 0.210000 -0.489000
v 3.682687 -0.210000 -0.514192
v 3.679617 -0.209511 -0.514600
v 3.676847 -0.208090 -0.514968
v 3.674650 -0.205878 -0.515260
v 3.673239 -0.203090 -0.515448
v 3.672753 -0.200000 -0.515512
v 3.672753 0.200000 -0.515512
v 3.673239 0.203090 -0.515448
v 3.674650 0.205878 -0.515260
v 3.676847 0.208090 -0.514968
v 3.679617 0.209511 -0.514600
v 3.682687 0.210000 -0.514192
v 3.687658 -0.210000 -0.539032
v 3.684666 -0.209511 -0.539832
v 3.681967 -0.208090 -0.540553
v 3.679826 -0.205878 -0.541125
v 3.678451 -0.203090 -0.541492
v 3.677977 -0.200000 -0.541619
v 3.677977 0.200000 -0.541619
v 3.678451 0.203090 -0.541492
v 3.679826 0.205878 -0.541125
v 3.681967 0.208090 -0.540553
v 3.684666 0.209511 -0.539832
v 3.687658 0.210000 -0.539032
v 3.695781 -0.210000 -0.563172
v 3.692914 -0.209511 -0.564341
v 3.690328 -0.208090 -0.565396
v 3.688276 -0.205878 -0.566233
v 3.686958 -0.203090 -0.566770
v 3.686504 -0.200000 -0.566955
v 3.686504 0.200000 -0.566955
v 3.686958 0.203090 -0.566770
v 3.688276 0.205878 -0.566233
v 3.690328 0.208090 -0.565396
v 3.692914 0.209511 -0.564341
v 3.695781 0.210000 -0.563172
v 3.706926 -0.210000 -0.586259
v 3.704227 -0.209511 -0.587776
v 3.701792 -0.208090 -0.589145
v 3.699860 -0.205878 -0.590231
v 3.698619 -0.203090 -0.590928
v 3.698192 -0.200000 -0.591169
v 3.698192 0.200000 -0.591169
v 3.698619 0.203090 -0.590928
v 3.699860 0.205878 -0.590231
v 3.701792 0.208090 -0.589145
v 3.704227 0.209511 -0.587776
v 3.706926 0.210000 -0.586259
v 3.720960 -0.210000 -0.607944
v 3.718471 -0.209511 -0.609786
v 3.716226 -0.208090 -0.611448
v 3.714444 -0.205878 -0.612767
v 3.713300 -0.203090 -0.613614
v 3.712906 -0.200000 -0.613905
v 3.712906 0.200000 -0.613905
v 3.713300 0.203090 -0.613614
v 3.714444 0.205878 -0.612767
v 3.716226 0.208090 -0.611448
v 3.718471 0.209511 -0.609786
v 3.720960 0.210000 -0.607944
v 3.737750 -0.210000 -0.627875
v 3.735514 -0.209511 -0.630017
v 3.733497 -0.208090 -0.631950
v 3.731897 -0.205878 -0.633484
v 3.730869 -0.203090 -0.634468
v 3.730515 -0.200000 -0.634808
v 3.730515 0.200000 -0.634808
v 3.730869 0.203090 -0.634468
v 3.731897 0.205878 -0.633484
v 3.733497 0.208090 -0.631950
v 3.735514 0.209511 -0.630017
v 3.737750 0.210000 -0.627875
v 3.757166 -0.210000 -0.645702
v 3.755225 -0.209511 -0.648115
v 3.753474 -0.208090 -0.650292
v 3.752085 -0.205878 -0.652020
v 3.751193 -0.203090 -0.653129
v 3.750885 -0.200000 -0.653511
v 3.750885 0.200000 -0.653511
v 3.751193 0.203090 -0.653129
v 3.752085 0.205878 -0.652020
v 3.753474 0.208090 -0.650292
v 3.755225 0.209511 -0.648115
v 3.757166 0.210000 -0.645702
v 3.779074 -0.210000 -0.661074
v 3.777469 -0.209511 -0.663723
v 3.776021 -0.208090 -0.666112
v 3.774872 -0.205878 -0.668009
v 3.774134 -0.203090 -0.669226
v 3.773880 -0.200000 -0.669646
v 3.773880 0.200000 -0.669646
v 3.774134 0.203090 -0.669226
v 3.774872 0.205878 -0.668009
v 3.776021 0.208090 -0.666112
v 3.777469 0.209511 -0.663723
v 3.779074 0.210000 -0.661074
v 3.803344 -0.210000 -0.673641
v 3.802110 -0.209511 -0.676482
v 3.800998 -0.208090 -0.679045
v 3.800115 -0.205878 -0.681079
v 3.799548 -0.203090 -0.682385
v 3.799353 -0.200000 -0.682835
v 3.799353 0.200000 -0.682835
v 3.799548 0.203090 -0.682385
v 3.800115 0.205878 -0.681079
v 3.800998 0.208090 -0.679045
v 3.802110 0.209511 -0.676482
v 3.803344 0.210000 -0.673641
v 3.829843 -0.210000 -0.683051
v 3.829009 -0.209511 -0.686034
v 3.828257 -0.208090 -0.688726
v 3.827661 -0.205878 -0.690861
v 3.827278 -0.203090 -0.692233
v 3.827146 -0.200000 -0.692705
v 3.827146 0.200000 -0.692705
v 3.827278 0.203090 -0.692233
v 3.827661 0.205878 -0.690861
v 3.828257 0.208090 -0.688726
v 3.829009 0.209511 -0.686034
v 3.829843 0.210000 -0.683051
v 3.858439 -0.210000 -0.688954
v 3.858021 -0.209511 -0.692024
v 3.857645 -0.208090 -0.694792
v 3.857346 -0.205878 -0.696989
v 3.857154 -0.203090 -0.698400
v 3.857088 -0.200000 -0.698886
v 3.857088 0.200000 -0.698886
v 3.857154 0.203090 -0.698400
v 3.857346 0.205878 -0.696989
v 3.857645 0.208090 -0.694792
v 3.858021 0.209511 -0.692024
v 3.858439 0.210000 -0.688954
v 3.889000 -0.210000 -0.691000
v 3.889005 -0.209511 -0.694098
v 3.889010 -0.208090 -0.696892
v 3.889014 -0.205878 -0.699109
v 3.889017 -0.203090 -0.700533
v 3.889018 -0.200000 -0.701024
v 3.889018 0.200000 -0.701024
v 3.889017 0.203090 -0.700533
v 3.889014 0.205878 -0.699109
v 3.889010 0.208090 -0.696892
v 3.889005 0.209511 -0.694098
v 3.889000 0.210000 -0.691000
v 3.919738 -0.210000 -0.688832
v 3.920178 -0.209511 -0.691898
v 3.920576 -0.208090 -0.694665
v 3.920891 -0.205878 -0.696861
v 3.921093 -0.203090 -0.698270
v 3.921163 -0.200000 -0.698756
v 3.921163 0.200000 -0.698756
v 3.921093 0.203090 -0.698270
v 3.920891 0.205878 -0.696861
v 3.920576 0.208090 -0.694665
v 3.920178 0.209511 -0.691898
v 3.919738 0.210000 -0.688832
v 3.948824 -0.210000 -0.682486
v 3.949703 -0.209511 -0.685457
v 3.950497 -0.208090 -0.688137
v 3.951127 -0.205878 -0.690264
v 3.951531 -0.203090 -0.691630
v 3.951671 -0.200000 -0.692100
v 3.951671 0.200000 -0.692100
v 3.951531 0.203090 -0.691630
v 3.951127 0.205878 -0.690264
v 3.950497 0.208090 -0.688137
v 3.949703 0.209511 -0.685457
v 3.948824 0.210000 -0.682486
v 3.976062 -0.210000 -0.672203
v 3.977364 -0.209511 -0.675015
v 3.978539 -0.208090 -0.677551
v 3.979471 -0.205878 -0.679564
v 3.980070 -0.203090 -0.680856
v 3.980276 -0.200000 -0.681301
v 3.980276 0.200000 -0.681301
v 3.980070 0.203090 -0.680856
v 3.979471 0.205878 -0.679564
v 3.978539 0.208090 -0.677551
v 3.977364 0.209511 -0.675015
v 3.976062 0.210000 -0.672203
v 4.001259 -0.210000 -0.658222
v 4.002952 -0.209511 -0.660817
v 4.004479 -0.208090 -0.663158
v 4.005691 -0.205878 -0.665015
v 4.006469 -0.203090 -0.666208
v 4.006737 -0.200000 -0.666619
v 4.006737 0.200000 -0.666619
v 4.006469 0.203090 -0.666208
v 4.005691 0.205878 -0.665015
v 4.004479 0.208090 -0.663158
v 4.002952 0.209511 -0.660817
v 4.001259 0.210000 -0.658222
v 4.024220 -0.210000 -0.640783
v 4.026260 -0.209511 -0.643114
v 4.028100 -0.208090 -0.645216
v 4.029561 -0.205878 -0.646885
v 4.030499 -0.203090 -0.647956
v 4.030822 -0.200000 -0.648326
v 4.030822 0.200000 -0.648326
v 4.030499 0.203090 -0.647956
v 4.029561 0.205878 -0.646885
v 4.028100 0.208090 -0.645216
v 4.026260 0.209511 -0.643114
v 4.024220 0.210000 -0.640783
v 4.044750 -0.210000 -0.620125
v 4.047088 -0.209511 -0.622156
v 4.049197 -0.208090 -0.623989
v 4.050871 -0.205878 -0.625443
v 4.051945 -0.203090 -0.626376
v 4.052316 -0.200000 -0.626698
v 4.052316 0.200000 -0.626698
v 4.051945 0.203090 -0.626376
v 4.050871 0.205878 -0.625443
v 4.049197 0.208090 -0.623989
v 4.047088 0.209511 -0.622156
v 4.044750 0.210000 -0.620125
v 4.062655 -0.210000 -0.596488
v 4.065238 -0.209511 -0.598195
v 4.067569 -0.208090 -0.599735
v 4.069419 -0.205878 -0.600957
v 4.070606 -0.203090 -0.601742
v 4.071015 -0.200000 -0.602012
v 4.071015 0.200000 -0.602012
v 4.070606 0.203090 -0.601742
v 4.069419 0.205878 -0.600957
v 4.067569 0.208090 -0.599735
v 4.065238 0.209511 -0.598195
v 4.062655 0.210000 -0.596488
v 4.077741 -0.210000 -0.570111
v 4.080518 -0.209511 -0.571479
v 4.083024 -0.208090 -0.572714
v 4.085012 -0.205878 -0.573693
v 4.086288 -0.203090 -0.574322
v 4.086729 -0.200000 -0.574539
v 4.086729 0.200000 -0.574539
v 4.086288 0.203090 -0.574322
v 4.085012 0.205878 -0.573693
v 4.083024 0.208090 -0.572714
v 4.080518 0.209511 -0.571479
v 4.077741 0.210000 -0.570111
v 4.089812 -0.210000 -0.541234
v 4.092734 -0.209511 -0.542257
v 4.095370 -0.208090 -0.543179
v 4.097462 -0.205878 -0.543911
v 4.098805 -0.203090 -0.544381
v 4.099267 -0.200000 -0.544543
v 4.099267 0.200000 -0.544543
v 4.098805 0.203090 -0.544381
v 4.097462 0.205878 -0.543911
v 4.095370 0.208090 -0.543179
v 4.092734 0.209511 -0.542257
v 4.089812 0.210000 -0.541234
v 4.098676 -0.210000 -0.510097
v 4.101696 -0.209511 -0.510774
v 4.104421 -0.208090 -0.511384
v 4.106583 -0.205878 -0.511868
v 4.107972 -0.203090 -0.512179
v 4.108450 -0.200000 -0.512286
v 4.108450 0.200000 -0.512286
v 4.107972 0.203090 -0.512179
v 4.106583 0.205878 -0.511868
v 4.104421 0.208090 -0.511384
v 4.101696 0.209511 -0.510774
v 4.098676 0.210000 -0.510097
v 4.104136 -0.210000 -0.476939
v 4.107213 -0.209511 -0.477274
v 4.109989 -0.208090 -0.477575
v 4.112192 -0.205878 -0.477815
v 4.113605 -0.203090 -0.477968
v 4.114093 -0.200000 -0.478021
v 4.114093 0.200000 -0.478021
v 4.113605 0.203090 -0.477968
v 4.112192 0.205878 -0.477815
v 4.109989 0.208090 -0.477575
v 4.107213 0.209511 -0.477274
v 4.104136 0.210000 -0.476939
v 4.106000 -0.210000 -0.442000
v 4.109095 -0.209511 -0.441996
v 4.111887 -0.208090 -0.441992
v 4.114102 -0.205878 -0.441989
v 4.115525 -0.203090 -0.441987
v 4.116015 -0.200000 -0.441986
v 4.116015 0.200000 -0.441986
v 4.115525 0.203090 -0.441987
v 4.114102 0.205878 -0.441989
v 4.111887 0.208090 -0.441992
v 4.109095 0.209511 -0.441996
v 4.106000 0.210000 -0.442000
v 4.103663 -0.210000 -0.400336
v 4.106739 -0.209511 -0.400001
v 4.109514 -0.208090 -0.399699
v 4.111717 -0.205878 -0.399460
v 4.113131 -0.203090 -0.399306
v 4.113618 -0.200000 -0.399253
v 4.113618 0.200000 -0.399253
v 4.113131 0.203090 -0.399306
v 4.111717 0.205878 -0.399460
v 4.109514 0.208090 -0.399699
v 4.106739 0.209511 -0.400001
v 4.103663 0.210000 -0.400336
v 4.096814 -0.210000 -0.358107
v 4.099840 -0.209511 -0.357466
v 4.102571 -0.208090 -0.356887
v 4.104737 -0.205878 -0.356428
v 4.106129 -0.203090 -0.356134
v 4.106608 -0.200000 -0.356032
v 4.106608 0.200000 -0.356032
v 4.106129 0.203090 -0.356134
v 4.104737 0.205878 -0.356428
v 4.102571 0.208090 -0.356887
v 4.099840 0.209511 -0.357466
v 4.096814 0.210000 -0.358107
v 4.085687 -0.210000 -0.315703
v 4.088641 -0.209511 -0.314786
v 4.091306 -0.208090 -0.313959
v 4.093421 -0.205878 -0.313303
v 4.094779 -0.203090 -0.312882
v 4.095247 -0.200000 -0.312736
v 4.095247 0.200000 -0.312736
v 4.094779 0.203090 -0.312882
v 4.093421 0.205878 -0.313303
v 4.091306 0.208090 -0.313959
v 4.088641 0.209511 -0.314786
v 4.085687 0.210000 -0.315703
v 4.070518 -0.210000 -0.273519
v 4.073382 -0.209511 -0.272352
v 4.075966 -0.208090 -0.271300
v 4.078017 -0.205878 -0.270465
v 4.079334 -0.203090 -0.269929
v 4.079788 -0.200000 -0.269744
v 4.079788 0.200000 -0.269744
v 4.079334 0.203090 -0.269929
v 4.078017 0.205878 -0.270465
v 4.075966 0.208090 -0.271300
v 4.073382 0.209511 -0.272352
v 4.070518 0.210000 -0.273519
v 4.051544 -0.210000 -0.231945
v 4.054304 -0.209511 -0.230551
v 4.056795 -0.208090 -0.229293
v 4.058771 -0.205878 -0.228295
v 4.060040 -0.203090 -0.227654
v 4.060477 -0.200000 -0.227433
v 4.060477 0.200000 -0.227433
v 4.060040 0.203090 -0.227654
v 4.058771 0.205878 -0.228295
v 4.056795 0.208090 -0.229293
v 4.054304 0.209511 -0.230551
v 4.051544 0.210000 -0.231945
v 4.029000 -0.210000 -0.191375
v 4.031643 -0.209511 -0.189771
v 4.034029 -0.208090 -0.188323
v 4.035921 -0.205878 -0.187175
v 4.037136 -0.203090 -0.186437
v 4.037555 -0.200000 -0.186183
v 4.037555 0.200000 -0.186183
v 4.037136 0.203090 -0.186437
v 4.035921 0.205878 -0.187175
v 4.034029 0.208090 -0.188323
v 4.031643 0.209511 -0.189771
v 4.029000 0.210000 -0.191375
v 4.003122 -0.210000 -0.152201
v 4.005636 -0.209511 -0.150400
v 4.007905 -0.208090 -0.148776
v 4.009704 -0.205878 -0.147487
v 4.010860 -0.203090 -0.146659
v 4.011258 -0.200000 -0.146374
v 4.011258 0.200000 -0.146374
v 4.010860 0.203090 -0.146659
v 4.009704 0.205878 -0.147487
v 4.007905 0.208090 -0.148776
v 4.005636 0.209511 -0.150400
v 4.003122 0.210000 -0.152201
v 3.974148 -0.210000 -0.114815
v 3.976519 -0.209511 -0.112829
v 3.978657 -0.208090 -0.111038
v 3.980355 -0.205878 -0.109616
v 3.981444 -0.203090 -0.108704
v 3.981820 -0.200000 -0.108389
v 3.981820 0.200000 -0.108389
v 3.981444 0.203090 -0.108704
v 3.980355 0.205878 -0.109616
v 3.978657 0.208090 -0.111038
v 3.976519 0.209511 -0.112829
v 3.974148 0.210000 -0.114815
v 3.942312 -0.210000 -0.079609
v 3.944524 -0.209511 -0.077448
v 3.946519 -0.208090 -0.075498
v 3.948103 -0.205878 -0.073951
v 3.949119 -0.203090 -0.072957
v 3.949470 -0.200000 -0.072615
v 3.949470 0.200000 -0.072615
v 3.949119 0.203090 -0.072957
v 3.948103 0.205878 -0.073951
v 3.946519 0.208090 -0.075498
v 3.944524 0.209511 -0.077448
v 3.942312 0.210000 -0.079609
v 3.907852 -0.210000 -0.046977
v 3.909887 -0.209511 -0.044648
v 3.911722 -0.208090 -0.042547
v 3.913179 -0.205878 -0.040879
v 3.914114 -0.203090 -0.039808
v 3.914436 -0.200000 -0.039440
v 3.914436 0.200000 -0.039440
v 3.914114 0.203090 -0.039808
v 3.913179 0.205878 -0.040879
v 3.911722 0.208090 -0.042547
v 3.909887 0.209511 -0.044648
v 3.907852 0.210000 -0.046977
v 3.871002 -0.210000 -0.017310
v 3.872839 -0.209511 -0.014821
v 3.874495 -0.208090 -0.012576
v 3.875810 -0.205878 -0.010794
v 3.876654 -0.203090 -0.009650
v 3.876945 -0.200000 -0.009256
v 3.876945 0.200000 -0.009256
v 3.876654 0.203090 -0.009650
v 3.875810 0.205878 -0.010794
v 3.874495 0.208090 -0.012576
v 3.872839 0.209511 -0.014821
v 3.871002 0.210000 -0.017310
v 3.832000 -0.210000 0.009000
v 3.831414 -0.209511 0.013123
v 3.830884 -0.208090 0.016843
v 3.830464 -0.205878 0.019795
v 3.830195 -0.203090 0.021690
v 3.830102 -0.200000 0.022343
v 3.830102 0.200000 0.022343
v 3.830195 0.203090 0.021690
v 3.830464 0.205878 0.019795
v 3.830884 0.208090 0.016843
v 3.831414 0.209511 0.013123
v 3.832000 0.210000 0.009000
v 3.772000 -0.210000 -0.063000
v 3.767455 -0.209511 -0.063627
v 3.763354 -0.208090 -0.064193
v 3.760100 -0.205878 -0.064643
v 3.758011 -0.203090 -0.064931
v 3.757291 -0.200000 -0.065030
v 3.757291 0.200000 -0.065030
v 3.758011 0.203090 -0.064931
v 3.760100 0.205878 -0.064643
v 3.763354 0.208090 -0.064193
v 3.767455 0.209511 -0.063627
v 3.772000 0.210000 -0.063000
v 3.902452 -0.210000 -0.383231
v 3.902265 -0.209511 -0.386317
v 3.902097 -0.208090 -0.389101
v 3.901963 -0.205878 -0.391310
v 3.901878 -0.203090 -0.392729
v 3.901848 -0.200000 -0.393218
v 3.901848 0.200000 -0.393218
v 3.901878 0.203090 -0.392729
v 3.901963 0.205878 -0.391310
v 3.902097 0.208090 -0.389101
v 3.902265 0.209511 -0.386317
v 3.902452 0.210000 -0.383231
v 3.910278 -0.210000 -0.383935
v 3.909916 -0.209511 -0.387005
v 3.909590 -0.208090 -0.389775
v 3.909331 -0.205878 -0.391973
v 3.909165 -0.203090 -0.393384
v 3.909108 -0.200000 -0.393870
v 3.909108 0.200000 -0.393870
v 3.909165 0.203090 -0.393384
v 3.909331 0.205878 -0.391973
v 3.909590 0.208090 -0.389775
v 3.909916 0.209511 -0.387005
v 3.910278 0.210000 -0.383935
v 3.918437 -0.210000 -0.385125
v 3.917911 -0.209511 -0.388171
v 3.917437 -0.208090 -0.390919
v 3.917060 -0.205878 -0.393100
v 3.916818 -0.203090 -0.394500
v 3.916734 -0.200000 -0.394982
v 3.916734 0.200000 -0.394982
v 3.916818 0.203090 -0.394500
v 3.917060 0.205878 -0.393100
v 3.917437 0.208090 -0.390919
v 3.917911 0.209511 -0.388171
v 3.918437 0.210000 -0.385125
v 3.926889 -0.210000 -0.386815
v 3.926206 -0.209511 -0.389830
v 3.925590 -0.208090 -0.392549
v 3.925102 -0.205878 -0.394708
v 3.924788 -0.203090 -0.396094
v 3.924680 -0.200000 -0.396571
v 3.924680 0.200000 -0.396571
v 3.924788 0.203090 -0.396094
v 3.925102 0.205878 -0.394708
v 3.925590 0.208090 -0.392549
v 3.926206 0.209511 -0.389830
v 3.926889 0.210000 -0.386815
v 3.935590 -0.210000 -0.389019
v 3.934757 -0.209511 -0.391995
v 3.934006 -0.208090 -0.394681
v 3.933410 -0.205878 -0.396812
v 3.933028 -0.203090 -0.398180
v 3.932895 -0.200000 -0.398652
v 3.932895 0.200000 -0.398652
v 3.933028 0.203090 -0.398180
v 3.933410 0.205878 -0.396812
v 3.934006 0.208090 -0.394681
v 3.934757 0.209511 -0.391995
v 3.935590 0.210000 -0.389019
v 3.944500 -0.210000 -0.391750
v 3.943522 -0.209511 -0.394682
v 3.942641 -0.208090 -0.397328
v 3.941941 -0.205878 -0.399427
v 3.941491 -0.203090 -0.400775
v 3.941336 -0.200000 -0.401240
v 3.941336 0.200000 -0.401240
v 3.941491 0.203090 -0.400775
v 3.941941 0.205878 -0.399427
v 3.942641 0.208090 -0.397328
v 3.943522 0.209511 -0.394682
v 3.944500 0.210000 -0.391750
v 3.953576 -0.210000 -0.395023
v 3.952458 -0.209511 -0.397905
v 3.951449 -0.208090 -0.400504
v 3.950648 -0.205878 -0.402567
v 3.950134 -0.203090 -0.403892
v 3.949957 -0.200000 -0.404348
v 3.949957 0.200000 -0.404348
v 3.950134 0.203090 -0.403892
v 3.950648 0.205878 -0.402567
v 3.951449 0.208090 -0.400504
v 3.952458 0.209511 -0.397905
v 3.953576 0.210000 -0.395023
v 3.962778 -0.210000 -0.398852
v 3.961522 -0.209511 -0.401676
v 3.960389 -0.208090 -0.404224
v 3.959490 -0.205878 -0.406246
v 3.958913 -0.203090 -0.407545
v 3.958714 -0.200000 -0.407992
v 3.958714 0.200000 -0.407992
v 3.958913 0.203090 -0.407545
v 3.959490 0.205878 -0.406246
v 3.960389 0.208090 -0.404224
v 3.961522 0.209511 -0.401676
v 3.962778 0.210000 -0.398852
v 3.972062 -0.210000 -0.403250
v 3.970672 -0.209511 -0.406011
v 3.969418 -0.208090 -0.408501
v 3.968423 -0.205878 -0.410478
v 3.967784 -0.203090 -0.411747
v 3.967564 -0.200000 -0.412184
v 3.967564 0.200000 -0.412184
v 3.967784 0.203090 -0.411747
v 3.968423 0.205878 -0.410478
v 3.969418 0.208090 -0.408501
v 3.970672 0.209511 -0.406011
v 3.972062 0.210000 -0.403250
v 3.981389 -0.210000 -0.408231
v 3.979867 -0.209511 -0.410922
v 3.978494 -0.208090 -0.413349
v 3.977404 -0.205878 -0.415275
v 3.976705 -0.203090 -0.416512
v 3.976464 -0.200000 -0.416938
v 3.976464 0.200000 -0.416938
v 3.976705 0.203090 -0.416512
v 3.977404 0.205878 -0.415275
v 3.978494 0.208090 -0.413349
v 3.979867 0.209511 -0.410922
v 3.981389 0.210000 -0.408231
v 3.990715 -0.210000 -0.413810
v 3.989064 -0.209511 -0.416423
v 3.987575 -0.208090 -0.418781
v 3.986392 -0.205878 -0.420651
v 3.985633 -0.203090 -0.421853
v 3.985372 -0.200000 -0.422266
v 3.985372 0.200000 -0.422266
v 3.985633 0.203090 -0.421853
v 3.986392 0.205878 -0.420651
v 3.987575 0.208090 -0.418781
v 3.989064 0.209511 -0.416423
v 3.990715 0.210000 -0.413810
v 4.000000 -0.210000 -0.420000
v 3.997218 -0.209511 -0.421859
v 3.994708 -0.208090 -0.423536
v 3.992717 -0.205878 -0.424868
v 3.991438 -0.203090 -0.425722
v 3.990997 -0.200000 -0.426017
v 3.990997 0.200000 -0.426017
v 3.991438 0.203090 -0.425722
v 3.992717 0.205878 -0.424868
v 3.994708 0.208090 -0.423536
v 3.997218 0.209511 -0.421859
v 4.000000 0.210000 -0.420000
v 4.001148 -0.210000 -0.425799
v 3.998111 -0.209511 -0.426368
v 3.995370 -0.208090 -0.426881
v 3.993196 -0.205878 -0.427288
v 3.991800 -0.203090 -0.427550
v 3.991318 -0.200000 -0.427640
v 3.991318 0.200000 -0.427640
v 3.991800 0.203090 -0.427550
v 3.993196 0.205878 -0.427288
v 3.995370 0.208090 -0.426881
v 3.998111 0.209511 -0.426368
v 4.001148 0.210000 -0.425799
v 4.002106 -0.210000 -0.431227
v 3.999057 -0.209511 -0.431730
v 3.996306 -0.208090 -0.432184
v 3.994124 -0.205878 -0.432545
v 3.992722 -0.203090 -0.432776
v 3.992239 -0.200000 -0.432856
v 3.992239 0.200000 -0.432856
v 3.992722 0.203090 -0.432776
v 3.994124 0.205878 -0.432545
v 3.996306 0.208090 -0.432184
v 3.999057 0.209511 -0.431730
v 4.002106 0.210000 -0.431227
v 4.002891 -0.210000 -0.436328
v 3.999831 -0.209511 -0.436763
v 3.997071 -0.208090 -0.437155
v 3.994880 -0.205878 -0.437466
v 3.993474 -0.203090 -0.437665
v 3.992989 -0.200000 -0.437734
v 3.992989 0.200000 -0.437734
v 3.993474 0.203090 -0.437665
v 3.994880 0.205878 -0.437466
v 3.997071 0.208090 -0.437155
v 3.999831 0.209511 -0.436763
v 4.002891 0.210000 -0.436328
v 4.003519 -0.210000 -0.441148
v 4.000450 -0.209511 -0.441512
v 3.997681 -0.208090 -0.441840
v 3.995484 -0.205878 -0.442100
v 3.994073 -0.203090 -0.442267
v 3.993587 -0.200000 -0.442325
v 3.993587 0.200000 -0.442325
v 3.994073 0.203090 -0.442267
v 3.995484 0.205878 -0.442100
v 3.997681 0.208090 -0.441840
v 4.000450 0.209511 -0.441512
v 4.003519 0.210000 -0.441148
v 4.004008 -0.210000 -0.445732
v 4.000931 -0.209511 -0.446025
v 3.998156 -0.208090 -0.446289
v 3.995954 -0.205878 -0.446499
v 3.994539 -0.203090 -0.446633
v 3.994052 -0.200000 -0.446680
v 3.994052 0.200000 -0.446680
v 3.994539 0.203090 -0.446633
v 3.995954 0.205878 -0.446499
v 3.998156 0.208090 -0.446289
v 4.000931 0.209511 -0.446025
v 4.004008 0.210000 -0.445732
v 4.004375 -0.210000 -0.450125
v 4.001293 -0.209511 -0.450349
v 3.998513 -0.208090 -0.450552
v 3.996306 -0.205878 -0.450713
v 3.994889 -0.203090 -0.450816
v 3.994401 -0.200000 -0.450851
v 3.994401 0.200000 -0.450851
v 3.994889 0.203090 -0.450816
v 3.996306 0.205878 -0.450713
v 3.998513 0.208090 -0.450552
v 4.001293 0.209511 -0.450349
v 4.004375 0.210000 -0.450125
v 4.004639 -0.210000 -0.454372
v 4.001553 -0.209511 -0.454533
v 3.998769 -0.208090 -0.454679
v 3.996559 -0.205878 -0.454794
v 3.995141 -0.203090 -0.454868
v 3.994652 -0.200000 -0.454894
v 3.994652 0.200000 -0.454894
v 3.995141 0.203090 -0.454868
v 3.996559 0.205878 -0.454794
v 3.998769 0.208090 -0.454679
v 4.001553 0.209511 -0.454533
v 4.004639 0.210000 -0.454372
v 4.004815 -0.210000 -0.458519
v 4.001727 -0.209511 -0.458625
v 3.998940 -0.208090 -0.458721
v 3.996729 -0.205878 -0.458797
v 3.995310 -0.203090 -0.458845
v 3.994821 -0.200000 -0.458862
v 3.994821 0.200000 -0.458862
v 3.995310 0.203090 -0.458845
v 3.996729 0.205878 -0.458797
v 3.998940 0.208090 -0.458721
v 4.001727 0.209511 -0.458625
v 4.004815 0.210000 -0.458519
v 4.004922 -0.210000 -0.462609
v 4.001833 -0.209511 -0.462671
v 3.999046 -0.208090 -0.462726
v 3.996834 -0.205878 -0.462770
v 3.995414 -0.203090 -0.462798
v 3.994924 -0.200000 -0.462808
v 3.994924 0.200000 -0.462808
v 3.995414 0.203090 -0.462798
v 3.996834 0.205878 -0.462770
v 3.999046 0.208090 -0.462726
v 4.001833 0.209511 -0.462671
v 4.004922 0.210000 -0.462609
v 4.004977 -0.210000 -0.466690
v 4.001887 -0.209511 -0.466718
v 3.999099 -0.208090 -0.466744
v 3.996887 -0.205878 -0.466764
v 3.995467 -0.203090 -0.466777
v 3.994977 -0.200000 -0.466781
v 3.994977 0.200000 -0.466781
v 3.995467 0.203090 -0.466777
v 3.996887 0.205878 -0.466764
v 3.999099 0.208090 -0.466744
v 4.001887 0.209511 -0.466718
v 4.004977 0.210000 -0.466690
v 4.004997 -0.210000 -0.470805
v 4.001907 -0.209511 -0.470814
v 3.999120 -0.208090 -0.470821
v 3.996907 -0.205878 -0.470827
v 3.995487 -0.203090 -0.470831
v 3.994997 -0.200000 -0.470833
v 3.994997 0.200000 -0.470833
v 3.995487 0.203090 -0.470831
v 3.996907 0.205878 -0.470827
v 3.999120 0.208090 -0.470821
v 4.001907 0.209511 -0.470814
v 4.004997 0.210000 -0.470805
v 4.005000 -0.210000 -0.475000
v 4.001910 -0.209511 -0.474902
v 3.999122 -0.208090 -0.474814
v 3.996910 -0.205878 -0.474745
v 3.995489 -0.203090 -0.474700
v 3.995000 -0.200000 -0.474684
v 3.995000 0.200000 -0.474684
v 3.995489 0.203090 -0.474700
v 3.996910 0.205878 -0.474745
v 3.999122 0.208090 -0.474814
v 4.001910 0.209511 -0.474902
v 4.005000 0.210000 -0.475000
v 4.003960 -0.210000 -0.491285
v 4.000888 -0.209511 -0.490893
v 3.998117 -0.208090 -0.490539
v 3.995919 -0.205878 -0.490258
v 3.994507 -0.203090 -0.490078
v 3.994020 -0.200000 -0.490016
v 3.994020 0.200000 -0.490016
v 3.994507 0.203090 -0.490078
v 3.995919 0.205878 -0.490258
v 3.998117 0.208090 -0.490539
v 4.000888 0.209511 -0.490893
v 4.003960 0.210000 -0.491285
v 4.000930 -0.210000 -0.507028
v 3.997932 -0.209511 -0.506256
v 3.995227 -0.208090 -0.505559
v 3.993081 -0.205878 -0.505006
v 3.991703 -0.203090 -0.504651
v 3.991228 -0.200000 -0.504529
v 3.991228 0.200000 -0.504529
v 3.991703 0.203090 -0.504651
v 3.993081 0.205878 -0.505006
v 3.995227 0.208090 -0.505559
v 3.997932 0.209511 -0.506256
v 4.000930 0.210000 -0.507028
v 3.996047 -0.210000 -0.522062
v 3.993166 -0.209511 -0.520928
v 3.990567 -0.208090 -0.519904
v 3.988505 -0.205878 -0.519092
v 3.987181 -0.203090 -0.518571
v 3.986725 -0.200000 -0.518391
v 3.986725 0.200000 -0.518391
v 3.987181 0.203090 -0.518571
v 3.988505 0.205878 -0.519092
v 3.990567 0.208090 -0.519904
v 3.993166 0.209511 -0.520928
v 3.996047 0.210000 -0.522062
v 3.989444 -0.210000 -0.536222
v 3.986723 -0.209511 -0.534746
v 3.984268 -0.208090 -0.533414
v 3.982320 -0.205878 -0.532357
v 3.981069 -0.203090 -0.531679
v 3.980638 -0.200000 -0.531445
v 3.980638 0.200000 -0.531445
v 3.981069 0.203090 -0.531679
v 3.982320 0.205878 -0.532357
v 3.984268 0.208090 -0.533414
v 3.986723 0.209511 -0.534746
v 3.989444 0.210000 -0.536222
v 3.981259 -0.210000 -0.549340
v 3.978737 -0.209511 -0.547544
v 3.976462 -0.208090 -0.545923
v 3.974657 -0.205878 -0.544637
v 3.973498 -0.203090 -0.543812
v 3.973099 -0.200000 -0.543527
v 3.973099 0.200000 -0.543527
v 3.973498 0.203090 -0.543812
v 3.974657 0.205878 -0.544637
v 3.976462 0.208090 -0.545923
v 3.978737 0.209511 -0.547544
v 3.981259 0.210000 -0.549340
v 3.971625 -0.210000 -0.561250
v 3.969344 -0.209511 -0.559157
v 3.967285 -0.208090 -0.557269
v 3.965652 -0.205878 -0.555770
v 3.964603 -0.203090 -0.554808
v 3.964242 -0.200000 -0.554477
v 3.964242 0.200000 -0.554477
v 3.964603 0.203090 -0.554808
v 3.965652 0.205878 -0.555770
v 3.967285 0.208090 -0.557269
v 3.969344 0.209511 -0.559157
v 3.971625 0.210000 -0.561250
v 3.960679 -0.210000 -0.571785
v 3.958679 -0.209511 -0.569421
v 3.956875 -0.208090 -0.567288
v 3.955443 -0.205878 -0.565596
v 3.954523 -0.203090 -0.564510
v 3.954206 -0.200000 -0.564135
v 3.954206 0.200000 -0.564135
v 3.954523 0.203090 -0.564510
v 3.955443 0.205878 -0.565596
v 3.956875 0.208090 -0.567288
v 3.958679 0.209511 -0.569421
v 3.960679 0.210000 -0.571785
v 3.948556 -0.210000 -0.580778
v 3.946880 -0.209511 -0.578174
v 3.945368 -0.208090 -0.575824
v 3.944168 -0.205878 -0.573960
v 3.943398 -0.203090 -0.572763
v 3.943132 -0.200000 -0.572350
v 3.943132 0.200000 -0.572350
v 3.943398 0.203090 -0.572763
v 3.944168 0.205878 -0.573960
v 3.945368 0.208090 -0.575824
v 3.946880 0.209511 -0.578174
v 3.948556 0.210000 -0.580778
v 3.935391 -0.210000 -0.588063
v 3.934082 -0.209511 -0.585255
v 3.932901 -0.208090 -0.582722
v 3.931964 -0.205878 -0.580712
v 3.931363 -0.203090 -0.579422
v 3.931155 -0.200000 -0.578977
v 3.931155 0.200000 -0.578977
v 3.931363 0.203090 -0.579422
v 3.931964 0.205878 -0.580712
v 3.932901 0.208090 -0.582722
v 3.934082 0.209511 -0.585255
v 3.935391 0.210000 -0.588063
v 3.921319 -0.210000 -0.593472
v 3.920419 -0.209511 -0.590508
v 3.919606 -0.208090 -0.587834
v 3.918961 -0.205878 -0.585712
v 3.918546 -0.203090 -0.584349
v 3.918404 -0.200000 -0.583880
v 3.918404 0.200000 -0.583880
v 3.918546 0.203090 -0.584349
v 3.918961 0.205878 -0.585712
v 3.919606 0.208090 -0.587834
v 3.920419 0.209511 -0.590508
v 3.921319 0.210000 -0.593472
v 3.906477 -0.210000 -0.596840
v 3.906018 -0.209511 -0.593776
v 3.905603 -0.208090 -0.591012
v 3.905273 -0.205878 -0.588818
v 3.905062 -0.203090 -0.587409
v 3.904989 -0.200000 -0.586924
v 3.904989 0.200000 -0.586924
v 3.905062 0.203090 -0.587409
v 3.905273 0.205878 -0.588818
v 3.905603 0.208090 -0.591012
v 3.906018 0.209511 -0.593776
v 3.906477 0.210000 -0.596840
v 3.891000 -0.210000 -0.598000
v 3.890974 -0.209511 -0.594903
v 3.890951 -0.208090 -0.592109
v 3.890932 -0.205878 -0.589892
v 3.890920 -0.203090 -0.588469
v 3.890916 -0.200000 -0.587978
v 3.890916 0.200000 -0.587978
v 3.890920 0.203090 -0.588469
v 3.890932 0.205878 -0.589892
v 3.890951 0.208090 -0.592109
v 3.890974 0.209511 -0.594903
v 3.891000 0.210000 -0.598000
v 3.875142 -0.210000 -0.597078
v 3.875507 -0.209511 -0.594004
v 3.875836 -0.208090 -0.591231
v 3.876097 -0.205878 -0.589030
v 3.876265 -0.203090 -0.587617
v 3.876323 -0.200000 -0.587130
v 3.876323 0.200000 -0.587130
v 3.876265 0.203090 -0.587617
v 3.876097 0.205878 -0.589030
v 3.875836 0.208090 -0.591231
v 3.875507 0.209511 -0.594004
v 3.875142 0.210000 -0.597078
v 3.860134 -0.210000 -0.594375
v 3.860872 -0.209511 -0.591368
v 3.861537 -0.208090 -0.588655
v 3.862065 -0.205878 -0.586502
v 3.862404 -0.203090 -0.585120
v 3.862521 -0.200000 -0.584644
v 3.862521 0.200000 -0.584644
v 3.862404 0.203090 -0.585120
v 3.862065 0.205878 -0.586502
v 3.861537 0.208090 -0.588655
v 3.860872 0.209511 -0.591368
v 3.860134 0.210000 -0.594375
v 3.846078 -0.210000 -0.589984
v 3.847189 -0.209511 -0.587094
v 3.848192 -0.208090 -0.584487
v 3.848987 -0.205878 -0.582417
v 3.849498 -0.203090 -0.581089
v 3.849674 -0.200000 -0.580631
v 3.849674 0.200000 -0.580631
v 3.849498 0.203090 -0.581089
v 3.848987 0.205878 -0.582417
v 3.848192 0.208090 -0.584487
v 3.847189 0.209511 -0.587094
v 3.846078 0.210000 -0.589984
v 3.833074 -0.210000 -0.584000
v 3.834551 -0.209511 -0.581278
v 3.835884 -0.208090 -0.578823
v 3.836942 -0.205878 -0.576874
v 3.837621 -0.203090 -0.575623
v 3.837855 -0.200000 -0.575192
v 3.837855 0.200000 -0.575192
v 3.837621 0.203090 -0.575623
v 3.836942 0.205878 -0.576874
v 3.835884 0.208090 -0.578823
v 3.834551 0.209511 -0.581278
v 3.833074 0.210000 -0.584000
v 3.821223 -0.210000 -0.576516
v 3.823049 -0.209511 -0.574014
v 3.824697 -0.208090 -0.571758
v 3.826004 -0.205878 -0.569967
v 3.826844 -0.203090 -0.568817
v 3.827133 -0.200000 -0.568421
v 3.827133 0.200000 -0.568421
v 3.826844 0.203090 -0.568817
v 3.826004 0.205878 -0.569967
v 3.824697 0.208090 -0.571758
v 3.823049 0.209511 -0.574014
v 3.821223 0.210000 -0.576516
v 3.810625 -0.210000 -0.567625
v 3.812773 -0.209511 -0.565394
v 3.814711 -0.208090 -0.563380
v 3.816249 -0.205878 -0.561783
v 3.817236 -0.203090 -0.560757
v 3.817576 -0.200000 -0.560404
v 3.817576 0.200000 -0.560404
v 3.817236 0.203090 -0.560757
v 3.816249 0.205878 -0.561783
v 3.814711 0.208090 -0.563380
v 3.812773 0.209511 -0.565394
v 3.810625 0.210000 -0.567625
v 3.801381 -0.210000 -0.557422
v 3.803814 -0.209511 -0.555505
v 3.806009 -0.208090 -0.553776
v 3.807751 -0.205878 -0.552403
v 3.808870 -0.203090 -0.551522
v 3.809255 -0.200000 -0.551219
v 3.809255 0.200000 -0.551219
v 3.808870 0.203090 -0.551522
v 3.807751 0.205878 -0.552403
v 3.806009 0.208090 -0.553776
v 3.803814 0.209511 -0.555505
v 3.801381 0.210000 -0.557422
v 3.793593 -0.210000 -0.546000
v 3.796266 -0.209511 -0.544435
v 3.798677 -0.208090 -0.543023
v 3.800590 -0.205878 -0.541902
v 3.801819 -0.203090 -0.541183
v 3.802242 -0.200000 -0.540935
v 3.802242 0.200000 -0.540935
v 3.801819 0.203090 -0.541183
v 3.800590 0.205878 -0.541902
v 3.798677 0.208090 -0.543023
v 3.796266 0.209511 -0.544435
v 3.793593 0.210000 -0.546000
v 3.787359 -0.210000 -0.533453
v 3.790220 -0.209511 -0.532267
v 3.792802 -0.208090 -0.531196
v 3.794850 -0.205878 -0.530347
v 3.796165 -0.203090 -0.529802
v 3.796618 -0.200000 -0.529614
v 3.796618 0.200000 -0.529614
v 3.796165 0.203090 -0.529802
v 3.794850 0.205878 -0.530347
v 3.792802 0.208090 -0.531196
v 3.790220 0.209511 -0.532267
v 3.787359 0.210000 -0.533453
v 3.782783 -0.210000 -0.519875
v 3.785777 -0.209511 -0.519083
v 3.788478 -0.208090 -0.518369
v 3.790621 -0.205878 -0.517802
v 3.791998 -0.203090 -0.517438
v 3.792472 -0.200000 -0.517313
v 3.792472 0.200000 -0.517313
v 3.791998 0.203090 -0.517438
v 3.790621 0.205878 -0.517802
v 3.788478 0.208090 -0.518369
v 3.785777 0.209511 -0.519083
v 3.782783 0.210000 -0.519875
v 3.779963 -0.210000 -0.505359
v 3.783034 -0.209511 -0.504966
v 3.785805 -0.208090 -0.504612
v 3.788004 -0.205878 -0.504331
v 3.789416 -0.203090 -0.504150
v 3.789902 -0.200000 -0.504088
v 3.789902 0.200000 -0.504088
v 3.789416 0.203090 -0.504150
v 3.788004 0.205878 -0.504331
v 3.785805 0.208090 -0.504612
v 3.783034 0.209511 -0.504966
v 3.779963 0.210000 -0.505359
v 3.779000 -0.210000 -0.490000
v 3.782097 -0.209511 -0.490016
v 3.784891 -0.208090 -0.490031
v 3.787109 -0.205878 -0.490042
v 3.788532 -0.203090 -0.490050
v 3.789023 -0.200000 -0.490052
v 3.789023 0.200000 -0.490052
v 3.788532 0.203090 -0.490050
v 3.787109 0.205878 -0.490042
v 3.784891 0.208090 -0.490031
v 3.782097 0.209511 -0.490016
v 3.779000 0.210000 -0.490000
v 3.780061 -0.210000 -0.475501
v 3.783126 -0.209511 -0.475950
v 3.785892 -0.208090 -0.476356
v 3.788086 -0.205878 -0.476678
v 3.789495 -0.203090 -0.476885
v 3.789981 -0.200000 -0.476956
v 3.789981 0.200000 -0.476956
v 3.789495 0.203090 -0.476885
v 3.788086 0.205878 -0.476678
v 3.785892 0.208090 -0.476356
v 3.783126 0.209511 -0.475950
v 3.780061 0.210000 -0.475501
v 3.783149 -0.210000 -0.461588
v 3.786118 -0.209511 -0.462472
v 3.788796 -0.208090 -0.463270
v 3.790922 -0.205878 -0.463903
v 3.792287 -0.203090 -0.464310
v 3.792757 -0.200000 -0.464450
v 3.792757 0.200000 -0.464450
v 3.792287 0.203090 -0.464310
v 3.790922 0.205878 -0.463903
v 3.788796 0.208090 -0.463270
v 3.786118 0.209511 -0.462472
v 3.783149 0.210000 -0.461588
v 3.788126 -0.210000 -0.448391
v 3.790941 -0.209511 -0.449681
v 3.793482 -0.208090 -0.450845
v 3.795498 -0.205878 -0.451768
v 3.796793 -0.203090 -0.452361
v 3.797238 -0.200000 -0.452566
v 3.797238 0.200000 -0.452566
v 3.796793 0.203090 -0.452361
v 3.795498 0.205878 -0.451768
v 3.793482 0.208090 -0.450845
v 3.790941 0.209511 -0.449681
v 3.788126 0.210000 -0.448391
v 3.794852 -0.210000 -0.436037
v 3.797467 -0.209511 -0.437696
v 3.799826 -0.208090 -0.439193
v 3.801698 -0.205878 -0.440381
v 3.802901 -0.203090 -0.441144
v 3.803315 -0.200000 -0.441407
v 3.803315 0.200000 -0.441407
v 3.802901 0.203090 -0.441144
v 3.801698 0.205878 -0.440381
v 3.799826 0.208090 -0.439193
v 3.797467 0.209511 -0.437696
v 3.794852 0.210000 -0.436037
v 3.803190 -0.210000 -0.424656
v 3.805564 -0.209511 -0.426644
v 3.807706 -0.208090 -0.428437
v 3.809406 -0.205878 -0.429861
v 3.810497 -0.203090 -0.430775
v 3.810873 -0.200000 -0.431089
v 3.810873 0.200000 -0.431089
v 3.810497 0.203090 -0.430775
v 3.809406 0.205878 -0.429861
v 3.807706 0.208090 -0.428437
v 3.805564 0.209511 -0.426644
v 3.803190 0.210000 -0.424656
v 3.813000 -0.210000 -0.414375
v 3.815101 -0.209511 -0.416650
v 3.816996 -0.208090 -0.418702
v 3.818499 -0.205878 -0.420331
v 3.819465 -0.203090 -0.421377
v 3.819798 -0.200000 -0.421737
v 3.819798 0.200000 -0.421737
v 3.819465 0.203090 -0.421377
v 3.818499 0.205878 -0.420331
v 3.816996 0.208090 -0.418702
v 3.815101 0.209511 -0.416650
v 3.813000 0.210000 -0.414375
v 3.824144 -0.210000 -0.405324
v 3.825943 -0.209511 -0.407844
v 3.827565 -0.208090 -0.410117
v 3.828853 -0.205878 -0.411921
v 3.829680 -0.203090 -0.413080
v 3.829965 -0.200000 -0.413479
v 3.829965 0.200000 -0.413479
v 3.829680 0.203090 -0.413080
v 3.828853 0.205878 -0.411921
v 3.827565 0.208090 -0.410117
v 3.825943 0.209511 -0.407844
v 3.824144 0.210000 -0.405324
v 3.836482 -0.210000 -0.397630
v 3.837955 -0.209511 -0.400353
v 3.839283 -0.208090 -0.402810
v 3.840338 -0.205878 -0.404759
v 3.841015 -0.203090 -0.406011
v 3.841248 -0.200000 -0.406442
v 3.841248 0.200000 -0.406442
v 3.841015 0.203090 -0.406011
v 3.840338 0.205878 -0.404759
v 3.839283 0.208090 -0.402810
v 3.837955 0.209511 -0.400353
v 3.836482 0.210000 -0.397630
v 3.849875 -0.210000 -0.391422
v 3.851002 -0.209511 -0.394306
v 3.852017 -0.208090 -0.396908
v 3.852824 -0.205878 -0.398972
v 3.853341 -0.203090 -0.400298
v 3.853520 -0.200000 -0.400755
v 3.853520 0.200000 -0.400755
v 3.853341 0.203090 -0.400298
v 3.852824 0.205878 -0.398972
v 3.852017 0.208090 -0.396908
v 3.851002 0.209511 -0.394306
v 3.849875 0.210000 -0.391422
v 3.864185 -0.210000 -0.386829
v 3.864947 -0.209511 -0.389830
v 3.865635 -0.208090 -0.392537
v 3.866180 -0.205878 -0.394685
v 3.866530 -0.203090 -0.396065
v 3.866651 -0.200000 -0.396540
v 3.866651 0.200000 -0.396540
v 3.866530 0.203090 -0.396065
v 3.866180 0.205878 -0.394685
v 3.865635 0.208090 -0.392537
v 3.864947 0.209511 -0.389830
v 3.864185 0.210000 -0.386829
v 3.879273 -0.210000 -0.383979
v 3.879658 -0.209511 -0.387051
v 3.880004 -0.208090 -0.389822
v 3.880279 -0.205878 -0.392022
v 3.880456 -0.203090 -0.393434
v 3.880517 -0.200000 -0.393921
v 3.880517 0.200000 -0.393921
v 3.880456 0.203090 -0.393434
v 3.880279 0.205878 -0.392022
v 3.880004 0.208090 -0.389822
v 3.879658 0.209511 -0.387051
v 3.879273 0.210000 -0.383979
v 3.895000 -0.210000 -0.383000
v 3.895048 -0.209511 -0.386093
v 3.895092 -0.208090 -0.388884
v 3.895126 -0.205878 -0.391098
v 3.895148 -0.203090 -0.392520
v 3.895156 -0.200000 -0.393010
v 3.895156 0.200000 -0.393010
v 3.895148 0.203090 -0.392520
v 3.895126 0.205878 -0.391098
v 3.895092 0.208090 -0.388884
v 3.895048 0.209511 -0.386093
v 3.895000 0.210000 -0.383000
vn -0.0000 1.0000 -0.0000
vn -0.0000 -1.0000 -0.0000
vn -0.1980 -0.9600 0.1980
vn -0.5326 -0.1719 -0.8287
vn -0.7071 -0.0000 -0.7071
vn -0.0787 -0.9938 0.0787
vn -0.3610 -0.8599 0.3610
vn -0.6565 -0.1629 -0.7365
vn -0.5226 -0.6736 0.5226
vn -0.7160 -0.1349 -0.6850
vn -0.6543 -0.3792 0.6543
vn -0.7567 -0.0806 -0.6488
vn -0.7032 -0.1049 0.7032
vn -0.7409 -0.0110 -0.6715
vn -0.7032 0.1049 0.7032
vn -0.7409 0.0110 -0.6715
vn -0.6543 0.3792 0.6543
vn -0.7567 0.0806 -0.6488
vn -0.5226 0.6736 0.5226
vn -0.7160 0.1349 -0.6850
vn -0.3610 0.8599 0.3610
vn -0.6565 0.1629 -0.7365
vn -0.1980 0.9600 0.1980
vn -0.5326 0.1719 -0.8287
vn -0.0787 0.9938 0.0787
vn 0.7574 -0.1776 -0.6283
vn 0.9007 -0.0000 -0.4345
vn 0.8642 -0.1607 -0.4767
vn 0.9078 -0.1224 -0.4012
vn 0.9314 -0.0668 -0.3579
vn 0.9210 -0.0087 -0.3895
vn 0.9210 0.0087 -0.3895
vn 0.9314 0.0668 -0.3579
vn 0.9078 0.1224 -0.4012
vn 0.8642 0.1607 -0.4767
vn 0.7574 0.1776 -0.6284
vn 0.1386 -0.9478 0.2873
vn 0.0614 -0.9900 0.1272
vn 0.2511 -0.8161 0.5205
vn 0.3460 -0.6048 0.7173
vn 0.4111 -0.3236 0.8522
vn 0.4329 -0.0849 0.8974
vn 0.4329 0.0849 0.8974
vn 0.4111 0.3236 0.8522
vn 0.3460 0.6048 0.7173
vn 0.2511 0.8161 0.5205
vn 0.1386 0.9478 0.2873
vn 0.0614 0.9900 0.1272
vn -0.1386 -0.9478 0.2873
vn -0.0614 -0.9900 0.1272
vn -0.2511 -0.8161 0.5205
vn -0.3460 -0.6048 0.7173
vn -0.4111 -0.3236 0.8522
vn -0.4329 -0.0849 0.8974
vn -0.4329 0.0849 0.8974
vn -0.4111 0.3236 0.8522
vn -0.3460 0.6048 0.7173
vn -0.2511 0.8161 0.5205
vn -0.1386 0.9478 0.2873
vn -0.0614 0.9900 0.1272
vn -0.7574 -0.1776 -0.6284
vn -0.9007 -0.0000 -0.4344
vn -0.8642 -0.1607 -0.4767
vn -0.9078 -0.1224 -0.4012
vn -0.9314 -0.0668 -0.3579
vn -0.9210 -0.0087 -0.3895
vn -0.9210 0.0087 -0.3895
vn -0.9314 0.0668 -0.3579
vn -0.9078 0.1224 -0.4012
vn -0.8642 0.1607 -0.4767
vn -0.7574 0.1776 -0.6283
vn 0.5326 -0.1719 -0.8287
vn 0.7071 -0.0000 -0.7071
vn 0.6565 -0.1629 -0.7365
vn 0.7160 -0.1349 -0.6850
vn 0.7567 -0.0806 -0.6488
vn 0.7409 -0.0110 -0.6715
vn 0.7409 0.0110 -0.6715
vn 0.7567 0.0806 -0.6488
vn 0.7160 0.1349 -0.6850
vn 0.6565 0.1629 -0.7365
vn 0.5326 0.1719 -0.8287
vn 0.1980 -0.9600 0.1980
vn 0.0787 -0.9938 0.0787
vn 0.3610 -0.8599 0.3610
vn 0.5226 -0.6736 0.5226
vn 0.6543 -0.3793 0.6543
vn 0.7032 -0.1049 0.7032
vn 0.7032 0.1049 0.7032
vn 0.6543 0.3793 0.6543
vn 0.5226 0.6736 0.5226
vn 0.3610 0.8599 0.3610
vn 0.1980 0.9600 0.1980
vn 0.0787 0.9938 0.0787
vn -0.6543 -0.3793 0.6543
vn -0.6543 0.3793 0.6543
vn -0.1980 -0.9600 -0.1980
vn -0.0787 -0.9938 -0.0787
vn -0.3610 -0.8599 -0.3610
vn -0.5226 -0.6736 -0.5226
vn -0.6543 -0.3793 -0.6543
vn -0.7032 -0.1049 -0.7032
vn -0.7032 0.1049 -0.7032
vn -0.6543 0.3793 -0.6543
vn -0.5226 0.6736 -0.5226
vn -0.3610 0.8599 -0.3610
vn -0.1980 0.9600 -0.1980
vn -0.0787 0.9938 -0.0787
vn 0.1376 -0.9477 -0.2879
vn 0.0610 -0.9899 -0.1276
vn 0.2494 -0.8158 -0.5218
vn 0.3436 -0.6043 -0.7189
vn 0.4081 -0.3232 -0.8538
vn 0.4297 -0.0848 -0.8990
vn 0.4297 0.0848 -0.8990
vn 0.4081 0.3232 -0.8538
vn 0.3436 0.6043 -0.7189
vn 0.2494 0.8158 -0.5218
vn 0.1376 0.9477 -0.2879
vn 0.0610 0.9899 -0.1276
vn 0.0002 -0.9894 -0.1451
vn 0.0001 -0.9951 -0.0991
vn 0.0004 -0.9322 -0.3619
vn 0.0007 -0.7933 -0.6089
vn 0.0009 -0.4976 -0.8674
vn 0.0011 -0.1312 -0.9914
vn 0.0011 0.1312 -0.9914
vn 0.0009 0.4976 -0.8674
vn 0.0007 0.7933 -0.6089
vn 0.0004 0.9322 -0.3619
vn 0.0002 0.9894 -0.1451
vn 0.0001 0.9951 -0.0991
vn -0.1373 -0.9477 -0.2881
vn -0.0609 -0.9899 -0.1278
vn -0.2489 -0.8157 -0.5222
vn -0.3429 -0.6042 -0.7193
vn -0.4072 -0.3231 -0.8543
vn -0.4287 -0.0847 -0.8995
vn -0.4287 0.0847 -0.8995
vn -0.4072 0.3231 -0.8543
vn -0.3429 0.6042 -0.7193
vn -0.2489 0.8157 -0.5222
vn -0.1373 0.9477 -0.2881
vn -0.0609 0.9899 -0.1278
vn 0.1980 -0.9600 -0.1980
vn 0.0787 -0.9938 -0.0787
vn 0.3610 -0.8599 -0.3610
vn 0.5226 -0.6736 -0.5226
vn 0.6543 -0.3792 -0.6543
vn 0.7032 -0.1049 -0.7032
vn 0.7032 0.1049 -0.7032
vn 0.6543 0.3792 -0.6543
vn 0.5226 0.6736 -0.5226
vn 0.3610 0.8599 -0.3610
vn 0.1980 0.9600 -0.1980
vn 0.0787 0.9938 -0.0787
vn 0.6543 -0.3792 0.6543
vn 0.6543 0.3792 0.6543
vn 0.3118 -0.9495 0.0336
vn 0.3061 -0.9494 0.0704
vn 0.1522 -0.9877 0.0350
vn 0.1553 -0.9877 0.0167
vn 0.5874 -0.8068 0.0633
vn 0.5761 -0.8066 0.1324
vn 0.8058 -0.5857 0.0869
vn 0.7900 -0.5856 0.1816
vn 0.9460 -0.3078 0.1020
vn 0.9273 -0.3077 0.2131
vn 0.9912 -0.0784 0.1069
vn 0.9716 -0.0784 0.2233
vn 0.9912 0.0784 0.1069
vn 0.9716 0.0784 0.2233
vn 0.9460 0.3078 0.1020
vn 0.9273 0.3077 0.2131
vn 0.8058 0.5857 0.0869
vn 0.7900 0.5856 0.1816
vn 0.5874 0.8068 0.0633
vn 0.5761 0.8066 0.1324
vn 0.3118 0.9495 0.0336
vn 0.3061 0.9494 0.0704
vn 0.1553 0.9877 0.0167
vn 0.1522 0.9877 0.0350
vn 0.2947 -0.9492 0.1099
vn 0.1462 -0.9877 0.0545
vn 0.5541 -0.8064 0.2067
vn 0.7596 -0.5854 0.2833
vn 0.8915 -0.3076 0.3325
vn 0.9341 -0.0784 0.3484
vn 0.9341 0.0784 0.3484
vn 0.8915 0.3076 0.3325
vn 0.7596 0.5854 0.2833
vn 0.5541 0.8064 0.2067
vn 0.2947 0.9492 0.1099
vn 0.1462 0.9877 0.0545
vn 0.2764 -0.9491 0.1509
vn 0.1370 -0.9878 0.0747
vn 0.5193 -0.8063 0.2834
vn 0.7117 -0.5853 0.3885
vn 0.8352 -0.3076 0.4559
vn 0.8751 -0.0784 0.4776
vn 0.8751 0.0784 0.4776
vn 0.8352 0.3076 0.4559
vn 0.7117 0.5853 0.3885
vn 0.5193 0.8063 0.2834
vn 0.2764 0.9491 0.1509
vn 0.1370 0.9878 0.0747
vn 0.2507 -0.9490 0.1909
vn 0.1241 -0.9878 0.0945
vn 0.4708 -0.8062 0.3584
vn 0.6452 -0.5853 0.4912
vn 0.7571 -0.3076 0.5764
vn 0.7932 -0.0784 0.6039
vn 0.7932 0.0784 0.6039
vn 0.7571 0.3076 0.5764
vn 0.6452 0.5853 0.4912
vn 0.4708 0.8062 0.3584
vn 0.2507 0.9490 0.1909
vn 0.1241 0.9878 0.0945
vn 0.2183 -0.9490 0.2273
vn 0.1080 -0.9878 0.1125
vn 0.4099 -0.8062 0.4268
vn 0.5617 -0.5852 0.5848
vn 0.6591 -0.3076 0.6863
vn 0.6905 -0.0784 0.7190
vn 0.6905 0.0784 0.7190
vn 0.6591 0.3076 0.6863
vn 0.5617 0.5852 0.5848
vn 0.4099 0.8062 0.4268
vn 0.2183 0.9490 0.2273
vn 0.1080 0.9878 0.1125
vn 0.1810 -0.9491 0.2579
vn 0.0896 -0.9878 0.1277
vn 0.3399 -0.8062 0.4843
vn 0.4658 -0.5853 0.6637
vn 0.5466 -0.3076 0.7789
vn 0.5727 -0.0784 0.8160
vn 0.5727 0.0784 0.8160
vn 0.5466 0.3076 0.7789
vn 0.4658 0.5853 0.6637
vn 0.3399 0.8062 0.4843
vn 0.1810 0.9491 0.2579
vn 0.0896 0.9878 0.1277
vn 0.1413 -0.9492 0.2812
vn 0.0701 -0.9877 0.1394
vn 0.2655 -0.8063 0.5285
vn 0.3639 -0.5854 0.7245
vn 0.4271 -0.3076 0.8503
vn 0.4475 -0.0784 0.8908
vn 0.4475 0.0784 0.8908
vn 0.4271 0.3076 0.8503
vn 0.3639 0.5854 0.7245
vn 0.2655 0.8063 0.5285
vn 0.1413 0.9492 0.2812
vn 0.0701 0.9877 0.1394
vn 0.1018 -0.9493 0.2973
vn 0.0506 -0.9877 0.1477
vn 0.1915 -0.8065 0.5593
vn 0.2626 -0.5855 0.7670
vn 0.3082 -0.3077 0.9002
vn 0.3229 -0.0784 0.9432
vn 0.3229 0.0784 0.9432
vn 0.3082 0.3077 0.9002
vn 0.2626 0.5855 0.7670
vn 0.1915 0.8065 0.5593
vn 0.1018 0.9493 0.2973
vn 0.0506 0.9877 0.1477
vn 0.0645 -0.9495 0.3071
vn 0.0321 -0.9877 0.1528
vn 0.1215 -0.8067 0.5783
vn 0.1667 -0.5857 0.7932
vn 0.1957 -0.3078 0.9311
vn 0.2050 -0.0784 0.9756
vn 0.2050 0.0784 0.9756
vn 0.1957 0.3078 0.9311
vn 0.1667 0.5857 0.7932
vn 0.1215 0.8067 0.5783
vn 0.0645 0.9495 0.3071
vn 0.0321 0.9877 0.1528
vn 0.0306 -0.9497 0.3118
vn 0.0153 -0.9877 0.1555
vn 0.0577 -0.8069 0.5878
vn 0.0791 -0.5858 0.8065
vn 0.0929 -0.3079 0.9469
vn 0.0974 -0.0784 0.9922
vn 0.0974 0.0784 0.9922
vn 0.0929 0.3079 0.9469
vn 0.0791 0.5858 0.8065
vn 0.0577 0.8069 0.5878
vn 0.0306 0.9497 0.3118
vn 0.0153 0.9877 0.1555
vn -0.0001 -0.9498 0.3129
vn -0.0001 -0.9877 0.1563
vn -0.0003 -0.8071 0.5904
vn -0.0004 -0.5860 0.8103
vn -0.0005 -0.3079 0.9514
vn -0.0005 -0.0784 0.9969
vn -0.0005 0.0784 0.9969
vn -0.0005 0.3079 0.9514
vn -0.0004 0.5860 0.8103
vn -0.0003 0.8071 0.5904
vn -0.0001 0.9498 0.3129
vn -0.0001 0.9877 0.1563
vn -0.0302 -0.9497 0.3116
vn -0.0151 -0.9877 0.1555
vn -0.0569 -0.8070 0.5878
vn -0.0781 -0.5859 0.8066
vn -0.0917 -0.3079 0.9470
vn -0.0960 -0.0784 0.9923
vn -0.0960 0.0784 0.9923
vn -0.0917 0.3079 0.9470
vn -0.0781 0.5859 0.8066
vn -0.0569 0.8070 0.5878
vn -0.0302 0.9497 0.3116
vn -0.0151 0.9877 0.1555
vn -0.0616 -0.9496 0.3072
vn -0.0307 -0.9877 0.1532
vn -0.1160 -0.8069 0.5792
vn -0.1592 -0.5858 0.7946
vn -0.1869 -0.3079 0.9329
vn -0.1958 -0.0784 0.9775
vn -0.1958 0.0784 0.9775
vn -0.1869 0.3079 0.9329
vn -0.1592 0.5858 0.7946
vn -0.1160 0.8069 0.5792
vn -0.0616 0.9496 0.3072
vn -0.0307 0.9877 0.1532
vn -0.0945 -0.9495 0.2991
vn -0.0471 -0.9877 0.1489
vn -0.1781 -0.8068 0.5634
vn -0.2443 -0.5857 0.7728
vn -0.2868 -0.3078 0.9072
vn -0.3005 -0.0784 0.9506
vn -0.3005 0.0784 0.9506
vn -0.2868 0.3078 0.9072
vn -0.2443 0.5857 0.7728
vn -0.1781 0.8068 0.5634
vn -0.0945 0.9495 0.2991
vn -0.0471 0.9877 0.1489
vn -0.1291 -0.9494 0.2863
vn -0.0642 -0.9877 0.1424
vn -0.2429 -0.8066 0.5388
vn -0.3332 -0.5856 0.7390
vn -0.3911 -0.3077 0.8674
vn -0.4098 -0.0784 0.9088
vn -0.4098 0.0784 0.9088
vn -0.3911 0.3077 0.8674
vn -0.3332 0.5856 0.7390
vn -0.2429 0.8066 0.5388
vn -0.1291 0.9494 0.2863
vn -0.0642 0.9877 0.1424
vn -0.1646 -0.9493 0.2678
vn -0.0817 -0.9877 0.1330
vn -0.3096 -0.8065 0.5037
vn -0.4245 -0.5855 0.6907
vn -0.4982 -0.3077 0.8106
vn -0.5220 -0.0784 0.8493
vn -0.5220 0.0784 0.8493
vn -0.4982 0.3077 0.8106
vn -0.4245 0.5855 0.6907
vn -0.3096 0.8065 0.5037
vn -0.1646 0.9493 0.2678
vn -0.0817 0.9877 0.1330
vn -0.2001 -0.9492 0.2430
vn -0.0992 -0.9877 0.1205
vn -0.3760 -0.8063 0.4566
vn -0.5154 -0.5854 0.6259
vn -0.6049 -0.3076 0.7345
vn -0.6337 -0.0784 0.7696
vn -0.6337 0.0784 0.7696
vn -0.6049 0.3076 0.7345
vn -0.5154 0.5854 0.6259
vn -0.3760 0.8063 0.4566
vn -0.2001 0.9492 0.2430
vn -0.0992 0.9877 0.1205
vn -0.2337 -0.9491 0.2113
vn -0.1157 -0.9878 0.1046
vn -0.4389 -0.8062 0.3968
vn -0.6015 -0.5853 0.5438
vn -0.7058 -0.3076 0.6381
vn -0.7395 -0.0784 0.6686
vn -0.7395 0.0784 0.6686
vn -0.7058 0.3076 0.6381
vn -0.6015 0.5853 0.5438
vn -0.4389 0.8062 0.3968
vn -0.2337 0.9491 0.2113
vn -0.1157 0.9878 0.1046
vn -0.2633 -0.9490 0.1733
vn -0.1303 -0.9878 0.0857
vn -0.4943 -0.8062 0.3253
vn -0.6773 -0.5852 0.4458
vn -0.7948 -0.3076 0.5231
vn -0.8328 -0.0784 0.5480
vn -0.8328 0.0784 0.5480
vn -0.7948 0.3076 0.5231
vn -0.6773 0.5852 0.4458
vn -0.4943 0.8062 0.3253
vn -0.2633 0.9490 0.1733
vn -0.1303 0.9878 0.0857
vn -0.2868 -0.9490 0.1306
vn -0.1420 -0.9878 0.0647
vn -0.5385 -0.8062 0.2452
vn -0.7379 -0.5852 0.3361
vn -0.8659 -0.3076 0.3944
vn -0.9073 -0.0784 0.4132
vn -0.9073 0.0784 0.4132
vn -0.8659 0.3076 0.3944
vn -0.7379 0.5852 0.3361
vn -0.5385 0.8062 0.2452
vn -0.2868 0.9490 0.1306
vn -0.1420 0.9878 0.0647
vn -0.3030 -0.9491 0.0859
vn -0.1501 -0.9878 0.0425
vn -0.5692 -0.8063 0.1613
vn -0.7801 -0.5853 0.2211
vn -0.9155 -0.3076 0.2594
vn -0.9592 -0.0784 0.2718
vn -0.9592 0.0784 0.2718
vn -0.9155 0.3076 0.2594
vn -0.7801 0.5853 0.2211
vn -0.5692 0.8063 0.1613
vn -0.3030 0.9491 0.0859
vn -0.1501 0.9878 0.0425
vn -0.3118 -0.9492 0.0417
vn -0.1547 -0.9877 0.0207
vn -0.5862 -0.8064 0.0784
vn -0.8036 -0.5854 0.1075
vn -0.9431 -0.3076 0.1262
vn -0.9881 -0.0784 0.1322
vn -0.9881 0.0784 0.1322
vn -0.9431 0.3076 0.1262
vn -0.8036 0.5854 0.1075
vn -0.5862 0.8064 0.0784
vn -0.3118 0.9492 0.0417
vn -0.1547 0.9877 0.0207
vn -0.3116 -0.9502 0.0100
vn -0.1563 -0.9877 0.0050
vn -0.5894 -0.8076 0.0188
vn -0.8096 -0.5865 0.0259
vn -0.9508 -0.3082 0.0304
vn -0.9964 -0.0784 0.0319
vn -0.9964 0.0784 0.0319
vn -0.9508 0.3082 0.0304
vn -0.8096 0.5865 0.0259
vn -0.5894 0.8076 0.0188
vn -0.3116 0.9502 0.0100
vn -0.1563 0.9877 0.0050
vn -0.6543 -0.3792 -0.6543
vn -0.6543 0.3792 -0.6543
vn 0.3085 -0.9512 -0.0018
vn 0.1564 -0.9877 -0.0009
vn 0.5874 -0.8093 -0.0034
vn 0.8088 -0.5881 -0.0047
vn 0.9510 -0.3092 -0.0056
vn 0.9969 -0.0785 -0.0058
vn 0.9969 0.0785 -0.0058
vn 0.9510 0.3092 -0.0056
vn 0.8088 0.5881 -0.0047
vn 0.5874 0.8093 -0.0034
vn 0.3085 0.9512 -0.0018
vn 0.1564 0.9877 -0.0009
vn 0.3076 -0.9515 -0.0080
vn 0.1564 -0.9877 -0.0041
vn 0.5866 -0.8097 -0.0153
vn 0.8082 -0.5885 -0.0210
vn 0.9506 -0.3095 -0.0247
vn 0.9966 -0.0785 -0.0259
vn 0.9966 0.0785 -0.0259
vn 0.9506 0.3095 -0.0247
vn 0.8082 0.5885 -0.0210
vn 0.5866 0.8097 -0.0153
vn 0.3076 0.9515 -0.0080
vn 0.1564 0.9877 -0.0041
vn 0.3068 -0.9516 -0.0180
vn 0.1561 -0.9877 -0.0092
vn 0.5855 -0.8099 -0.0344
vn 0.8069 -0.5887 -0.0474
vn 0.9492 -0.3096 -0.0558
vn 0.9952 -0.0785 -0.0585
vn 0.9952 0.0785 -0.0585
vn 0.9492 0.3096 -0.0558
vn 0.8069 0.5887 -0.0474
vn 0.5855 0.8099 -0.0344
vn 0.3068 0.9516 -0.0180
vn 0.1561 0.9877 -0.0092
vn 0.3053 -0.9518 -0.0307
vn 0.1556 -0.9877 -0.0157
vn 0.5832 -0.8102 -0.0587
vn 0.8041 -0.5890 -0.0810
vn 0.9460 -0.3098 -0.0953
vn 0.9919 -0.0786 -0.0999
vn 0.9919 0.0786 -0.0999
vn 0.9460 0.3098 -0.0953
vn 0.8041 0.5890 -0.0810
vn 0.5832 0.8102 -0.0587
vn 0.3053 0.9518 -0.0307
vn 0.1556 0.9877 -0.0157
vn 0.3028 -0.9519 -0.0465
vn 0.1546 -0.9877 -0.0237
vn 0.5790 -0.8105 -0.0889
vn 0.7986 -0.5893 -0.1226
vn 0.9397 -0.3100 -0.1443
vn 0.9854 -0.0786 -0.1513
vn 0.9854 0.0786 -0.1513
vn 0.9397 0.3100 -0.1443
vn 0.7986 0.5893 -0.1226
vn 0.5790 0.8105 -0.0889
vn 0.3028 0.9519 -0.0465
vn 0.1546 0.9877 -0.0237
vn 0.2987 -0.9521 -0.0654
vn 0.1527 -0.9877 -0.0334
vn 0.5718 -0.8108 -0.1251
vn 0.7890 -0.5896 -0.1726
vn 0.9287 -0.3102 -0.2032
vn 0.9739 -0.0786 -0.2131
vn 0.9739 0.0786 -0.2131
vn 0.9287 0.3102 -0.2032
vn 0.7890 0.5896 -0.1726
vn 0.5718 0.8108 -0.1251
vn 0.2987 0.9521 -0.0654
vn 0.1527 0.9877 -0.0334
vn 0.2925 -0.9523 -0.0871
vn 0.1498 -0.9877 -0.0446
vn 0.5606 -0.8111 -0.1669
vn 0.7738 -0.5900 -0.2305
vn 0.9111 -0.3104 -0.2713
vn 0.9554 -0.0787 -0.2845
vn 0.9554 0.0787 -0.2845
vn 0.9111 0.3104 -0.2713
vn 0.7738 0.5900 -0.2305
vn 0.5606 0.8111 -0.1669
vn 0.2925 0.9523 -0.0871
vn 0.1498 0.9877 -0.0446
vn 0.2839 -0.9524 -0.1111
vn 0.1455 -0.9877 -0.0569
vn 0.5444 -0.8113 -0.2130
vn 0.7518 -0.5902 -0.2941
vn 0.8852 -0.3106 -0.3463
vn 0.9284 -0.0787 -0.3632
vn 0.9284 0.0787 -0.3632
vn 0.8852 0.3106 -0.3463
vn 0.7518 0.5902 -0.2941
vn 0.5444 0.8113 -0.2130
vn 0.2839 0.9524 -0.1111
vn 0.1455 0.9877 -0.0569
vn 0.2726 -0.9525 -0.1359
vn 0.1399 -0.9877 -0.0697
vn 0.5230 -0.8115 -0.2607
vn 0.7224 -0.5903 -0.3601
vn 0.8507 -0.3106 -0.4241
vn 0.8922 -0.0787 -0.4448
vn 0.8922 0.0787 -0.4448
vn 0.8507 0.3106 -0.4241
vn 0.7224 0.5903 -0.3601
vn 0.5230 0.8115 -0.2607
vn 0.2726 0.9525 -0.1359
vn 0.1399 0.9877 -0.0697
vn 0.2592 -0.9525 -0.1601
vn 0.1330 -0.9877 -0.0821
vn 0.4973 -0.8114 -0.3071
vn 0.6868 -0.5903 -0.4241
vn 0.8087 -0.3106 -0.4995
vn 0.8482 -0.0787 -0.5238
vn 0.8482 0.0787 -0.5238
vn 0.8087 0.3106 -0.4995
vn 0.6868 0.5903 -0.4241
vn 0.4973 0.8114 -0.3071
vn 0.2592 0.9525 -0.1601
vn 0.1330 0.9877 -0.0821
vn 0.2447 -0.9523 -0.1821
vn 0.1254 -0.9877 -0.0933
vn 0.4691 -0.8112 -0.3492
vn 0.6476 -0.5901 -0.4821
vn 0.7625 -0.3105 -0.5676
vn 0.7997 -0.0787 -0.5953
vn 0.7997 0.0787 -0.5953
vn 0.7625 0.3105 -0.5676
vn 0.6476 0.5901 -0.4821
vn 0.4691 0.8112 -0.3492
vn 0.2447 0.9523 -0.1821
vn 0.1254 0.9877 -0.0933
vn 0.2302 -0.9522 -0.2010
vn 0.1178 -0.9877 -0.1028
vn 0.4408 -0.8109 -0.3848
vn 0.6084 -0.5897 -0.5311
vn 0.7162 -0.3103 -0.6252
vn 0.7510 -0.0787 -0.6556
vn 0.7510 0.0787 -0.6556
vn 0.7162 0.3103 -0.6252
vn 0.6084 0.5897 -0.5311
vn 0.4408 0.8109 -0.3848
vn 0.2302 0.9522 -0.2010
vn 0.1178 0.9877 -0.1028
vn 0.2163 -0.9520 -0.2165
vn 0.1105 -0.9877 -0.1106
vn 0.4139 -0.8107 -0.4142
vn 0.5710 -0.5895 -0.5714
vn 0.6720 -0.3101 -0.6725
vn 0.7046 -0.0786 -0.7052
vn 0.7046 0.0786 -0.7052
vn 0.6720 0.3101 -0.6725
vn 0.5710 0.5895 -0.5714
vn 0.4139 0.8107 -0.4142
vn 0.2163 0.9520 -0.2165
vn 0.1105 0.9877 -0.1106
vn 0.2016 -0.9521 -0.2300
vn 0.1031 -0.9877 -0.1176
vn 0.3859 -0.8107 -0.4402
vn 0.5325 -0.5896 -0.6073
vn 0.6268 -0.3101 -0.7148
vn 0.6572 -0.0786 -0.7496
vn 0.6572 0.0786 -0.7496
vn 0.6268 0.3101 -0.7148
vn 0.5325 0.5896 -0.6073
vn 0.3859 0.8107 -0.4402
vn 0.2017 0.9521 -0.2300
vn 0.1031 0.9877 -0.1176
vn 0.1857 -0.9521 -0.2430
vn 0.0949 -0.9877 -0.1242
vn 0.3554 -0.8108 -0.4651
vn 0.4904 -0.5896 -0.6418
vn 0.5772 -0.3102 -0.7554
vn 0.6053 -0.0786 -0.7921
vn 0.6053 0.0786 -0.7921
vn 0.5772 0.3102 -0.7554
vn 0.4904 0.5896 -0.6418
vn 0.3554 0.8108 -0.4651
vn 0.1857 0.9521 -0.2430
vn 0.0949 0.9877 -0.1242
vn 0.1685 -0.9521 -0.2551
vn 0.0862 -0.9877 -0.1305
vn 0.3225 -0.8108 -0.4884
vn 0.4451 -0.5897 -0.6740
vn 0.5239 -0.3102 -0.7933
vn 0.5493 -0.0786 -0.8319
vn 0.5493 0.0786 -0.8319
vn 0.5239 0.3102 -0.7933
vn 0.4451 0.5897 -0.6740
vn 0.3225 0.8108 -0.4884
vn 0.1685 0.9521 -0.2551
vn 0.0862 0.9877 -0.1305
vn 0.1503 -0.9521 -0.2662
vn 0.0769 -0.9877 -0.1362
vn 0.2877 -0.8108 -0.5097
vn 0.3970 -0.5897 -0.7033
vn 0.4673 -0.3102 -0.8279
vn 0.4900 -0.0786 -0.8681
vn 0.4900 0.0786 -0.8681
vn 0.4673 0.3102 -0.8279
vn 0.3970 0.5897 -0.7033
vn 0.2877 0.8108 -0.5097
vn 0.1503 0.9521 -0.2662
vn 0.0768 0.9877 -0.1362
vn 0.1313 -0.9521 -0.2761
vn 0.0671 -0.9877 -0.1412
vn 0.2514 -0.8108 -0.5285
vn 0.3469 -0.5897 -0.7294
vn 0.4083 -0.3102 -0.8585
vn 0.4282 -0.0786 -0.9003
vn 0.4282 0.0786 -0.9003
vn 0.4083 0.3102 -0.8585
vn 0.3469 0.5897 -0.7294
vn 0.2514 0.8108 -0.5285
vn 0.1313 0.9521 -0.2761
vn 0.0671 0.9877 -0.1412
vn 0.1118 -0.9521 -0.2846
vn 0.0572 -0.9877 -0.1455
vn 0.2141 -0.8108 -0.5447
vn 0.2954 -0.5896 -0.7517
vn 0.3478 -0.3102 -0.8848
vn 0.3647 -0.0786 -0.9278
vn 0.3647 0.0786 -0.9278
vn 0.3478 0.3102 -0.8848
vn 0.2954 0.5896 -0.7517
vn 0.2141 0.8108 -0.5447
vn 0.1118 0.9521 -0.2846
vn 0.0572 0.9877 -0.1455
vn 0.0922 -0.9521 -0.2916
vn 0.0471 -0.9877 -0.1491
vn 0.1765 -0.8108 -0.5581
vn 0.2435 -0.5896 -0.7701
vn 0.2866 -0.3102 -0.9065
vn 0.3005 -0.0786 -0.9505
vn 0.3005 0.0786 -0.9505
vn 0.2866 0.3102 -0.9065
vn 0.2435 0.5896 -0.7701
vn 0.1765 0.8108 -0.5581
vn 0.0922 0.9521 -0.2916
vn 0.0471 0.9877 -0.1491
vn 0.0727 -0.9521 -0.2972
vn 0.0371 -0.9877 -0.1519
vn 0.1390 -0.8107 -0.5687
vn 0.1918 -0.5895 -0.7846
vn 0.2258 -0.3101 -0.9235
vn 0.2368 -0.0786 -0.9684
vn 0.2368 0.0786 -0.9684
vn 0.2258 0.3101 -0.9235
vn 0.1918 0.5895 -0.7846
vn 0.1390 0.8107 -0.5687
vn 0.0727 0.9521 -0.2972
vn 0.0371 0.9877 -0.1519
vn 0.0535 -0.9520 -0.3013
vn 0.0273 -0.9877 -0.1540
vn 0.1023 -0.8106 -0.5765
vn 0.1411 -0.5895 -0.7954
vn 0.1661 -0.3101 -0.9361
vn 0.1742 -0.0786 -0.9816
vn 0.1742 0.0786 -0.9816
vn 0.1661 0.3101 -0.9361
vn 0.1411 0.5895 -0.7954
vn 0.1023 0.8106 -0.5765
vn 0.0535 0.9520 -0.3013
vn 0.0273 0.9877 -0.1540
vn 0.0349 -0.9520 -0.3042
vn 0.0178 -0.9877 -0.1554
vn 0.0667 -0.8106 -0.5818
vn 0.0920 -0.5894 -0.8026
vn 0.1083 -0.3100 -0.9445
vn 0.1136 -0.0786 -0.9904
vn 0.1136 0.0786 -0.9904
vn 0.1083 0.3100 -0.9445
vn 0.0920 0.5894 -0.8026
vn 0.0667 0.8106 -0.5818
vn 0.0349 0.9520 -0.3042
vn 0.0178 0.9877 -0.1554
vn 0.0171 -0.9519 -0.3059
vn 0.0087 -0.9877 -0.1561
vn 0.0326 -0.8105 -0.5849
vn 0.0450 -0.5893 -0.8067
vn 0.0529 -0.3100 -0.9493
vn 0.0555 -0.0786 -0.9954
vn 0.0555 0.0786 -0.9954
vn 0.0529 0.3100 -0.9493
vn 0.0450 0.5893 -0.8067
vn 0.0326 0.8105 -0.5849
vn 0.0171 0.9519 -0.3059
vn 0.0087 0.9877 -0.1561
vn 0.0001 -0.9519 -0.3065
vn -0.0000 -0.9877 -0.1564
vn 0.0001 -0.8104 -0.5859
vn 0.0002 -0.5892 -0.8080
vn 0.0002 -0.3099 -0.9508
vn 0.0002 -0.0786 -0.9969
vn 0.0002 0.0786 -0.9969
vn 0.0002 0.3099 -0.9508
vn 0.0002 0.5892 -0.8080
vn 0.0001 0.8104 -0.5859
vn 0.0001 0.9519 -0.3065
vn -0.0000 0.9877 -0.1564
vn -0.0166 -0.9519 -0.3060
vn -0.0085 -0.9877 -0.1561
vn -0.0318 -0.8104 -0.5850
vn -0.0439 -0.5892 -0.8068
vn -0.0516 -0.3099 -0.9494
vn -0.0541 -0.0786 -0.9954
vn -0.0541 0.0786 -0.9954
vn -0.0516 0.3099 -0.9494
vn -0.0439 0.5892 -0.8068
vn -0.0318 0.8104 -0.5850
vn -0.0166 0.9519 -0.3060
vn -0.0085 0.9877 -0.1561
vn -0.0338 -0.9519 -0.3045
vn -0.0172 -0.9877 -0.1554
vn -0.0646 -0.8105 -0.5822
vn -0.0890 -0.5893 -0.8030
vn -0.1048 -0.3100 -0.9450
vn -0.1099 -0.0786 -0.9908
vn -0.1099 0.0786 -0.9908
vn -0.1048 0.3100 -0.9450
vn -0.0890 0.5893 -0.8030
vn -0.0646 0.8105 -0.5822
vn -0.0338 0.9519 -0.3045
vn -0.0172 0.9877 -0.1554
vn -0.0513 -0.9520 -0.3019
vn -0.0262 -0.9877 -0.1542
vn -0.0982 -0.8105 -0.5774
vn -0.1354 -0.5893 -0.7965
vn -0.1593 -0.3100 -0.9373
vn -0.1671 -0.0786 -0.9828
vn -0.1671 0.0786 -0.9828
vn -0.1593 0.3100 -0.9373
vn -0.1354 0.5893 -0.7965
vn -0.0982 0.8105 -0.5774
vn -0.0513 0.9520 -0.3019
vn -0.0262 0.9877 -0.1542
vn -0.0693 -0.9520 -0.2982
vn -0.0354 -0.9877 -0.1523
vn -0.1325 -0.8106 -0.5704
vn -0.1828 -0.5894 -0.7869
vn -0.2151 -0.3100 -0.9261
vn -0.2255 -0.0786 -0.9711
vn -0.2255 0.0786 -0.9711
vn -0.2151 0.3100 -0.9261
vn -0.1828 0.5894 -0.7869
vn -0.1325 0.8106 -0.5704
vn -0.0693 0.9520 -0.2982
vn -0.0354 0.9877 -0.1523
vn -0.0875 -0.9520 -0.2933
vn -0.0447 -0.9877 -0.1498
vn -0.1674 -0.8106 -0.5611
vn -0.2310 -0.5895 -0.7741
vn -0.2718 -0.3101 -0.9110
vn -0.2851 -0.0786 -0.9553
vn -0.2851 0.0786 -0.9553
vn -0.2718 0.3101 -0.9110
vn -0.2310 0.5895 -0.7741
vn -0.1674 0.8106 -0.5611
vn -0.0875 0.9520 -0.2933
vn -0.0447 0.9877 -0.1498
vn -0.1060 -0.9520 -0.2870
vn -0.0542 -0.9877 -0.1467
vn -0.2028 -0.8107 -0.5492
vn -0.2798 -0.5895 -0.7577
vn -0.3293 -0.3101 -0.8918
vn -0.3453 -0.0786 -0.9352
vn -0.3453 0.0786 -0.9352
vn -0.3293 0.3101 -0.8918
vn -0.2798 0.5895 -0.7577
vn -0.2028 0.8107 -0.5492
vn -0.1060 0.9520 -0.2870
vn -0.0542 0.9877 -0.1467
vn -0.1246 -0.9521 -0.2793
vn -0.0637 -0.9877 -0.1428
vn -0.2385 -0.8108 -0.5346
vn -0.3290 -0.5896 -0.7377
vn -0.3873 -0.3101 -0.8682
vn -0.4061 -0.0786 -0.9104
vn -0.4061 0.0786 -0.9104
vn -0.3873 0.3101 -0.8682
vn -0.3290 0.5896 -0.7377
vn -0.2385 0.8108 -0.5346
vn -0.1246 0.9521 -0.2793
vn -0.0637 0.9877 -0.1428
vn -0.1432 -0.9521 -0.2701
vn -0.0732 -0.9877 -0.1381
vn -0.2742 -0.8108 -0.5171
vn -0.3784 -0.5896 -0.7135
vn -0.4454 -0.3102 -0.8399
vn -0.4670 -0.0786 -0.8807
vn -0.4670 0.0786 -0.8807
vn -0.4454 0.3102 -0.8399
vn -0.3784 0.5896 -0.7135
vn -0.2742 0.8108 -0.5171
vn -0.1432 0.9521 -0.2701
vn -0.0732 0.9877 -0.1381
vn -0.1618 -0.9522 -0.2593
vn -0.0828 -0.9877 -0.1326
vn -0.3098 -0.8109 -0.4965
vn -0.4276 -0.5897 -0.6851
vn -0.5033 -0.3102 -0.8065
vn -0.5278 -0.0786 -0.8457
vn -0.5278 0.0786 -0.8457
vn -0.5033 0.3102 -0.8065
vn -0.4276 0.5897 -0.6851
vn -0.3098 0.8109 -0.4965
vn -0.1618 0.9522 -0.2593
vn -0.0828 0.9877 -0.1326
vn -0.1802 -0.9522 -0.2467
vn -0.0922 -0.9877 -0.1262
vn -0.3451 -0.8110 -0.4725
vn -0.4764 -0.5898 -0.6521
vn -0.5608 -0.3103 -0.7676
vn -0.5881 -0.0787 -0.8050
vn -0.5881 0.0787 -0.8050
vn -0.5608 0.3103 -0.7676
vn -0.4764 0.5898 -0.6521
vn -0.3451 0.8110 -0.4725
vn -0.1802 0.9522 -0.2467
vn -0.0922 0.9877 -0.1262
vn -0.1983 -0.9522 -0.2322
vn -0.1015 -0.9877 -0.1189
vn -0.3798 -0.8110 -0.4449
vn -0.5243 -0.5899 -0.6141
vn -0.6173 -0.3103 -0.7229
vn -0.6473 -0.0787 -0.7581
vn -0.6473 0.0787 -0.7581
vn -0.6173 0.3103 -0.7229
vn -0.5243 0.5899 -0.6141
vn -0.3798 0.8110 -0.4449
vn -0.1983 0.9522 -0.2322
vn -0.1015 0.9877 -0.1189
vn -0.2165 -0.9525 -0.2144
vn -0.1111 -0.9877 -0.1100
vn -0.4153 -0.8114 -0.4112
vn -0.5736 -0.5903 -0.5679
vn -0.6755 -0.3106 -0.6688
vn -0.7084 -0.0787 -0.7014
vn -0.7084 0.0787 -0.7014
vn -0.6755 0.3106 -0.6688
vn -0.5736 0.5903 -0.5679
vn -0.4153 0.8114 -0.4112
vn -0.2165 0.9525 -0.2144
vn -0.1111 0.9877 -0.1100
vn -0.2355 -0.9526 -0.1925
vn -0.1210 -0.9877 -0.0989
vn -0.4522 -0.8117 -0.3697
vn -0.6247 -0.5906 -0.5108
vn -0.7358 -0.3108 -0.6016
vn -0.7718 -0.0788 -0.6310
vn -0.7718 0.0788 -0.6310
vn -0.7358 0.3108 -0.6016
vn -0.6247 0.5906 -0.5108
vn -0.4522 0.8117 -0.3697
vn -0.2355 0.9526 -0.1925
vn -0.1210 0.9877 -0.0989
vn -0.2534 -0.9526 -0.1685
vn -0.1301 -0.9877 -0.0865
vn -0.4865 -0.8116 -0.3234
vn -0.6721 -0.5905 -0.4467
vn -0.7916 -0.3108 -0.5262
vn -0.8302 -0.0787 -0.5518
vn -0.8302 0.0787 -0.5518
vn -0.7916 0.3108 -0.5261
vn -0.6721 0.5905 -0.4467
vn -0.4865 0.8116 -0.3234
vn -0.2534 0.9526 -0.1685
vn -0.1301 0.9877 -0.0865
vn -0.2685 -0.9525 -0.1439
vn -0.1377 -0.9877 -0.0738
vn -0.5151 -0.8115 -0.2760
vn -0.7114 -0.5904 -0.3813
vn -0.8378 -0.3106 -0.4490
vn -0.8787 -0.0787 -0.4709
vn -0.8787 0.0787 -0.4709
vn -0.8378 0.3106 -0.4490
vn -0.7114 0.5904 -0.3813
vn -0.5151 0.8115 -0.2760
vn -0.2685 0.9525 -0.1439
vn -0.1377 0.9877 -0.0738
vn -0.2804 -0.9524 -0.1198
vn -0.1437 -0.9877 -0.0614
vn -0.5377 -0.8113 -0.2297
vn -0.7424 -0.5901 -0.3172
vn -0.8741 -0.3105 -0.3734
vn -0.9167 -0.0787 -0.3916
vn -0.9167 0.0787 -0.3916
vn -0.8741 0.3105 -0.3734
vn -0.7424 0.5901 -0.3172
vn -0.5377 0.8113 -0.2297
vn -0.2804 0.9524 -0.1198
vn -0.1437 0.9877 -0.0614
vn -0.2896 -0.9522 -0.0971
vn -0.1482 -0.9877 -0.0497
vn -0.5547 -0.8110 -0.1860
vn -0.7656 -0.5899 -0.2567
vn -0.9013 -0.3103 -0.3022
vn -0.9452 -0.0787 -0.3169
vn -0.9452 0.0787 -0.3169
vn -0.9013 0.3103 -0.3022
vn -0.7656 0.5899 -0.2567
vn -0.5547 0.8110 -0.1860
vn -0.2896 0.9522 -0.0971
vn -0.1482 0.9877 -0.0497
vn -0.2962 -0.9521 -0.0763
vn -0.1514 -0.9877 -0.0390
vn -0.5669 -0.8107 -0.1461
vn -0.7822 -0.5896 -0.2016
vn -0.9206 -0.3101 -0.2373
vn -0.9654 -0.0786 -0.2488
vn -0.9654 0.0786 -0.2488
vn -0.9206 0.3101 -0.2373
vn -0.7822 0.5896 -0.2016
vn -0.5669 0.8107 -0.1461
vn -0.2962 0.9521 -0.0763
vn -0.1514 0.9877 -0.0390
vn -0.3008 -0.9519 -0.0579
vn -0.1536 -0.9877 -0.0295
vn -0.5752 -0.8105 -0.1107
vn -0.7934 -0.5893 -0.1527
vn -0.9336 -0.3100 -0.1797
vn -0.9789 -0.0786 -0.1884
vn -0.9789 0.0786 -0.1884
vn -0.9336 0.3100 -0.1797
vn -0.7934 0.5893 -0.1527
vn -0.5752 0.8105 -0.1107
vn -0.3008 0.9519 -0.0579
vn -0.1536 0.9877 -0.0295
vn -0.3039 -0.9518 -0.0419
vn -0.1549 -0.9877 -0.0213
vn -0.5806 -0.8103 -0.0800
vn -0.8005 -0.5891 -0.1103
vn -0.9419 -0.3098 -0.1297
vn -0.9876 -0.0786 -0.1360
vn -0.9876 0.0786 -0.1360
vn -0.9419 0.3098 -0.1297
vn -0.8005 0.5891 -0.1103
vn -0.5806 0.8103 -0.0800
vn -0.3039 0.9518 -0.0419
vn -0.1549 0.9877 -0.0213
vn -0.3058 -0.9517 -0.0282
vn -0.1557 -0.9877 -0.0144
vn -0.5839 -0.8100 -0.0539
vn -0.8048 -0.5888 -0.0743
vn -0.9468 -0.3097 -0.0874
vn -0.9927 -0.0786 -0.0916
vn -0.9927 0.0786 -0.0916
vn -0.9468 0.3097 -0.0874
vn -0.8048 0.5888 -0.0743
vn -0.5839 0.8100 -0.0539
vn -0.3058 0.9517 -0.0282
vn -0.1557 0.9877 -0.0144
vn -0.3070 -0.9516 -0.0169
vn -0.1562 -0.9877 -0.0086
vn -0.5858 -0.8098 -0.0322
vn -0.8072 -0.5886 -0.0443
vn -0.9495 -0.3095 -0.0521
vn -0.9954 -0.0785 -0.0547
vn -0.9954 0.0785 -0.0547
vn -0.9495 0.3095 -0.0521
vn -0.8072 0.5886 -0.0443
vn -0.5858 0.8098 -0.0322
vn -0.3070 0.9516 -0.0169
vn -0.1562 0.9877 -0.0086
vn -0.3077 -0.9515 -0.0076
vn -0.1564 -0.9877 -0.0039
vn -0.5867 -0.8097 -0.0145
vn -0.8083 -0.5885 -0.0200
vn -0.9506 -0.3094 -0.0235
vn -0.9966 -0.0785 -0.0246
vn -0.9966 0.0785 -0.0246
vn -0.9506 0.3094 -0.0235
vn -0.8083 0.5885 -0.0200
vn -0.5867 0.8097 -0.0145
vn -0.3077 0.9515 -0.0076
vn -0.1564 0.9877 -0.0039
vn -0.3085 -0.9512 -0.0017
vn -0.1564 -0.9877 -0.0009
vn -0.5874 -0.8093 -0.0033
vn -0.8088 -0.5881 -0.0046
vn -0.9510 -0.3092 -0.0054
vn -0.9969 -0.0785 -0.0056
vn -0.9969 0.0785 -0.0056
vn -0.9510 0.3092 -0.0054
vn -0.8088 0.5881 -0.0046
vn -0.5874 0.8093 -0.0033
vn -0.3085 0.9512 -0.0017
vn -0.1564 0.9877 -0.0009
vn 0.3111 -0.9503 0.0080
vn 0.1563 -0.9877 0.0040
vn 0.5891 -0.8079 0.0151
vn 0.8095 -0.5867 0.0208
vn 0.9510 -0.3084 0.0244
vn 0.9966 -0.0784 0.0256
vn 0.9966 0.0784 0.0256
vn 0.9510 0.3084 0.0244
vn 0.8095 0.5867 0.0208
vn 0.5891 0.8079 0.0151
vn 0.3111 0.9503 0.0080
vn 0.1563 0.9877 0.0040
vn -0.1209 -0.9469 0.2980
vn 0.0307 -0.9969 0.0726
vn 0.0240 -0.9981 0.0567
vn -0.0546 -0.9894 0.1346
vn -0.2196 -0.8115 0.5415
vn 0.0853 -0.9757 0.2018
vn -0.3014 -0.5975 0.7430
vn 0.1592 -0.9126 0.3765
vn -0.3564 -0.3179 0.8786
vn 0.2777 -0.7011 0.6567
vn -0.3746 -0.0829 0.9235
vn 0.3801 -0.2174 0.8990
vn -0.3746 0.0829 0.9235
vn 0.3801 0.2174 0.8990
vn -0.3564 0.3179 0.8786
vn 0.2777 0.7011 0.6567
vn -0.3014 0.5975 0.7430
vn 0.1592 0.9126 0.3765
vn -0.2196 0.8115 0.5415
vn 0.0853 0.9757 0.2018
vn -0.1209 0.9469 0.2980
vn 0.0307 0.9969 0.0726
vn -0.0546 0.9894 0.1346
vn 0.0240 0.9981 0.0567
vn 0.0263 -0.9974 -0.0675
vn 0.0209 -0.9983 -0.0535
vn 0.0740 -0.9791 -0.1896
vn 0.1392 -0.9237 -0.3570
vn 0.2490 -0.7282 -0.6385
vn 0.3533 -0.2336 -0.9059
vn 0.3533 0.2336 -0.9059
vn 0.2490 0.7282 -0.6385
vn 0.1392 0.9237 -0.3570
vn 0.0740 0.9791 -0.1896
vn 0.0263 0.9974 -0.0675
vn 0.0209 0.9983 -0.0535
vn -0.1288 -0.9472 -0.2935
vn -0.0577 -0.9896 -0.1314
vn -0.2338 -0.8134 -0.5327
vn -0.3213 -0.6005 -0.7322
vn -0.3807 -0.3203 -0.8675
vn -0.4005 -0.0837 -0.9125
vn -0.4005 0.0837 -0.9125
vn -0.3807 0.3203 -0.8675
vn -0.3213 0.6005 -0.7322
vn -0.2338 0.8134 -0.5327
vn -0.1288 0.9472 -0.2935
vn -0.0577 0.9896 -0.1314
vn 0.1657 -0.9835 -0.0727
vn 0.0582 -0.9980 -0.0255
vn 0.3147 -0.9391 -0.1382
vn 0.5177 -0.8248 -0.2273
vn 0.7760 -0.5308 -0.3406
vn 0.9025 -0.1692 -0.3962
vn 0.9025 0.1692 -0.3962
vn 0.7760 0.5308 -0.3406
vn 0.5177 0.8248 -0.2273
vn 0.3147 0.9391 -0.1382
vn 0.1657 0.9835 -0.0727
vn 0.0582 0.9980 -0.0255
vn 0.1733 -0.9849 -0.0049
vn 0.1127 -0.9936 -0.0032
vn 0.4128 -0.9107 -0.0118
vn 0.6654 -0.7463 -0.0190
vn 0.8960 -0.4433 -0.0255
vn 0.9931 -0.1142 -0.0283
vn 0.9931 0.1142 -0.0283
vn 0.8960 0.4433 -0.0255
vn 0.6654 0.7463 -0.0190
vn 0.4128 0.9107 -0.0118
vn 0.1733 0.9849 -0.0049
vn 0.1127 0.9936 -0.0032
vn 0.1583 -0.9853 0.0642
vn 0.0550 -0.9982 0.0223
vn 0.3017 -0.9455 0.1223
vn 0.5031 -0.8398 0.2039
vn 0.7741 -0.5498 0.3138
vn 0.9118 -0.1786 0.3697
vn 0.9118 0.1786 0.3697
vn 0.7741 0.5498 0.3138
vn 0.5031 0.8398 0.2039
vn 0.3017 0.9455 0.1223
vn 0.1583 0.9853 0.0642
vn 0.0550 0.9982 0.0223
vn -0.0572 -0.9487 0.3109
vn -0.1134 -0.9487 0.2951
vn -0.0559 -0.9878 0.1454
vn -0.0282 -0.9878 0.1532
vn -0.1072 -0.8058 0.5824
vn -0.2124 -0.8058 0.5528
vn -0.1468 -0.5850 0.7976
vn -0.2909 -0.5850 0.7571
vn -0.1722 -0.3075 0.9359
vn -0.3413 -0.3075 0.8882
vn -0.1804 -0.0784 0.9805
vn -0.3576 -0.0784 0.9306
vn -0.1804 0.0784 0.9805
vn -0.3576 0.0784 0.9306
vn -0.1722 0.3075 0.9359
vn -0.3413 0.3075 0.8882
vn -0.1468 0.5850 0.7976
vn -0.2909 0.5850 0.7571
vn -0.1072 0.8058 0.5824
vn -0.2124 0.8058 0.5528
vn -0.0572 0.9487 0.3109
vn -0.1134 0.9487 0.2951
vn -0.0282 0.9878 0.1532
vn -0.0559 0.9878 0.1454
vn -0.1644 -0.9488 0.2697
vn -0.0811 -0.9878 0.1331
vn -0.3082 -0.8059 0.5055
vn -0.4221 -0.5851 0.6925
vn -0.4953 -0.3075 0.8125
vn -0.5189 -0.0784 0.8512
vn -0.5189 0.0784 0.8512
vn -0.4953 0.3075 0.8125
vn -0.4221 0.5851 0.6925
vn -0.3082 0.8059 0.5055
vn -0.1644 0.9488 0.2697
vn -0.0811 0.9878 0.1331
vn -0.2072 -0.9490 0.2378
vn -0.1024 -0.9878 0.1176
vn -0.3888 -0.8061 0.4462
vn -0.5327 -0.5852 0.6114
vn -0.6251 -0.3075 0.7174
vn -0.6549 -0.0784 0.7516
vn -0.6549 0.0784 0.7516
vn -0.6251 0.3075 0.7174
vn -0.5327 0.5852 0.6114
vn -0.3888 0.8061 0.4462
vn -0.2072 0.9490 0.2378
vn -0.1024 0.9878 0.1176
vn -0.2407 -0.9492 0.2029
vn -0.1193 -0.9878 0.1006
vn -0.4523 -0.8063 0.3812
vn -0.6200 -0.5853 0.5225
vn -0.7276 -0.3076 0.6132
vn -0.7623 -0.0784 0.6425
vn -0.7623 0.0784 0.6425
vn -0.7276 0.3076 0.6132
vn -0.6200 0.5853 0.5225
vn -0.4523 0.8063 0.3812
vn -0.2407 0.9492 0.2029
vn -0.1193 0.9878 0.1006
vn -0.2657 -0.9493 0.1678
vn -0.1320 -0.9877 0.0833
vn -0.4999 -0.8065 0.3156
vn -0.6855 -0.5855 0.4328
vn -0.8045 -0.3077 0.5080
vn -0.8430 -0.0784 0.5322
vn -0.8430 0.0784 0.5322
vn -0.8045 0.3077 0.5080
vn -0.6855 0.5855 0.4328
vn -0.4999 0.8065 0.3156
vn -0.2657 0.9493 0.1678
vn -0.1320 0.9877 0.0833
vn -0.2836 -0.9495 0.1341
vn -0.1412 -0.9877 0.0668
vn -0.5342 -0.8068 0.2526
vn -0.7327 -0.5857 0.3465
vn -0.8601 -0.3078 0.4068
vn -0.9012 -0.0784 0.4262
vn -0.9012 0.0784 0.4262
vn -0.8601 0.3078 0.4068
vn -0.7327 0.5857 0.3465
vn -0.5342 0.8068 0.2526
vn -0.2836 0.9495 0.1341
vn -0.1412 0.9877 0.0668
vn -0.2959 -0.9497 0.1027
vn -0.1476 -0.9877 0.0513
vn -0.5579 -0.8070 0.1937
vn -0.7656 -0.5859 0.2658
vn -0.8988 -0.3079 0.3121
vn -0.9418 -0.0784 0.3270
vn -0.9418 0.0784 0.3270
vn -0.8988 0.3079 0.3121
vn -0.7656 0.5859 0.2658
vn -0.5579 0.8070 0.1937
vn -0.2959 0.9497 0.1027
vn -0.1476 0.9877 0.0513
vn -0.3040 -0.9498 0.0738
vn -0.1519 -0.9877 0.0369
vn -0.5737 -0.8071 0.1394
vn -0.7874 -0.5860 0.1913
vn -0.9245 -0.3080 0.2246
vn -0.9688 -0.0784 0.2353
vn -0.9688 0.0784 0.2353
vn -0.9245 0.3080 0.2246
vn -0.7874 0.5860 0.1913
vn -0.5737 0.8071 0.1394
vn -0.3040 0.9498 0.0738
vn -0.1519 0.9877 0.0369
vn -0.3089 -0.9499 0.0473
vn -0.1545 -0.9877 0.0236
vn -0.5834 -0.8073 0.0893
vn -0.8009 -0.5862 0.1226
vn -0.9404 -0.3080 0.1439
vn -0.9854 -0.0784 0.1508
vn -0.9854 0.0784 0.1508
vn -0.9404 0.3080 0.1439
vn -0.8009 0.5862 0.1226
vn -0.5834 0.8073 0.0893
vn -0.3089 0.9499 0.0473
vn -0.1545 0.9877 0.0236
vn -0.3114 -0.9500 0.0228
vn -0.1559 -0.9877 0.0114
vn -0.5884 -0.8074 0.0431
vn -0.8080 -0.5863 0.0592
vn -0.9488 -0.3081 0.0695
vn -0.9943 -0.0784 0.0728
vn -0.9943 0.0784 0.0728
vn -0.9488 0.3081 0.0695
vn -0.8080 0.5863 0.0592
vn -0.5884 0.8074 0.0431
vn -0.3114 0.9500 0.0228
vn -0.1559 0.9877 0.0114
vn -0.3120 -0.9501 -0.0000
vn -0.1563 -0.9877 -0.0000
vn -0.5899 -0.8075 -0.0000
vn -0.8101 -0.5863 -0.0000
vn -0.9513 -0.3081 -0.0000
vn -0.9969 -0.0784 -0.0000
vn -0.9969 0.0784 -0.0000
vn -0.9513 0.3081 -0.0000
vn -0.8101 0.5863 -0.0000
vn -0.5899 0.8075 -0.0000
vn -0.3120 0.9501 -0.0000
vn -0.1563 0.9877 -0.0000
vn -0.3114 -0.9500 -0.0228
vn -0.1559 -0.9877 -0.0114
vn -0.5884 -0.8074 -0.0431
vn -0.8080 -0.5863 -0.0592
vn -0.9488 -0.3081 -0.0695
vn -0.9943 -0.0784 -0.0728
vn -0.9943 0.0784 -0.0728
vn -0.9488 0.3081 -0.0695
vn -0.8080 0.5863 -0.0592
vn -0.5884 0.8074 -0.0431
vn -0.3114 0.9500 -0.0228
vn -0.1559 0.9877 -0.0114
vn -0.3089 -0.9499 -0.0473
vn -0.1545 -0.9877 -0.0236
vn -0.5834 -0.8073 -0.0893
vn -0.8009 -0.5862 -0.1226
vn -0.9404 -0.3080 -0.1439
vn -0.9854 -0.0784 -0.1508
vn -0.9854 0.0784 -0.1508
vn -0.9404 0.3080 -0.1439
vn -0.8009 0.5862 -0.1226
vn -0.5834 0.8073 -0.0893
vn -0.3089 0.9499 -0.0473
vn -0.1545 0.9877 -0.0236
vn -0.3040 -0.9498 -0.0738
vn -0.1519 -0.9877 -0.0369
vn -0.5737 -0.8071 -0.1394
vn -0.7874 -0.5860 -0.1913
vn -0.9245 -0.3080 -0.2246
vn -0.9688 -0.0784 -0.2353
vn -0.9688 0.0784 -0.2353
vn -0.9245 0.3080 -0.2246
vn -0.7874 0.5860 -0.1913
vn -0.5737 0.8071 -0.1394
vn -0.3040 0.9498 -0.0738
vn -0.1519 0.9877 -0.0369
vn -0.2959 -0.9497 -0.1028
vn -0.1476 -0.9877 -0.0513
vn -0.5579 -0.8070 -0.1937
vn -0.7656 -0.5859 -0.2658
vn -0.8988 -0.3079 -0.3121
vn -0.9418 -0.0784 -0.3270
vn -0.9418 0.0784 -0.3270
vn -0.8988 0.3079 -0.3121
vn -0.7656 0.5859 -0.2658
vn -0.5579 0.8070 -0.1937
vn -0.2959 0.9497 -0.1028
vn -0.1476 0.9877 -0.0513
vn -0.2836 -0.9495 -0.1341
vn -0.1412 -0.9877 -0.0668
vn -0.5342 -0.8068 -0.2526
vn -0.7327 -0.5857 -0.3465
vn -0.8601 -0.3078 -0.4068
vn -0.9012 -0.0784 -0.4262
vn -0.9012 0.0784 -0.4262
vn -0.8601 0.3078 -0.4068
vn -0.7327 0.5857 -0.3465
vn -0.5342 0.8068 -0.2526
vn -0.2836 0.9495 -0.1341
vn -0.1412 0.9877 -0.0668
vn -0.2657 -0.9493 -0.1678
vn -0.1320 -0.9877 -0.0833
vn -0.4999 -0.8065 -0.3156
vn -0.6855 -0.5855 -0.4328
vn -0.8045 -0.3077 -0.5080
vn -0.8430 -0.0784 -0.5322
vn -0.8430 0.0784 -0.5322
vn -0.8045 0.3077 -0.5080
vn -0.6855 0.5855 -0.4328
vn -0.4999 0.8065 -0.3156
vn -0.2657 0.9493 -0.1678
vn -0.1320 0.9877 -0.0833
vn -0.2407 -0.9492 -0.2029
vn -0.1193 -0.9878 -0.1006
vn -0.4523 -0.8063 -0.3812
vn -0.6200 -0.5853 -0.5225
vn -0.7276 -0.3076 -0.6132
vn -0.7623 -0.0784 -0.6425
vn -0.7623 0.0784 -0.6425
vn -0.7276 0.3076 -0.6132
vn -0.6200 0.5853 -0.5225
vn -0.4523 0.8063 -0.3812
vn -0.2407 0.9492 -0.2029
vn -0.1193 0.9878 -0.1006
vn -0.2072 -0.9490 -0.2378
vn -0.1024 -0.9878 -0.1176
vn -0.3888 -0.8061 -0.4462
vn -0.5327 -0.5852 -0.6114
vn -0.6251 -0.3075 -0.7174
vn -0.6549 -0.0784 -0.7516
vn -0.6549 0.0784 -0.7516
vn -0.6251 0.3075 -0.7174
vn -0.5327 0.5852 -0.6114
vn -0.3888 0.8061 -0.4462
vn -0.2072 0.9490 -0.2378
vn -0.1024 0.9878 -0.1176
vn -0.1644 -0.9488 -0.2697
vn -0.0811 -0.9878 -0.1331
vn -0.3082 -0.8059 -0.5055
vn -0.4221 -0.5851 -0.6925
vn -0.4953 -0.3075 -0.8125
vn -0.5189 -0.0784 -0.8512
vn -0.5189 0.0784 -0.8512
vn -0.4953 0.3075 -0.8125
vn -0.4221 0.5851 -0.6925
vn -0.3082 0.8059 -0.5055
vn -0.1644 0.9488 -0.2697
vn -0.0811 0.9878 -0.1331
vn -0.1134 -0.9487 -0.2951
vn -0.0559 -0.9878 -0.1454
vn -0.2124 -0.8058 -0.5528
vn -0.2909 -0.5850 -0.7571
vn -0.3413 -0.3075 -0.8882
vn -0.3576 -0.0784 -0.9306
vn -0.3576 0.0784 -0.9306
vn -0.3413 0.3075 -0.8882
vn -0.2909 0.5850 -0.7571
vn -0.2124 0.8058 -0.5528
vn -0.1134 0.9487 -0.2951
vn -0.0559 0.9878 -0.1454
vn -0.0572 -0.9487 -0.3109
vn -0.0282 -0.9878 -0.1532
vn -0.1072 -0.8058 -0.5824
vn -0.1468 -0.5850 -0.7976
vn -0.1722 -0.3075 -0.9359
vn -0.1804 -0.0784 -0.9805
vn -0.1804 0.0784 -0.9805
vn -0.1722 0.3075 -0.9359
vn -0.1468 0.5850 -0.7976
vn -0.1072 0.8058 -0.5824
vn -0.0572 0.9487 -0.3109
vn -0.0282 0.9878 -0.1532
vn -0.0000 -0.9488 -0.3159
vn -0.0000 -0.9878 -0.1558
vn -0.0000 -0.8059 -0.5921
vn -0.0000 -0.5850 -0.8110
vn -0.0000 -0.3075 -0.9516
vn -0.0000 -0.0784 -0.9969
vn -0.0000 0.0784 -0.9969
vn -0.0000 0.3075 -0.9516
vn -0.0000 0.5850 -0.8110
vn -0.0000 0.8059 -0.5921
vn -0.0000 0.9488 -0.3159
vn -0.0000 0.9878 -0.1558
vn 0.0572 -0.9487 -0.3109
vn 0.0282 -0.9878 -0.1532
vn 0.1072 -0.8058 -0.5824
vn 0.1468 -0.5850 -0.7976
vn 0.1722 -0.3075 -0.9359
vn 0.1804 -0.0784 -0.9805
vn 0.1804 0.0784 -0.9805
vn 0.1722 0.3075 -0.9359
vn 0.1468 0.5850 -0.7976
vn 0.1072 0.8058 -0.5824
vn 0.0572 0.9487 -0.3109
vn 0.0282 0.9878 -0.1532
vn 0.1134 -0.9487 -0.2951
vn 0.0559 -0.9878 -0.1454
vn 0.2124 -0.8058 -0.5528
vn 0.2909 -0.5850 -0.7571
vn 0.3413 -0.3075 -0.8882
vn 0.3576 -0.0784 -0.9306
vn 0.3576 0.0784 -0.9306
vn 0.3413 0.3075 -0.8882
vn 0.2909 0.5850 -0.7571
vn 0.2124 0.8058 -0.5528
vn 0.1134 0.9487 -0.2951
vn 0.0559 0.9878 -0.1454
vn 0.1644 -0.9488 -0.2697
vn 0.0811 -0.9878 -0.1331
vn 0.3082 -0.8059 -0.5055
vn 0.4221 -0.5851 -0.6925
vn 0.4953 -0.3075 -0.8125
vn 0.5189 -0.0784 -0.8512
vn 0.5189 0.0784 -0.8512
vn 0.4953 0.3075 -0.8125
vn 0.4221 0.5851 -0.6925
vn 0.3082 0.8059 -0.5055
vn 0.1644 0.9488 -0.2697
vn 0.0811 0.9878 -0.1331
vn 0.2072 -0.9490 -0.2378
vn 0.1024 -0.9878 -0.1176
vn 0.3888 -0.8061 -0.4462
vn 0.5327 -0.5852 -0.6114
vn 0.6251 -0.3075 -0.7174
vn 0.6549 -0.0784 -0.7516
vn 0.6549 0.0784 -0.7516
vn 0.6251 0.3075 -0.7174
vn 0.5327 0.5852 -0.6114
vn 0.3888 0.8061 -0.4462
vn 0.2072 0.9490 -0.2378
vn 0.1024 0.9878 -0.1176
vn 0.2407 -0.9492 -0.2029
vn 0.1193 -0.9878 -0.1006
vn 0.4523 -0.8063 -0.3812
vn 0.6200 -0.5853 -0.5225
vn 0.7276 -0.3076 -0.6132
vn 0.7623 -0.0784 -0.6425
vn 0.7623 0.0784 -0.6425
vn 0.7276 0.3076 -0.6132
vn 0.6200 0.5853 -0.5225
vn 0.4523 0.8063 -0.3812
vn 0.2407 0.9491 -0.2029
vn 0.1193 0.9878 -0.1006
vn 0.2657 -0.9493 -0.1678
vn 0.1320 -0.9877 -0.0833
vn 0.4999 -0.8065 -0.3156
vn 0.6855 -0.5855 -0.4328
vn 0.8046 -0.3077 -0.5080
vn 0.8430 -0.0784 -0.5322
vn 0.8430 0.0784 -0.5322
vn 0.8046 0.3077 -0.5080
vn 0.6855 0.5855 -0.4328
vn 0.4999 0.8065 -0.3156
vn 0.2657 0.9493 -0.1678
vn 0.1320 0.9877 -0.0833
vn 0.2836 -0.9495 -0.1341
vn 0.1412 -0.9877 -0.0668
vn 0.5342 -0.8068 -0.2526
vn 0.7327 -0.5857 -0.3465
vn 0.8601 -0.3078 -0.4068
vn 0.9012 -0.0784 -0.4262
vn 0.9012 0.0784 -0.4262
vn 0.8601 0.3078 -0.4068
vn 0.7327 0.5857 -0.3465
vn 0.5342 0.8068 -0.2526
vn 0.2836 0.9495 -0.1341
vn 0.1412 0.9877 -0.0668
vn 0.2959 -0.9497 -0.1027
vn 0.1476 -0.9877 -0.0513
vn 0.5579 -0.8070 -0.1937
vn 0.7656 -0.5859 -0.2659
vn 0.8988 -0.3079 -0.3121
vn 0.9418 -0.0784 -0.3270
vn 0.9418 0.0784 -0.3270
vn 0.8988 0.3079 -0.3121
vn 0.7656 0.5859 -0.2659
vn 0.5579 0.8070 -0.1937
vn 0.2959 0.9497 -0.1027
vn 0.1476 0.9877 -0.0513
vn 0.3040 -0.9498 -0.0738
vn 0.1519 -0.9877 -0.0369
vn 0.5737 -0.8071 -0.1394
vn 0.7874 -0.5860 -0.1913
vn 0.9245 -0.3080 -0.2246
vn 0.9688 -0.0784 -0.2353
vn 0.9688 0.0784 -0.2353
vn 0.9245 0.3080 -0.2246
vn 0.7874 0.5860 -0.1913
vn 0.5737 0.8071 -0.1394
vn 0.3040 0.9498 -0.0738
vn 0.1519 0.9877 -0.0369
vn 0.3089 -0.9499 -0.0473
vn 0.1545 -0.9877 -0.0236
vn 0.5834 -0.8073 -0.0893
vn 0.8009 -0.5862 -0.1226
vn 0.9404 -0.3080 -0.1439
vn 0.9854 -0.0784 -0.1508
vn 0.9854 0.0784 -0.1508
vn 0.9404 0.3080 -0.1439
vn 0.8009 0.5862 -0.1226
vn 0.5834 0.8073 -0.0893
vn 0.3089 0.9499 -0.0473
vn 0.1545 0.9877 -0.0236
vn 0.3114 -0.9500 -0.0228
vn 0.1559 -0.9877 -0.0114
vn 0.5884 -0.8074 -0.0431
vn 0.8080 -0.5863 -0.0592
vn 0.9488 -0.3081 -0.0695
vn 0.9943 -0.0784 -0.0728
vn 0.9943 0.0784 -0.0728
vn 0.9488 0.3081 -0.0695
vn 0.8080 0.5863 -0.0592
vn 0.5884 0.8074 -0.0431
vn 0.3114 0.9500 -0.0228
vn 0.1559 0.9877 -0.0114
vn 0.3120 -0.9501 -0.0000
vn 0.1563 -0.9877 -0.0000
vn 0.5899 -0.8075 -0.0000
vn 0.8101 -0.5863 -0.0000
vn 0.9513 -0.3081 -0.0000
vn 0.9969 -0.0784 -0.0000
vn 0.9969 0.0784 -0.0000
vn 0.9513 0.3081 -0.0000
vn 0.8101 0.5863 -0.0000
vn 0.5899 0.8075 -0.0000
vn 0.3120 0.9501 -0.0000
vn 0.1563 0.9877 -0.0000
vn 0.3114 -0.9500 0.0228
vn 0.1559 -0.9877 0.0114
vn 0.5884 -0.8074 0.0431
vn 0.8080 -0.5863 0.0592
vn 0.9488 -0.3081 0.0695
vn 0.9943 -0.0784 0.0728
vn 0.9943 0.0784 0.0728
vn 0.9488 0.3081 0.0695
vn 0.8080 0.5863 0.0592
vn 0.5884 0.8074 0.0431
vn 0.3114 0.9500 0.0228
vn 0.1559 0.9877 0.0114
vn 0.3089 -0.9499 0.0473
vn 0.1545 -0.9877 0.0236
vn 0.5834 -0.8073 0.0893
vn 0.8009 -0.5862 0.1226
vn 0.9404 -0.3080 0.1439
vn 0.9854 -0.0784 0.1508
vn 0.9854 0.0784 0.1508
vn 0.9404 0.3080 0.1439
vn 0.8009 0.5862 0.1226
vn 0.5834 0.8073 0.0893
vn 0.3089 0.9499 0.0473
vn 0.1545 0.9877 0.0236
vn 0.3040 -0.9498 0.0738
vn 0.1519 -0.9877 0.0369
vn 0.5737 -0.8072 0.1394
vn 0.7874 -0.5860 0.1913
vn 0.9245 -0.3080 0.2246
vn 0.9688 -0.0784 0.2353
vn 0.9688 0.0784 0.2353
vn 0.9245 0.3080 0.2246
vn 0.7874 0.5860 0.1913
vn 0.5737 0.8072 0.1394
vn 0.3040 0.9498 0.0738
vn 0.1519 0.9877 0.0369
vn 0.2959 -0.9497 0.1028
vn 0.1476 -0.9877 0.0513
vn 0.5579 -0.8070 0.1937
vn 0.7656 -0.5859 0.2658
vn 0.8988 -0.3079 0.3121
vn 0.9418 -0.0784 0.3270
vn 0.9418 0.0784 0.3270
vn 0.8988 0.3079 0.3121
vn 0.7656 0.5859 0.2658
vn 0.5579 0.8070 0.1937
vn 0.2959 0.9497 0.1028
vn 0.1476 0.9877 0.0513
vn 0.2836 -0.9495 0.1341
vn 0.1412 -0.9877 0.0668
vn 0.5342 -0.8068 0.2526
vn 0.7327 -0.5857 0.3465
vn 0.8601 -0.3078 0.4068
vn 0.9012 -0.0784 0.4262
vn 0.9012 0.0784 0.4262
vn 0.8601 0.3078 0.4068
vn 0.7327 0.5857 0.3465
vn 0.5342 0.8068 0.2526
vn 0.2836 0.9495 0.1341
vn 0.1412 0.9877 0.0668
vn 0.2657 -0.9493 0.1678
vn 0.1320 -0.9877 0.0833
vn 0.4999 -0.8065 0.3156
vn 0.6855 -0.5855 0.4328
vn 0.8045 -0.3077 0.5080
vn 0.8430 -0.0784 0.5322
vn 0.8430 0.0784 0.5322
vn 0.8045 0.3077 0.5080
vn 0.6855 0.5855 0.4328
vn 0.4999 0.8065 0.3156
vn 0.2657 0.9493 0.1678
vn 0.1320 0.9877 0.0833
vn 0.2407 -0.9492 0.2029
vn 0.1193 -0.9878 0.1006
vn 0.4523 -0.8063 0.3812
vn 0.6200 -0.5853 0.5225
vn 0.7276 -0.3076 0.6132
vn 0.7623 -0.0784 0.6425
vn 0.7623 0.0784 0.6425
vn 0.7276 0.3076 0.6132
vn 0.6200 0.5853 0.5225
vn 0.4523 0.8063 0.3812
vn 0.2407 0.9492 0.2029
vn 0.1193 0.9878 0.1006
vn 0.2072 -0.9490 0.2378
vn 0.1024 -0.9878 0.1176
vn 0.3888 -0.8061 0.4462
vn 0.5327 -0.5852 0.6114
vn 0.6251 -0.3075 0.7174
vn 0.6549 -0.0784 0.7516
vn 0.6549 0.0784 0.7516
vn 0.6251 0.3075 0.7174
vn 0.5327 0.5852 0.6114
vn 0.3888 0.8061 0.4462
vn 0.2072 0.9490 0.2378
vn 0.1024 0.9878 0.1176
vn 0.1644 -0.9488 0.2697
vn 0.0811 -0.9878 0.1331
vn 0.3082 -0.8059 0.5055
vn 0.4221 -0.5851 0.6925
vn 0.4953 -0.3075 0.8125
vn 0.5189 -0.0784 0.8512
vn 0.5189 0.0784 0.8512
vn 0.4953 0.3075 0.8125
vn 0.4221 0.5851 0.6925
vn 0.3082 0.8059 0.5055
vn 0.1644 0.9488 0.2697
vn 0.0811 0.9878 0.1331
vn 0.1134 -0.9487 0.2951
vn 0.0559 -0.9878 0.1454
vn 0.2124 -0.8058 0.5528
vn 0.2909 -0.5850 0.7571
vn 0.3413 -0.3075 0.8882
vn 0.3576 -0.0784 0.9306
vn 0.3576 0.0784 0.9306
vn 0.3413 0.3075 0.8882
vn 0.2909 0.5850 0.7571
vn 0.2124 0.8058 0.5528
vn 0.1134 0.9487 0.2951
vn 0.0559 0.9878 0.1454
vn 0.0572 -0.9487 0.3109
vn 0.0282 -0.9878 0.1532
vn 0.1072 -0.8058 0.5824
vn 0.1468 -0.5850 0.7976
vn 0.1722 -0.3075 0.9359
vn 0.1804 -0.0784 0.9805
vn 0.1804 0.0784 0.9805
vn 0.1722 0.3075 0.9359
vn 0.1468 0.5850 0.7976
vn 0.1072 0.8058 0.5824
vn 0.0572 0.9487 0.3109
vn 0.0282 0.9878 0.1532
vn -0.0000 -0.9488 0.3159
vn -0.0000 -0.9878 0.1558
vn -0.0000 -0.8059 0.5921
vn -0.0000 -0.5850 0.8110
vn -0.0000 -0.3075 0.9516
vn -0.0000 -0.0784 0.9969
vn -0.0000 0.0784 0.9969
vn -0.0000 0.3075 0.9516
vn -0.0000 0.5850 0.8110
vn -0.0000 0.8059 0.5921
vn -0.0000 0.9488 0.3159
vn -0.0000 0.9878 0.1558
vn 0.0652 -0.9548 0.2899
vn 0.1279 -0.9547 0.2685
vn 0.0669 -0.9878 0.1404
vn 0.0341 -0.9878 0.1517
vn 0.1269 -0.8160 0.5639
vn 0.2487 -0.8159 0.5221
vn 0.1764 -0.5955 0.7837
vn 0.3455 -0.5953 0.7254
vn 0.2085 -0.3141 0.9262
vn 0.4083 -0.3139 0.8572
vn 0.2189 -0.0794 0.9725
vn 0.4287 -0.0794 0.9000
vn 0.2189 0.0794 0.9725
vn 0.4287 0.0794 0.9000
vn 0.2085 0.3141 0.9262
vn 0.4083 0.3139 0.8572
vn 0.1764 0.5955 0.7837
vn 0.3455 0.5953 0.7254
vn 0.1269 0.8160 0.5639
vn 0.2487 0.8158 0.5221
vn 0.0652 0.9548 0.2899
vn 0.1279 0.9547 0.2685
vn 0.0341 0.9878 0.1517
vn 0.0669 0.9878 0.1404
vn 0.1818 -0.9543 0.2370
vn 0.0948 -0.9878 0.1235
vn 0.3527 -0.8151 0.4596
vn 0.4896 -0.5944 0.6380
vn 0.5781 -0.3133 0.7534
vn 0.6069 -0.0792 0.7908
vn 0.6069 0.0792 0.7908
vn 0.5781 0.3133 0.7534
vn 0.4896 0.5944 0.6380
vn 0.3527 0.8151 0.4596
vn 0.1818 0.9543 0.2370
vn 0.0948 0.9878 0.1235
vn 0.2235 -0.9538 0.2006
vn 0.1160 -0.9878 0.1041
vn 0.4323 -0.8140 0.3879
vn 0.5992 -0.5932 0.5377
vn 0.7070 -0.3125 0.6344
vn 0.7419 -0.0791 0.6658
vn 0.7419 0.0791 0.6658
vn 0.7070 0.3125 0.6344
vn 0.5992 0.5932 0.5377
vn 0.4323 0.8140 0.3879
vn 0.2235 0.9538 0.2006
vn 0.1160 0.9878 0.1041
vn 0.2533 -0.9533 0.1643
vn 0.1309 -0.9877 0.0849
vn 0.4885 -0.8130 0.3168
vn 0.6762 -0.5921 0.4384
vn 0.7972 -0.3118 0.5169
vn 0.8364 -0.0789 0.5424
vn 0.8364 0.0789 0.5424
vn 0.7972 0.3118 0.5169
vn 0.6762 0.5921 0.4384
vn 0.4885 0.8130 0.3168
vn 0.2533 0.9533 0.1643
vn 0.1309 0.9877 0.0849
vn 0.2736 -0.9529 0.1308
vn 0.1409 -0.9877 0.0674
vn 0.5263 -0.8122 0.2516
vn 0.7277 -0.5912 0.3478
vn 0.8574 -0.3112 0.4098
vn 0.8994 -0.0788 0.4299
vn 0.8994 0.0788 0.4299
vn 0.8574 0.3112 0.4098
vn 0.7277 0.5912 0.3478
vn 0.5263 0.8122 0.2516
vn 0.2736 0.9529 0.1308
vn 0.1409 0.9877 0.0674
vn 0.2870 -0.9526 0.1011
vn 0.1474 -0.9877 0.0519
vn 0.5510 -0.8116 0.1942
vn 0.7611 -0.5905 0.2682
vn 0.8965 -0.3108 0.3159
vn 0.9402 -0.0787 0.3313
vn 0.9402 0.0787 0.3313
vn 0.8965 0.3108 0.3159
vn 0.7611 0.5905 0.2682
vn 0.5510 0.8116 0.1942
vn 0.2870 0.9526 0.1011
vn 0.1474 0.9877 0.0519
vn 0.2957 -0.9523 0.0753
vn 0.1515 -0.9877 0.0386
vn 0.5667 -0.8112 0.1443
vn 0.7824 -0.5900 0.1993
vn 0.9212 -0.3105 0.2346
vn 0.9661 -0.0787 0.2460
vn 0.9661 0.0787 0.2460
vn 0.9212 0.3105 0.2346
vn 0.7824 0.5900 0.1993
vn 0.5667 0.8112 0.1443
vn 0.2957 0.9523 0.0753
vn 0.1515 0.9877 0.0386
vn 0.3011 -0.9521 0.0528
vn 0.1540 -0.9877 0.0270
vn 0.5765 -0.8108 0.1011
vn 0.7955 -0.5897 0.1395
vn 0.9364 -0.3102 0.1642
vn 0.9819 -0.0787 0.1722
vn 0.9819 0.0787 0.1722
vn 0.9364 0.3102 0.1642
vn 0.7955 0.5897 0.1395
vn 0.5765 0.8108 0.1011
vn 0.3011 0.9521 0.0528
vn 0.1540 0.9877 0.0270
vn 0.3044 -0.9520 0.0331
vn 0.1555 -0.9877 0.0169
vn 0.5822 -0.8106 0.0634
vn 0.8031 -0.5894 0.0874
vn 0.9451 -0.3100 0.1028
vn 0.9911 -0.0786 0.1078
vn 0.9911 0.0786 0.1078
vn 0.9451 0.3100 0.1028
vn 0.8031 0.5894 0.0874
vn 0.5822 0.8106 0.0634
vn 0.3044 0.9520 0.0331
vn 0.1555 0.9877 0.0169
vn 0.3061 -0.9519 0.0157
vn 0.1562 -0.9877 0.0080
vn 0.5851 -0.8104 0.0300
vn 0.8069 -0.5892 0.0414
vn 0.9495 -0.3099 0.0488
vn 0.9956 -0.0786 0.0511
vn 0.9956 0.0786 0.0511
vn 0.9495 0.3099 0.0488
vn 0.8069 0.5892 0.0414
vn 0.5851 0.8104 0.0300
vn 0.3061 0.9519 0.0157
vn 0.1562 0.9877 0.0080
vn 0.3067 -0.9518 -0.0000
vn 0.1564 -0.9877 -0.0000
vn 0.5861 -0.8103 -0.0000
vn 0.8081 -0.5891 -0.0000
vn 0.9508 -0.3098 -0.0000
vn 0.9969 -0.0786 -0.0000
vn 0.9969 0.0786 -0.0000
vn 0.9508 0.3098 -0.0000
vn 0.8081 0.5891 -0.0000
vn 0.5861 0.8103 -0.0000
vn 0.3067 0.9518 -0.0000
vn 0.1564 0.9877 -0.0000
vn 0.3061 -0.9519 -0.0157
vn 0.1562 -0.9877 -0.0080
vn 0.5851 -0.8104 -0.0300
vn 0.8069 -0.5892 -0.0414
vn 0.9495 -0.3099 -0.0487
vn 0.9956 -0.0786 -0.0511
vn 0.9956 0.0786 -0.0511
vn 0.9495 0.3099 -0.0487
vn 0.8069 0.5892 -0.0414
vn 0.5851 0.8104 -0.0300
vn 0.3061 0.9519 -0.0157
vn 0.1562 0.9877 -0.0080
vn 0.3044 -0.9520 -0.0331
vn 0.1554 -0.9877 -0.0169
vn 0.5822 -0.8106 -0.0634
vn 0.8031 -0.5894 -0.0874
vn 0.9451 -0.3100 -0.1028
vn 0.9911 -0.0786 -0.1078
vn 0.9911 0.0786 -0.1078
vn 0.9451 0.3100 -0.1028
vn 0.8031 0.5894 -0.0874
vn 0.5822 0.8106 -0.0634
vn 0.3044 0.9520 -0.0331
vn 0.1554 0.9877 -0.0169
vn 0.3011 -0.9521 -0.0528
vn 0.1540 -0.9877 -0.0270
vn 0.5765 -0.8108 -0.1011
vn 0.7955 -0.5897 -0.1395
vn 0.9364 -0.3102 -0.1642
vn 0.9819 -0.0787 -0.1722
vn 0.9819 0.0787 -0.1722
vn 0.9364 0.3102 -0.1642
vn 0.7955 0.5897 -0.1395
vn 0.5765 0.8108 -0.1011
vn 0.3011 0.9521 -0.0528
vn 0.1540 0.9877 -0.0270
vn 0.2957 -0.9523 -0.0753
vn 0.1515 -0.9877 -0.0386
vn 0.5667 -0.8112 -0.1443
vn 0.7824 -0.5900 -0.1993
vn 0.9212 -0.3105 -0.2346
vn 0.9661 -0.0787 -0.2460
vn 0.9661 0.0787 -0.2460
vn 0.9212 0.3105 -0.2346
vn 0.7824 0.5900 -0.1993
vn 0.5667 0.8112 -0.1443
vn 0.2957 0.9523 -0.0753
vn 0.1515 0.9877 -0.0386
vn 0.2870 -0.9526 -0.1011
vn 0.1474 -0.9877 -0.0519
vn 0.5510 -0.8116 -0.1942
vn 0.7611 -0.5905 -0.2682
vn 0.8965 -0.3108 -0.3159
vn 0.9402 -0.0787 -0.3313
vn 0.9402 0.0787 -0.3313
vn 0.8965 0.3108 -0.3159
vn 0.7611 0.5905 -0.2682
vn 0.5510 0.8116 -0.1942
vn 0.2870 0.9526 -0.1011
vn 0.1474 0.9877 -0.0519
vn 0.2736 -0.9529 -0.1308
vn 0.1409 -0.9877 -0.0674
vn 0.5263 -0.8122 -0.2516
vn 0.7277 -0.5912 -0.3478
vn 0.8574 -0.3112 -0.4098
vn 0.8994 -0.0788 -0.4299
vn 0.8994 0.0788 -0.4299
vn 0.8574 0.3112 -0.4098
vn 0.7277 0.5912 -0.3478
vn 0.5263 0.8122 -0.2516
vn 0.2736 0.9529 -0.1308
vn 0.1409 0.9877 -0.0674
vn 0.2533 -0.9533 -0.1643
vn 0.1309 -0.9877 -0.0849
vn 0.4885 -0.8130 -0.3168
vn 0.6762 -0.5921 -0.4384
vn 0.7972 -0.3118 -0.5169
vn 0.8364 -0.0789 -0.5424
vn 0.8364 0.0789 -0.5424
vn 0.7972 0.3118 -0.5169
vn 0.6762 0.5921 -0.4384
vn 0.4885 0.8130 -0.3168
vn 0.2533 0.9533 -0.1643
vn 0.1309 0.9877 -0.0849
vn 0.2235 -0.9538 -0.2006
vn 0.1160 -0.9878 -0.1041
vn 0.4323 -0.8140 -0.3879
vn 0.5992 -0.5932 -0.5377
vn 0.7070 -0.3125 -0.6344
vn 0.7419 -0.0791 -0.6658
vn 0.7419 0.0791 -0.6658
vn 0.7070 0.3125 -0.6344
vn 0.5992 0.5932 -0.5377
vn 0.4323 0.8140 -0.3879
vn 0.2235 0.9538 -0.2006
vn 0.1160 0.9878 -0.1041
vn 0.1818 -0.9543 -0.2370
vn 0.0948 -0.9878 -0.1235
vn 0.3527 -0.8151 -0.4596
vn 0.4896 -0.5944 -0.6380
vn 0.5781 -0.3133 -0.7534
vn 0.6069 -0.0792 -0.7908
vn 0.6069 0.0792 -0.7908
vn 0.5781 0.3133 -0.7534
vn 0.4896 0.5944 -0.6380
vn 0.3527 0.8151 -0.4596
vn 0.1818 0.9543 -0.2370
vn 0.0948 0.9878 -0.1235
vn 0.1279 -0.9547 -0.2685
vn 0.0669 -0.9878 -0.1404
vn 0.2487 -0.8159 -0.5221
vn 0.3455 -0.5953 -0.7254
vn 0.4083 -0.3139 -0.8572
vn 0.4287 -0.0794 -0.9000
vn 0.4287 0.0794 -0.9000
vn 0.4083 0.3139 -0.8572
vn 0.3455 0.5953 -0.7254
vn 0.2487 0.8159 -0.5221
vn 0.1279 0.9547 -0.2685
vn 0.0669 0.9878 -0.1404
vn 0.0652 -0.9548 -0.2899
vn 0.0341 -0.9878 -0.1517
vn 0.1269 -0.8160 -0.5639
vn 0.1764 -0.5955 -0.7837
vn 0.2085 -0.3141 -0.9262
vn 0.2189 -0.0794 -0.9725
vn 0.2189 0.0794 -0.9725
vn 0.2085 0.3141 -0.9262
vn 0.1764 0.5955 -0.7837
vn 0.1269 0.8160 -0.5639
vn 0.0652 0.9548 -0.2899
vn 0.0341 0.9878 -0.1517
vn -0.0000 -0.9547 -0.2976
vn -0.0000 -0.9878 -0.1555
vn -0.0000 -0.8157 -0.5785
vn -0.0000 -0.5952 -0.8036
vn -0.0000 -0.3138 -0.9495
vn -0.0000 -0.0793 -0.9968
vn -0.0000 0.0793 -0.9968
vn -0.0000 0.3138 -0.9495
vn -0.0000 0.5952 -0.8036
vn -0.0000 0.8157 -0.5785
vn -0.0000 0.9547 -0.2976
vn -0.0000 0.9878 -0.1555
vn -0.0652 -0.9548 -0.2899
vn -0.0341 -0.9878 -0.1517
vn -0.1269 -0.8160 -0.5639
vn -0.1764 -0.5955 -0.7837
vn -0.2085 -0.3141 -0.9262
vn -0.2189 -0.0794 -0.9725
vn -0.2189 0.0794 -0.9725
vn -0.2085 0.3141 -0.9262
vn -0.1764 0.5955 -0.7837
vn -0.1269 0.8160 -0.5639
vn -0.0652 0.9548 -0.2899
vn -0.0341 0.9878 -0.1517
vn -0.1279 -0.9547 -0.2685
vn -0.0669 -0.9878 -0.1404
vn -0.2487 -0.8159 -0.5221
vn -0.3455 -0.5953 -0.7254
vn -0.4083 -0.3139 -0.8572
vn -0.4287 -0.0794 -0.9000
vn -0.4287 0.0794 -0.9000
vn -0.4083 0.3139 -0.8572
vn -0.3455 0.5953 -0.7254
vn -0.2487 0.8159 -0.5221
vn -0.1279 0.9547 -0.2685
vn -0.0669 0.9878 -0.1404
vn -0.1818 -0.9543 -0.2370
vn -0.0948 -0.9878 -0.1235
vn -0.3527 -0.8151 -0.4596
vn -0.4896 -0.5944 -0.6380
vn -0.5781 -0.3133 -0.7534
vn -0.6069 -0.0792 -0.7908
vn -0.6069 0.0792 -0.7908
vn -0.5781 0.3133 -0.7534
vn -0.4896 0.5944 -0.6380
vn -0.3527 0.8151 -0.4596
vn -0.1818 0.9543 -0.2370
vn -0.0948 0.9878 -0.1235
vn -0.2235 -0.9538 -0.2006
vn -0.1160 -0.9878 -0.1041
vn -0.4323 -0.8140 -0.3879
vn -0.5992 -0.5932 -0.5377
vn -0.7070 -0.3125 -0.6344
vn -0.7419 -0.0791 -0.6658
vn -0.7419 0.0791 -0.6658
vn -0.7070 0.3125 -0.6344
vn -0.5992 0.5932 -0.5377
vn -0.4323 0.8140 -0.3879
vn -0.2235 0.9538 -0.2006
vn -0.1160 0.9878 -0.1041
vn -0.2533 -0.9533 -0.1643
vn -0.1309 -0.9877 -0.0849
vn -0.4885 -0.8130 -0.3168
vn -0.6762 -0.5921 -0.4384
vn -0.7972 -0.3118 -0.5169
vn -0.8364 -0.0789 -0.5424
vn -0.8364 0.0789 -0.5424
vn -0.7972 0.3118 -0.5169
vn -0.6762 0.5921 -0.4384
vn -0.4885 0.8130 -0.3168
vn -0.2533 0.9533 -0.1643
vn -0.1309 0.9877 -0.0849
vn -0.2736 -0.9529 -0.1308
vn -0.1409 -0.9877 -0.0674
vn -0.5263 -0.8122 -0.2516
vn -0.7277 -0.5912 -0.3478
vn -0.8574 -0.3112 -0.4098
vn -0.8994 -0.0788 -0.4299
vn -0.8994 0.0788 -0.4299
vn -0.8574 0.3112 -0.4098
vn -0.7277 0.5912 -0.3478
vn -0.5263 0.8122 -0.2516
vn -0.2736 0.9529 -0.1308
vn -0.1409 0.9877 -0.0674
vn -0.2870 -0.9526 -0.1011
vn -0.1474 -0.9877 -0.0519
vn -0.5510 -0.8116 -0.1942
vn -0.7611 -0.5905 -0.2682
vn -0.8964 -0.3108 -0.3159
vn -0.9402 -0.0787 -0.3313
vn -0.9402 0.0787 -0.3313
vn -0.8964 0.3108 -0.3159
vn -0.7611 0.5905 -0.2682
vn -0.5510 0.8116 -0.1942
vn -0.2870 0.9526 -0.1011
vn -0.1474 0.9877 -0.0519
vn -0.2957 -0.9523 -0.0753
vn -0.1515 -0.9877 -0.0386
vn -0.5667 -0.8112 -0.1443
vn -0.7824 -0.5900 -0.1993
vn -0.9212 -0.3105 -0.2346
vn -0.9661 -0.0787 -0.2460
vn -0.9661 0.0787 -0.2460
vn -0.9212 0.3105 -0.2346
vn -0.7824 0.5900 -0.1993
vn -0.5667 0.8112 -0.1443
vn -0.2957 0.9523 -0.0753
vn -0.1515 0.9877 -0.0386
vn -0.3011 -0.9521 -0.0528
vn -0.1540 -0.9877 -0.0270
vn -0.5765 -0.8108 -0.1011
vn -0.7955 -0.5897 -0.1395
vn -0.9364 -0.3102 -0.1642
vn -0.9819 -0.0787 -0.1722
vn -0.9819 0.0787 -0.1722
vn -0.9364 0.3102 -0.1642
vn -0.7955 0.5897 -0.1395
vn -0.5765 0.8108 -0.1011
vn -0.3011 0.9521 -0.0528
vn -0.1540 0.9877 -0.0270
vn -0.3044 -0.9520 -0.0331
vn -0.1554 -0.9877 -0.0169
vn -0.5822 -0.8106 -0.0634
vn -0.8031 -0.5894 -0.0874
vn -0.9451 -0.3100 -0.1028
vn -0.9911 -0.0786 -0.1078
vn -0.9911 0.0786 -0.1078
vn -0.9451 0.3100 -0.1028
vn -0.8031 0.5894 -0.0874
vn -0.5822 0.8106 -0.0634
vn -0.3044 0.9520 -0.0331
vn -0.1554 0.9877 -0.0169
vn -0.3061 -0.9519 -0.0157
vn -0.1562 -0.9877 -0.0080
vn -0.5851 -0.8104 -0.0300
vn -0.8069 -0.5892 -0.0414
vn -0.9495 -0.3099 -0.0488
vn -0.9956 -0.0786 -0.0511
vn -0.9956 0.0786 -0.0511
vn -0.9495 0.3099 -0.0488
vn -0.8069 0.5892 -0.0414
vn -0.5851 0.8104 -0.0300
vn -0.3061 0.9519 -0.0157
vn -0.1562 0.9877 -0.0080
vn -0.3067 -0.9518 -0.0000
vn -0.1564 -0.9877 -0.0000
vn -0.5861 -0.8103 -0.0000
vn -0.8081 -0.5891 -0.0000
vn -0.9508 -0.3098 -0.0000
vn -0.9969 -0.0786 -0.0000
vn -0.9969 0.0786 -0.0000
vn -0.9508 0.3098 -0.0000
vn -0.8081 0.5891 -0.0000
vn -0.5861 0.8103 -0.0000
vn -0.3067 0.9518 -0.0000
vn -0.1564 0.9877 -0.0000
vn -0.3061 -0.9519 0.0157
vn -0.1562 -0.9877 0.0080
vn -0.5851 -0.8104 0.0300
vn -0.8069 -0.5892 0.0414
vn -0.9495 -0.3099 0.0487
vn -0.9956 -0.0786 0.0511
vn -0.9956 0.0786 0.0511
vn -0.9495 0.3099 0.0487
vn -0.8069 0.5892 0.0414
vn -0.5851 0.8104 0.0300
vn -0.3061 0.9519 0.0157
vn -0.1562 0.9877 0.0080
vn -0.3044 -0.9520 0.0331
vn -0.1554 -0.9877 0.0169
vn -0.5822 -0.8106 0.0634
vn -0.8031 -0.5894 0.0874
vn -0.9451 -0.3100 0.1028
vn -0.9911 -0.0786 0.1078
vn -0.9911 0.0786 0.1078
vn -0.9451 0.3100 0.1028
vn -0.8031 0.5894 0.0874
vn -0.5822 0.8106 0.0634
vn -0.3044 0.9520 0.0331
vn -0.1554 0.9877 0.0169
vn -0.3011 -0.9521 0.0528
vn -0.1540 -0.9877 0.0270
vn -0.5765 -0.8108 0.1011
vn -0.7955 -0.5897 0.1395
vn -0.9364 -0.3102 0.1642
vn -0.9819 -0.0787 0.1722
vn -0.9819 0.0787 0.1722
vn -0.9364 0.3102 0.1642
vn -0.7955 0.5897 0.1395
vn -0.5765 0.8108 0.1011
vn -0.3011 0.9521 0.0528
vn -0.1540 0.9877 0.0270
vn -0.2957 -0.9523 0.0753
vn -0.1515 -0.9877 0.0386
vn -0.5667 -0.8112 0.1443
vn -0.7824 -0.5900 0.1993
vn -0.9212 -0.3105 0.2346
vn -0.9661 -0.0787 0.2460
vn -0.9661 0.0787 0.2460
vn -0.9212 0.3105 0.2346
vn -0.7824 0.5900 0.1993
vn -0.5667 0.8112 0.1443
vn -0.2957 0.9523 0.0753
vn -0.1515 0.9877 0.0386
vn -0.2870 -0.9526 0.1011
vn -0.1474 -0.9877 0.0519
vn -0.5510 -0.8116 0.1942
vn -0.7611 -0.5905 0.2682
vn -0.8965 -0.3108 0.3159
vn -0.9402 -0.0787 0.3313
vn -0.9402 0.0787 0.3313
vn -0.8965 0.3108 0.3159
vn -0.7611 0.5905 0.2682
vn -0.5510 0.8116 0.1942
vn -0.2870 0.9526 0.1011
vn -0.1474 0.9877 0.0519
vn -0.2736 -0.9529 0.1308
vn -0.1409 -0.9877 0.0674
vn -0.5263 -0.8122 0.2516
vn -0.7277 -0.5912 0.3478
vn -0.8574 -0.3112 0.4098
vn -0.8994 -0.0788 0.4299
vn -0.8994 0.0788 0.4299
vn -0.8574 0.3112 0.4098
vn -0.7277 0.5912 0.3478
vn -0.5263 0.8122 0.2516
vn -0.2736 0.9529 0.1308
vn -0.1409 0.9877 0.0674
vn -0.2533 -0.9533 0.1643
vn -0.1309 -0.9877 0.0849
vn -0.4885 -0.8130 0.3168
vn -0.6762 -0.5921 0.4384
vn -0.7972 -0.3118 0.5169
vn -0.8364 -0.0789 0.5424
vn -0.8364 0.0789 0.5424
vn -0.7972 0.3118 0.5169
vn -0.6762 0.5921 0.4384
vn -0.4885 0.8130 0.3168
vn -0.2533 0.9533 0.1643
vn -0.1309 0.9877 0.0849
vn -0.2235 -0.9538 0.2006
vn -0.1160 -0.9878 0.1041
vn -0.4323 -0.8140 0.3879
vn -0.5992 -0.5932 0.5377
vn -0.7070 -0.3125 0.6344
vn -0.7419 -0.0791 0.6658
vn -0.7419 0.0791 0.6658
vn -0.7070 0.3125 0.6344
vn -0.5992 0.5932 0.5377
vn -0.4323 0.8140 0.3879
vn -0.2235 0.9538 0.2006
vn -0.1160 0.9878 0.1041
vn -0.1818 -0.9543 0.2370
vn -0.0948 -0.9878 0.1235
vn -0.3527 -0.8151 0.4596
vn -0.4896 -0.5944 0.6380
vn -0.5781 -0.3133 0.7534
vn -0.6069 -0.0792 0.7908
vn -0.6069 0.0792 0.7908
vn -0.5781 0.3133 0.7534
vn -0.4896 0.5944 0.6380
vn -0.3527 0.8151 0.4596
vn -0.1818 0.9543 0.2370
vn -0.0948 0.9878 0.1235
vn -0.1279 -0.9547 0.2685
vn -0.0669 -0.9878 0.1404
vn -0.2487 -0.8158 0.5221
vn -0.3455 -0.5953 0.7254
vn -0.4083 -0.3139 0.8572
vn -0.4287 -0.0794 0.9000
vn -0.4287 0.0794 0.9000
vn -0.4083 0.3139 0.8572
vn -0.3455 0.5953 0.7254
vn -0.2487 0.8159 0.5221
vn -0.1279 0.9547 0.2685
vn -0.0669 0.9878 0.1404
vn -0.0652 -0.9548 0.2899
vn -0.0341 -0.9878 0.1517
vn -0.1269 -0.8160 0.5639
vn -0.1764 -0.5955 0.7837
vn -0.2085 -0.3141 0.9262
vn -0.2189 -0.0794 0.9725
vn -0.2189 0.0794 0.9725
vn -0.2085 0.3141 0.9262
vn -0.1764 0.5955 0.7837
vn -0.1269 0.8160 0.5639
vn -0.0652 0.9548 0.2899
vn -0.0341 0.9878 0.1517
vn -0.0000 -0.9547 0.2976
vn -0.0000 -0.9878 0.1555
vn -0.0000 -0.8157 0.5785
vn -0.0000 -0.5951 0.8036
vn -0.0000 -0.3138 0.9495
vn -0.0000 -0.0793 0.9968
vn -0.0000 0.0793 0.9968
vn -0.0000 0.3138 0.9495
vn -0.0000 0.5951 0.8036
vn -0.0000 0.8157 0.5785
vn -0.0000 0.9547 0.2976
vn -0.0000 0.9878 0.1555
vn 0.2407 0.9492 -0.2029
vn 0.8045 -0.3077 -0.5080
vn 0.8045 0.3077 -0.5080
vn 0.5737 0.8071 0.1394
vn 0.8964 -0.3108 0.3159
vn 0.8964 0.3108 0.3159
vn 0.9495 -0.3099 -0.0488
vn 0.9495 0.3099 -0.0488
vn -0.0000 -0.5951 -0.8036
vn -0.0000 0.5951 -0.8036
vn -0.8965 -0.3108 -0.3159
vn -0.8965 0.3108 -0.3159
vn 0.5737 -0.8071 0.1394
vn -0.1797 -0.9518 -0.2486
vn -0.1918 -0.9518 -0.2393
vn -0.0978 -0.9877 -0.1220
vn -0.0916 -0.9877 -0.1267
vn -0.3434 -0.8102 -0.4749
vn -0.3664 -0.8103 -0.4573
vn -0.4735 -0.5890 -0.6548
vn -0.5053 -0.5891 -0.6306
vn -0.5571 -0.3098 -0.7705
vn -0.5945 -0.3099 -0.7420
vn -0.5842 -0.0786 -0.8078
vn -0.6234 -0.0786 -0.7780
vn -0.5842 0.0786 -0.8078
vn -0.6234 0.0786 -0.7780
vn -0.5571 0.3098 -0.7705
vn -0.5945 0.3099 -0.7420
vn -0.4735 0.5890 -0.6548
vn -0.5053 0.5891 -0.6306
vn -0.3434 0.8102 -0.4749
vn -0.3664 0.8103 -0.4573
vn -0.1797 0.9518 -0.2486
vn -0.1918 0.9518 -0.2393
vn -0.0916 0.9877 -0.1267
vn -0.0978 0.9877 -0.1220
vn -0.2037 -0.9518 -0.2291
vn -0.1039 -0.9877 -0.1169
vn -0.3893 -0.8103 -0.4380
vn -0.5368 -0.5891 -0.6039
vn -0.6317 -0.3099 -0.7106
vn -0.6623 -0.0786 -0.7451
vn -0.6623 0.0786 -0.7451
vn -0.6317 0.3099 -0.7106
vn -0.5368 0.5891 -0.6039
vn -0.3893 0.8103 -0.4380
vn -0.2037 0.9518 -0.2291
vn -0.1039 0.9877 -0.1169
vn -0.2155 -0.9519 -0.2179
vn -0.1100 -0.9877 -0.1112
vn -0.4120 -0.8104 -0.4166
vn -0.5681 -0.5892 -0.5745
vn -0.6685 -0.3099 -0.6760
vn -0.7010 -0.0786 -0.7088
vn -0.7010 0.0786 -0.7088
vn -0.6685 0.3099 -0.6760
vn -0.5681 0.5892 -0.5745
vn -0.4120 0.8104 -0.4166
vn -0.2155 0.9519 -0.2179
vn -0.1100 0.9877 -0.1112
vn -0.2272 -0.9519 -0.2055
vn -0.1160 -0.9877 -0.1049
vn -0.4344 -0.8105 -0.3929
vn -0.5992 -0.5893 -0.5419
vn -0.7051 -0.3100 -0.6377
vn -0.7394 -0.0786 -0.6687
vn -0.7394 0.0786 -0.6687
vn -0.7051 0.3100 -0.6377
vn -0.5992 0.5893 -0.5419
vn -0.4344 0.8105 -0.3929
vn -0.2272 0.9519 -0.2055
vn -0.1160 0.9877 -0.1049
vn -0.2388 -0.9520 -0.1917
vn -0.1219 -0.9877 -0.0979
vn -0.4567 -0.8106 -0.3666
vn -0.6300 -0.5894 -0.5057
vn -0.7414 -0.3100 -0.5951
vn -0.7774 -0.0786 -0.6240
vn -0.7774 0.0786 -0.6240
vn -0.7414 0.3100 -0.5951
vn -0.6300 0.5894 -0.5057
vn -0.4567 0.8106 -0.3666
vn -0.2388 0.9520 -0.1917
vn -0.1219 0.9877 -0.0979
vn -0.2501 -0.9520 -0.1762
vn -0.1278 -0.9877 -0.0901
vn -0.4786 -0.8107 -0.3372
vn -0.6603 -0.5895 -0.4653
vn -0.7772 -0.3101 -0.5476
vn -0.8149 -0.0786 -0.5742
vn -0.8149 0.0786 -0.5742
vn -0.7772 0.3101 -0.5476
vn -0.6603 0.5895 -0.4653
vn -0.4786 0.8107 -0.3372
vn -0.2501 0.9520 -0.1762
vn -0.1278 0.9877 -0.0901
vn -0.2612 -0.9521 -0.1589
vn -0.1336 -0.9877 -0.0813
vn -0.5000 -0.8108 -0.3043
vn -0.6899 -0.5897 -0.4199
vn -0.8121 -0.3102 -0.4943
vn -0.8516 -0.0786 -0.5183
vn -0.8516 0.0786 -0.5183
vn -0.8121 0.3102 -0.4943
vn -0.6899 0.5897 -0.4199
vn -0.5000 0.8108 -0.3043
vn -0.2612 0.9521 -0.1589
vn -0.1336 0.9877 -0.0813
vn -0.2717 -0.9522 -0.1395
vn -0.1391 -0.9877 -0.0714
vn -0.5205 -0.8110 -0.2672
vn -0.7184 -0.5898 -0.3689
vn -0.8457 -0.3103 -0.4342
vn -0.8868 -0.0786 -0.4554
vn -0.8868 0.0786 -0.4554
vn -0.8457 0.3103 -0.4342
vn -0.7184 0.5898 -0.3689
vn -0.5205 0.8110 -0.2672
vn -0.2717 0.9522 -0.1395
vn -0.1391 0.9877 -0.0714
vn -0.2815 -0.9523 -0.1176
vn -0.1442 -0.9877 -0.0603
vn -0.5396 -0.8112 -0.2255
vn -0.7450 -0.5900 -0.3113
vn -0.8771 -0.3104 -0.3665
vn -0.9198 -0.0787 -0.3843
vn -0.9198 0.0787 -0.3843
vn -0.8771 0.3104 -0.3665
vn -0.7450 0.5900 -0.3113
vn -0.5396 0.8112 -0.2255
vn -0.2815 0.9523 -0.1176
vn -0.1442 0.9877 -0.0603
vn -0.2902 -0.9524 -0.0930
vn -0.1488 -0.9877 -0.0477
vn -0.5566 -0.8114 -0.1783
vn -0.7687 -0.5903 -0.2463
vn -0.8332 -0.4551 -0.3142
vn 0.2576 -0.0078 -0.9662
vn 0.2576 0.0078 -0.9662
vn -0.8332 0.4551 -0.3142
vn -0.7687 0.5903 -0.2463
vn -0.5566 0.8114 -0.1783
vn -0.2902 0.9524 -0.0930
vn -0.1488 0.9877 -0.0477
vn -0.0906 -0.9959 0.0065
vn -0.0374 -0.9981 0.0481
vn -0.7478 -0.1614 -0.6440
vn -0.7799 -0.1527 -0.6070
vn -0.0319 0.3012 -0.9530
vn 0.6042 0.1750 -0.7773
vn 0.6042 -0.1750 -0.7773
vn -0.0319 -0.3012 -0.9530
vn -0.7799 0.1527 -0.6070
vn -0.7478 0.1614 -0.6440
vn -0.0906 0.9959 0.0065
vn -0.0374 0.9981 0.0481
vn 0.0633 -0.9876 0.1435
vn 0.0735 -0.9877 0.1380
vn -0.8454 0.1592 0.5098
vn -0.8936 0.1164 0.4336
vn -0.9173 0.0613 0.3935
vn -0.9046 0.0078 0.4261
vn -0.9047 -0.0077 0.4261
vn -0.9173 -0.0612 0.3934
vn -0.8936 -0.1164 0.4335
vn -0.8454 -0.1592 0.5099
vn 0.0633 0.9876 0.1435
vn 0.0736 0.9877 0.1380
vn 0.1329 -0.9504 0.2812
vn 0.0668 -0.9877 0.1414
vn 0.2518 -0.8080 0.5327
vn 0.3460 -0.5868 0.7321
vn 0.4065 -0.3084 0.8601
vn 0.4260 -0.0784 0.9013
vn 0.4260 0.0784 0.9013
vn 0.4065 0.3084 0.8600
vn 0.3460 0.5868 0.7321
vn 0.2518 0.8080 0.5327
vn 0.1329 0.9504 0.2812
vn 0.0668 0.9877 0.1414
vn 0.1199 -0.9504 0.2869
vn 0.0603 -0.9877 0.1443
vn 0.2272 -0.8080 0.5436
vn 0.3122 -0.5868 0.7471
vn 0.3668 -0.3084 0.8777
vn 0.3844 -0.0784 0.9198
vn 0.3844 0.0784 0.9198
vn 0.3668 0.3084 0.8777
vn 0.3122 0.5868 0.7471
vn 0.2272 0.8080 0.5436
vn 0.1199 0.9504 0.2869
vn 0.0603 0.9877 0.1443
vn 0.1072 -0.9504 0.2918
vn 0.0539 -0.9877 0.1468
vn 0.2031 -0.8081 0.5530
vn 0.2791 -0.5868 0.7601
vn 0.3279 -0.3085 0.8929
vn 0.3437 -0.0784 0.9358
vn 0.3437 0.0784 0.9358
vn 0.3279 0.3085 0.8929
vn 0.2791 0.5868 0.7601
vn 0.2031 0.8081 0.5530
vn 0.1072 0.9504 0.2918
vn 0.0539 0.9877 0.1468
vn 0.0946 -0.9505 0.2961
vn 0.0476 -0.9877 0.1490
vn 0.1794 -0.8081 0.5611
vn 0.2465 -0.5869 0.7712
vn 0.2896 -0.3085 0.9061
vn 0.3035 -0.0784 0.9496
vn 0.3035 0.0784 0.9496
vn 0.2896 0.3085 0.9061
vn 0.2465 0.5869 0.7712
vn 0.1794 0.8081 0.5611
vn 0.0946 0.9505 0.2961
vn 0.0476 0.9877 0.1490
vn 0.0821 -0.9505 0.2998
vn 0.0413 -0.9877 0.1508
vn 0.1557 -0.8081 0.5681
vn 0.2140 -0.5869 0.7809
vn 0.2514 -0.3085 0.9174
vn 0.2634 -0.0784 0.9615
vn 0.2634 0.0784 0.9615
vn 0.2514 0.3085 0.9174
vn 0.2140 0.5869 0.7809
vn 0.1557 0.8081 0.5681
vn 0.0821 0.9505 0.2998
vn 0.0413 0.9877 0.1508
vn 0.0695 -0.9505 0.3030
vn 0.0350 -0.9877 0.1524
vn 0.1318 -0.8081 0.5741
vn 0.1811 -0.5869 0.7892
vn 0.2128 -0.3085 0.9271
vn 0.2230 -0.0784 0.9717
vn 0.2230 0.0784 0.9717
vn 0.2128 0.3085 0.9271
vn 0.1811 0.5869 0.7892
vn 0.1318 0.8081 0.5741
vn 0.0695 0.9505 0.3030
vn 0.0350 0.9877 0.1524
vn 0.0567 -0.9505 0.3057
vn 0.0285 -0.9877 0.1538
vn 0.1074 -0.8081 0.5792
vn 0.1477 -0.5869 0.7961
vn 0.1735 -0.3085 0.9353
vn 0.1818 -0.0784 0.9802
vn 0.1818 0.0784 0.9802
vn 0.1735 0.3085 0.9353
vn 0.1477 0.5869 0.7961
vn 0.1074 0.8081 0.5792
vn 0.0567 0.9505 0.3057
vn 0.0285 0.9877 0.1538
vn 0.0435 -0.9504 0.3079
vn 0.0219 -0.9877 0.1549
vn 0.0824 -0.8080 0.5833
vn 0.1132 -0.5868 0.8018
vn 0.1330 -0.3084 0.9419
vn 0.1394 -0.0784 0.9871
vn 0.1394 0.0784 0.9871
vn 0.1330 0.3084 0.9419
vn 0.1132 0.5868 0.8018
vn 0.0824 0.8080 0.5833
vn 0.0435 0.9504 0.3079
vn 0.0219 0.9877 0.1549
vn 0.0297 -0.9504 0.3096
vn 0.0149 -0.9877 0.1557
vn 0.0563 -0.8080 0.5865
vn 0.0773 -0.5868 0.8060
vn 0.0908 -0.3084 0.9469
vn 0.0952 -0.0784 0.9924
vn 0.0952 0.0784 0.9924
vn 0.0908 0.3084 0.9469
vn 0.0773 0.5868 0.8060
vn 0.0563 0.8080 0.5865
vn 0.0297 0.9504 0.3096
vn 0.0149 0.9877 0.1557
vn 0.0152 -0.9504 0.3107
vn 0.0077 -0.9877 0.1562
vn 0.0288 -0.8080 0.5885
vn 0.0396 -0.5868 0.8088
vn 0.0465 -0.3084 0.9501
vn 0.0488 -0.0784 0.9957
vn 0.0488 0.0784 0.9957
vn 0.0465 0.3084 0.9501
vn 0.0396 0.5868 0.8088
vn 0.0288 0.8080 0.5885
vn 0.0152 0.9504 0.3107
vn 0.0077 0.9877 0.1562
vn -0.0067 -0.9498 0.3128
vn -0.0033 -0.9877 0.1562
vn -0.0126 -0.8071 0.5903
vn -0.0173 -0.5860 0.8101
vn -0.0203 -0.3080 0.9512
vn -0.0213 -0.0784 0.9967
vn -0.0213 0.0784 0.9967
vn -0.0203 0.3080 0.9512
vn -0.0173 0.5860 0.8101
vn -0.0126 0.8071 0.5903
vn -0.0067 0.9498 0.3128
vn -0.0033 0.9877 0.1562
vn -0.0426 -0.9493 0.3116
vn -0.0211 -0.9877 0.1546
vn -0.0801 -0.8064 0.5859
vn -0.1098 -0.5854 0.8033
vn -0.1289 -0.3077 0.9427
vn -0.1350 -0.0784 0.9877
vn -0.1350 0.0784 0.9877
vn -0.1289 0.3077 0.9427
vn -0.1098 0.5854 0.8033
vn -0.0801 0.8064 0.5859
vn -0.0426 0.9493 0.3116
vn -0.0211 0.9877 0.1546
vn -0.0844 -0.9493 0.3029
vn -0.0419 -0.9877 0.1504
vn -0.1588 -0.8064 0.5696
vn -0.2177 -0.5854 0.7810
vn -0.2555 -0.3077 0.9166
vn -0.2677 -0.0784 0.9603
vn -0.2677 0.0784 0.9603
vn -0.2555 0.3077 0.9166
vn -0.2177 0.5854 0.7810
vn -0.1588 0.8064 0.5696
vn -0.0844 0.9493 0.3029
vn -0.0419 0.9877 0.1504
vn -0.1244 -0.9493 0.2888
vn -0.0617 -0.9877 0.1434
vn -0.2339 -0.8064 0.5431
vn -0.3207 -0.5854 0.7446
vn -0.3764 -0.3077 0.8739
vn -0.3943 -0.0784 0.9156
vn -0.3943 0.0784 0.9156
vn -0.3764 0.3077 0.8739
vn -0.3207 0.5854 0.7446
vn -0.2339 0.8064 0.5431
vn -0.1244 0.9493 0.2888
vn -0.0617 0.9877 0.1434
vn -0.1616 -0.9493 0.2697
vn -0.0802 -0.9877 0.1339
vn -0.3039 -0.8065 0.5072
vn -0.4167 -0.5855 0.6954
vn -0.4891 -0.3077 0.8162
vn -0.5124 -0.0784 0.8551
vn -0.5124 0.0784 0.8551
vn -0.4891 0.3077 0.8162
vn -0.4167 0.5855 0.6954
vn -0.3039 0.8065 0.5072
vn -0.1616 0.9493 0.2697
vn -0.0802 0.9877 0.1339
vn -0.1955 -0.9493 0.2461
vn -0.0971 -0.9877 0.1222
vn -0.3677 -0.8065 0.4629
vn -0.5042 -0.5855 0.6348
vn -0.5918 -0.3077 0.7450
vn -0.6201 -0.0784 0.7806
vn -0.6201 0.0784 0.7806
vn -0.5918 0.3077 0.7450
vn -0.5042 0.5855 0.6348
vn -0.3677 0.8065 0.4629
vn -0.1955 0.9493 0.2461
vn -0.0971 0.9877 0.1222
vn -0.2257 -0.9493 0.2187
vn -0.1121 -0.9877 0.1086
vn -0.4246 -0.8065 0.4114
vn -0.5822 -0.5855 0.5641
vn -0.6833 -0.3077 0.6621
vn -0.7160 -0.0784 0.6937
vn -0.7160 0.0784 0.6937
vn -0.6833 0.3077 0.6621
vn -0.5822 0.5855 0.5641
vn -0.4246 0.8065 0.4114
vn -0.2257 0.9493 0.2187
vn -0.1121 0.9877 0.1086
vn -0.2519 -0.9494 0.1878
vn -0.1252 -0.9877 0.0933
vn -0.4739 -0.8065 0.3534
vn -0.6499 -0.5855 0.4846
vn -0.7627 -0.3077 0.5688
vn -0.7992 -0.0784 0.5960
vn -0.7992 0.0784 0.5960
vn -0.7627 0.3077 0.5688
vn -0.6499 0.5855 0.4846
vn -0.4739 0.8065 0.3534
vn -0.2519 0.9494 0.1878
vn -0.1252 0.9877 0.0933
vn -0.2738 -0.9494 0.1541
vn -0.1361 -0.9877 0.0766
vn -0.5152 -0.8065 0.2899
vn -0.7065 -0.5855 0.3975
vn -0.8292 -0.3077 0.4666
vn -0.8688 -0.0784 0.4889
vn -0.8688 0.0784 0.4889
vn -0.8292 0.3077 0.4666
vn -0.7065 0.5855 0.3975
vn -0.5152 0.8065 0.2899
vn -0.2738 0.9494 0.1541
vn -0.1361 0.9877 0.0766
vn -0.2913 -0.9494 0.1178
vn -0.1447 -0.9877 0.0585
vn -0.5480 -0.8065 0.2217
vn -0.7515 -0.5855 0.3040
vn -0.8821 -0.3077 0.3568
vn -0.9242 -0.0784 0.3738
vn -0.9242 0.0784 0.3738
vn -0.8821 0.3077 0.3568
vn -0.7515 0.5855 0.3040
vn -0.5480 0.8065 0.2217
vn -0.2913 0.9494 0.1178
vn -0.1447 0.9877 0.0585
vn -0.3040 -0.9494 0.0796
vn -0.1510 -0.9877 0.0395
vn -0.5719 -0.8065 0.1497
vn -0.7842 -0.5855 0.2053
vn -0.9205 -0.3077 0.2410
vn -0.9644 -0.0784 0.2525
vn -0.9644 0.0784 0.2525
vn -0.9205 0.3077 0.2410
vn -0.7842 0.5855 0.2053
vn -0.5719 0.8065 0.1497
vn -0.3040 0.9494 0.0796
vn -0.1510 0.9877 0.0395
vn -0.3117 -0.9494 0.0400
vn -0.1549 -0.9877 0.0199
vn -0.5864 -0.8065 0.0753
vn -0.8040 -0.5855 0.1033
vn -0.9437 -0.3077 0.1212
vn -0.9888 -0.0784 0.1270
vn -0.9888 0.0784 0.1270
vn -0.9437 0.3077 0.1212
vn -0.8040 0.5855 0.1033
vn -0.5864 0.8065 0.0753
vn -0.3117 0.9494 0.0400
vn -0.1549 0.9877 0.0199
vn -0.3143 -0.9493 -0.0005
vn -0.1561 -0.9877 -0.0003
vn -0.5912 -0.8065 -0.0010
vn -0.8107 -0.5855 -0.0013
vn -0.9515 -0.3077 -0.0015
vn -0.9969 -0.0784 -0.0016
vn -0.9969 0.0784 -0.0016
vn -0.9515 0.3077 -0.0015
vn -0.8107 0.5855 -0.0013
vn -0.5912 0.8065 -0.0010
vn -0.3143 0.9493 -0.0005
vn -0.1561 0.9877 -0.0003
vn -0.3116 -0.9493 -0.0414
vn -0.1547 -0.9877 -0.0206
vn -0.5861 -0.8065 -0.0779
vn -0.8036 -0.5855 -0.1068
vn -0.9432 -0.3077 -0.1254
vn -0.9882 -0.0784 -0.1314
vn -0.9882 0.0784 -0.1314
vn -0.9432 0.3077 -0.1254
vn -0.8036 0.5855 -0.1068
vn -0.5861 0.8065 -0.0779
vn -0.3116 0.9493 -0.0414
vn -0.1547 0.9877 -0.0206
vn -0.3035 -0.9494 -0.0811
vn -0.1508 -0.9877 -0.0403
vn -0.5711 -0.8066 -0.1526
vn -0.7832 -0.5855 -0.2092
vn -0.9192 -0.3077 -0.2456
vn -0.9631 -0.0784 -0.2573
vn -0.9631 0.0784 -0.2573
vn -0.9192 0.3077 -0.2456
vn -0.7832 0.5855 -0.2092
vn -0.5711 0.8066 -0.1526
vn -0.3035 0.9494 -0.0811
vn -0.1508 0.9877 -0.0403
vn -0.2909 -0.9494 -0.1186
vn -0.1446 -0.9877 -0.0590
vn -0.5474 -0.8066 -0.2232
vn -0.7506 -0.5856 -0.3061
vn -0.8810 -0.3077 -0.3593
vn -0.9231 -0.0784 -0.3764
vn -0.9231 0.0784 -0.3764
vn -0.8810 0.3077 -0.3593
vn -0.7506 0.5856 -0.3061
vn -0.5474 0.8066 -0.2232
vn -0.2909 0.9494 -0.1186
vn -0.1446 0.9877 -0.0590
vn -0.2738 -0.9494 -0.1539
vn -0.1361 -0.9877 -0.0765
vn -0.5153 -0.8066 -0.2896
vn -0.7066 -0.5856 -0.3972
vn -0.8294 -0.3077 -0.4662
vn -0.8691 -0.0784 -0.4885
vn -0.8691 0.0784 -0.4885
vn -0.8294 0.3077 -0.4662
vn -0.7066 0.5856 -0.3972
vn -0.5153 0.8066 -0.2896
vn -0.2738 0.9494 -0.1539
vn -0.1361 0.9877 -0.0765
vn -0.2525 -0.9494 -0.1869
vn -0.1255 -0.9877 -0.0929
vn -0.4751 -0.8066 -0.3517
vn -0.6515 -0.5856 -0.4823
vn -0.7647 -0.3077 -0.5661
vn -0.8013 -0.0784 -0.5931
vn -0.8013 0.0784 -0.5931
vn -0.7647 0.3077 -0.5661
vn -0.6515 0.5856 -0.4823
vn -0.4751 0.8066 -0.3517
vn -0.2525 0.9494 -0.1869
vn -0.1255 0.9877 -0.0929
vn -0.2269 -0.9494 -0.2174
vn -0.1127 -0.9877 -0.1080
vn -0.4269 -0.8065 -0.4090
vn -0.5853 -0.5855 -0.5609
vn -0.6870 -0.3077 -0.6583
vn -0.7198 -0.0784 -0.6897
vn -0.7198 0.0784 -0.6897
vn -0.6870 0.3077 -0.6583
vn -0.5853 0.5855 -0.5609
vn -0.4269 0.8065 -0.4090
vn -0.2269 0.9494 -0.2174
vn -0.1127 0.9877 -0.1080
vn -0.1970 -0.9493 -0.2449
vn -0.0978 -0.9877 -0.1217
vn -0.3705 -0.8065 -0.4607
vn -0.5080 -0.5855 -0.6317
vn -0.5963 -0.3077 -0.7415
vn -0.6248 -0.0784 -0.7769
vn -0.6248 0.0784 -0.7769
vn -0.5963 0.3077 -0.7415
vn -0.5080 0.5855 -0.6317
vn -0.3705 0.8065 -0.4607
vn -0.1970 0.9493 -0.2449
vn -0.0978 0.9877 -0.1217
vn -0.1630 -0.9493 -0.2689
vn -0.0809 -0.9877 -0.1335
vn -0.3064 -0.8065 -0.5057
vn -0.4201 -0.5855 -0.6933
vn -0.4931 -0.3077 -0.8137
vn -0.5167 -0.0784 -0.8526
vn -0.5167 0.0784 -0.8526
vn -0.4931 0.3077 -0.8137
vn -0.4201 0.5855 -0.6933
vn -0.3064 0.8065 -0.5057
vn -0.1630 0.9493 -0.2689
vn -0.0809 0.9877 -0.1335
vn -0.1252 -0.9493 -0.2885
vn -0.0621 -0.9877 -0.1432
vn -0.2354 -0.8064 -0.5425
vn -0.3228 -0.5854 -0.7437
vn -0.3788 -0.3077 -0.8728
vn -0.3969 -0.0784 -0.9145
vn -0.3969 0.0784 -0.9145
vn -0.3788 0.3077 -0.8728
vn -0.3228 0.5854 -0.7437
vn -0.2354 0.8064 -0.5425
vn -0.1252 0.9493 -0.2885
vn -0.0621 0.9877 -0.1432
vn -0.0846 -0.9492 -0.3030
vn -0.0420 -0.9877 -0.1503
vn -0.1591 -0.8064 -0.5696
vn -0.2181 -0.5854 -0.7808
vn -0.2560 -0.3076 -0.9164
vn -0.2682 -0.0784 -0.9602
vn -0.2682 0.0784 -0.9602
vn -0.2560 0.3076 -0.9164
vn -0.2181 0.5854 -0.7808
vn -0.1591 0.8064 -0.5696
vn -0.0846 0.9492 -0.3029
vn -0.0420 0.9877 -0.1503
vn -0.0424 -0.9493 -0.3116
vn -0.0210 -0.9877 -0.1547
vn -0.0797 -0.8064 -0.5860
vn -0.1093 -0.5854 -0.8033
vn -0.1283 -0.3076 -0.9428
vn -0.1344 -0.0784 -0.9878
vn -0.1344 0.0784 -0.9878
vn -0.1283 0.3076 -0.9428
vn -0.1093 0.5854 -0.8033
vn -0.0797 0.8064 -0.5860
vn -0.0424 0.9493 -0.3116
vn -0.0210 0.9877 -0.1547
vn 0.0006 -0.9492 -0.3145
vn 0.0003 -0.9877 -0.1561
vn 0.0011 -0.8064 -0.5914
vn 0.0015 -0.5854 -0.8107
vn 0.0017 -0.3076 -0.9515
vn 0.0018 -0.0784 -0.9969
vn 0.0018 0.0784 -0.9969
vn 0.0017 0.3076 -0.9515
vn 0.0015 0.5854 -0.8107
vn 0.0011 0.8064 -0.5914
vn 0.0006 0.9492 -0.3145
vn 0.0003 0.9877 -0.1561
vn 0.0447 -0.9492 -0.3116
vn 0.0222 -0.9878 -0.1545
vn 0.0841 -0.8063 -0.5855
vn 0.1152 -0.5853 -0.8026
vn 0.1352 -0.3076 -0.9419
vn 0.1417 -0.0784 -0.9868
vn 0.1417 0.0784 -0.9868
vn 0.1352 0.3076 -0.9419
vn 0.1152 0.5853 -0.8026
vn 0.0841 0.8063 -0.5855
vn 0.0447 0.9492 -0.3116
vn 0.0222 0.9878 -0.1545
vn 0.0894 -0.9491 -0.3019
vn 0.0443 -0.9878 -0.1496
vn 0.1680 -0.8063 -0.5672
vn 0.2302 -0.5853 -0.7774
vn 0.2702 -0.3076 -0.9124
vn 0.2831 -0.0784 -0.9559
vn 0.2831 0.0784 -0.9559
vn 0.2702 0.3076 -0.9124
vn 0.2302 0.5853 -0.7774
vn 0.1680 0.8063 -0.5672
vn 0.0894 0.9491 -0.3019
vn 0.0443 0.9878 -0.1496
vn 0.1323 -0.9491 -0.2857
vn 0.0656 -0.9878 -0.1416
vn 0.2486 -0.8063 -0.5367
vn 0.3408 -0.5853 -0.7357
vn 0.3999 -0.3076 -0.8634
vn 0.4190 -0.0784 -0.9046
vn 0.4190 0.0784 -0.9046
vn 0.3999 0.3076 -0.8634
vn 0.3408 0.5853 -0.7357
vn 0.2486 0.8063 -0.5367
vn 0.1323 0.9491 -0.2857
vn 0.0656 0.9878 -0.1416
vn 0.1720 -0.9492 -0.2636
vn 0.0853 -0.9877 -0.1307
vn 0.3232 -0.8063 -0.4954
vn 0.4430 -0.5854 -0.6790
vn 0.5199 -0.3076 -0.7969
vn 0.5447 -0.0784 -0.8349
vn 0.5447 0.0784 -0.8349
vn 0.5199 0.3076 -0.7969
vn 0.4430 0.5854 -0.6790
vn 0.3232 0.8063 -0.4954
vn 0.1720 0.9492 -0.2636
vn 0.0853 0.9877 -0.1307
vn 0.2072 -0.9492 -0.2367
vn 0.1028 -0.9877 -0.1174
vn 0.3895 -0.8064 -0.4450
vn 0.5340 -0.5854 -0.6100
vn 0.6267 -0.3076 -0.7160
vn 0.6566 -0.0784 -0.7501
vn 0.6566 0.0784 -0.7501
vn 0.6267 0.3076 -0.7160
vn 0.5340 0.5854 -0.6100
vn 0.3895 0.8064 -0.4450
vn 0.2072 0.9492 -0.2367
vn 0.1028 0.9877 -0.1174
vn 0.2374 -0.9493 -0.2062
vn 0.1178 -0.9877 -0.1024
vn 0.4464 -0.8065 -0.3878
vn 0.6120 -0.5854 -0.5317
vn 0.7183 -0.3077 -0.6240
vn 0.7526 -0.0784 -0.6538
vn 0.7526 0.0784 -0.6538
vn 0.7183 0.3077 -0.6240
vn 0.6120 0.5854 -0.5317
vn 0.4464 0.8065 -0.3878
vn 0.2374 0.9493 -0.2062
vn 0.1178 0.9877 -0.1024
vn 0.2622 -0.9493 -0.1732
vn 0.1303 -0.9877 -0.0861
vn 0.4932 -0.8065 -0.3259
vn 0.6764 -0.5855 -0.4469
vn 0.7938 -0.3077 -0.5245
vn 0.8317 -0.0784 -0.5496
vn 0.8317 0.0784 -0.5496
vn 0.7938 0.3077 -0.5245
vn 0.6764 0.5855 -0.4469
vn 0.4932 0.8065 -0.3259
vn 0.2622 0.9493 -0.1732
vn 0.1303 0.9877 -0.0861
vn 0.2817 -0.9494 -0.1388
vn 0.1401 -0.9877 -0.0690
vn 0.5302 -0.8066 -0.2612
vn 0.7272 -0.5856 -0.3582
vn 0.8535 -0.3077 -0.4205
vn 0.8943 -0.0784 -0.4406
vn 0.8943 0.0784 -0.4406
vn 0.8535 0.3077 -0.4205
vn 0.7272 0.5856 -0.3582
vn 0.5302 0.8066 -0.2612
vn 0.2817 0.9494 -0.1388
vn 0.1401 0.9877 -0.0690
vn 0.2963 -0.9495 -0.1037
vn 0.1474 -0.9877 -0.0516
vn 0.5578 -0.8067 -0.1952
vn 0.7651 -0.5856 -0.2677
vn 0.8981 -0.3078 -0.3143
vn 0.9410 -0.0783 -0.3293
vn 0.9410 0.0783 -0.3293
vn 0.8981 0.3078 -0.3143
vn 0.7651 0.5856 -0.2677
vn 0.5578 0.8067 -0.1952
vn 0.2963 0.9495 -0.1037
vn 0.1474 0.9877 -0.0516
vn 0.3061 -0.9495 -0.0685
vn 0.1524 -0.9877 -0.0341
vn 0.5766 -0.8068 -0.1291
vn 0.7909 -0.5857 -0.1771
vn 0.9285 -0.3078 -0.2079
vn 0.9728 -0.0783 -0.2178
vn 0.9728 0.0783 -0.2178
vn 0.9285 0.3078 -0.2079
vn 0.7909 0.5857 -0.1771
vn 0.5766 0.8068 -0.1291
vn 0.3061 0.9495 -0.0685
vn 0.1524 0.9877 -0.0341
vn 0.3117 -0.9496 -0.0339
vn 0.1553 -0.9877 -0.0169
vn 0.5873 -0.8068 -0.0638
vn 0.8058 -0.5857 -0.0876
vn 0.9459 -0.3078 -0.1028
vn 0.9911 -0.0784 -0.1077
vn 0.9911 0.0784 -0.1077
vn 0.9459 0.3078 -0.1028
vn 0.8058 0.5857 -0.0876
vn 0.5873 0.8068 -0.0638
vn 0.3117 0.9496 -0.0339
vn 0.1553 0.9877 -0.0169
vn 0.3135 -0.9496 0.0004
vn 0.1562 -0.9877 0.0002
vn 0.5908 -0.8069 0.0008
vn 0.8105 -0.5858 0.0011
vn 0.9514 -0.3078 0.0013
vn 0.9969 -0.0784 0.0014
vn 0.9969 0.0784 0.0014
vn 0.9514 0.3078 0.0013
vn 0.8105 0.5858 0.0011
vn 0.5908 0.8069 0.0008
vn 0.3135 0.9496 0.0004
vn 0.1562 0.9877 0.0002
vn 0.3115 -0.9496 0.0339
vn 0.1553 -0.9877 0.0169
vn 0.5872 -0.8069 0.0639
vn 0.8057 -0.5858 0.0877
vn 0.9458 -0.3079 0.1029
vn 0.9911 -0.0784 0.1079
vn 0.9911 0.0784 0.1079
vn 0.9458 0.3079 0.1029
vn 0.8057 0.5858 0.0877
vn 0.5872 0.8069 0.0639
vn 0.3115 0.9496 0.0339
vn 0.1553 0.9877 0.0169
vn 0.3062 -0.9497 0.0649
vn 0.1529 -0.9877 0.0324
vn 0.5776 -0.8071 0.1223
vn 0.7928 -0.5860 0.1679
vn 0.9308 -0.3079 0.1971
vn 0.9753 -0.0783 0.2066
vn 0.9753 0.0783 0.2066
vn 0.9308 0.3079 0.1971
vn 0.7927 0.5860 0.1679
vn 0.5776 0.8071 0.1223
vn 0.3062 0.9497 0.0649
vn 0.1529 0.9877 0.0324
vn 0.2987 -0.9498 0.0927
vn 0.1493 -0.9877 0.0463
vn 0.5638 -0.8072 0.1749
vn 0.7738 -0.5861 0.2401
vn 0.9086 -0.3080 0.2820
vn 0.9521 -0.0784 0.2955
vn 0.9521 0.0784 0.2955
vn 0.9086 0.3080 0.2820
vn 0.7738 0.5861 0.2401
vn 0.5638 0.8072 0.1749
vn 0.2987 0.9498 0.0927
vn 0.1493 0.9877 0.0463
vn 0.2894 -0.9499 0.1179
vn 0.1448 -0.9877 0.0589
vn 0.5466 -0.8073 0.2226
vn 0.7504 -0.5861 0.3055
vn 0.8811 -0.3080 0.3588
vn 0.9233 -0.0784 0.3760
vn 0.9233 0.0784 0.3760
vn 0.8811 0.3080 0.3588
vn 0.7504 0.5861 0.3055
vn 0.5466 0.8073 0.2226
vn 0.2894 0.9499 0.1179
vn 0.1448 0.9877 0.0589
vn 0.2788 -0.9500 0.1408
vn 0.1395 -0.9877 0.0705
vn 0.5267 -0.8074 0.2660
vn 0.7232 -0.5862 0.3652
vn 0.8492 -0.3081 0.4289
vn 0.8899 -0.0784 0.4494
vn 0.8899 0.0784 0.4494
vn 0.8492 0.3081 0.4289
vn 0.7232 0.5862 0.3652
vn 0.5267 0.8074 0.2660
vn 0.2788 0.9500 0.1408
vn 0.1395 0.9877 0.0705
vn 0.2669 -0.9500 0.1620
vn 0.1336 -0.9877 0.0811
vn 0.5044 -0.8074 0.3061
vn 0.6926 -0.5862 0.4203
vn 0.8133 -0.3081 0.4936
vn 0.8522 -0.0784 0.5172
vn 0.8522 0.0784 0.5172
vn 0.8133 0.3081 0.4936
vn 0.6926 0.5862 0.4203
vn 0.5044 0.8074 0.3061
vn 0.2669 0.9500 0.1620
vn 0.1336 0.9877 0.0811
vn 0.2538 -0.9500 0.1818
vn 0.1271 -0.9877 0.0910
vn 0.4796 -0.8074 0.3435
vn 0.6586 -0.5863 0.4717
vn 0.7734 -0.3081 0.5540
vn 0.8105 -0.0784 0.5805
vn 0.8105 0.0784 0.5805
vn 0.7734 0.3081 0.5540
vn 0.6586 0.5863 0.4717
vn 0.4796 0.8074 0.3435
vn 0.2538 0.9500 0.1818
vn 0.1271 0.9877 0.0910
vn 0.2394 -0.9500 0.2005
vn 0.1198 -0.9877 0.1004
vn 0.4523 -0.8074 0.3788
vn 0.6211 -0.5863 0.5202
vn 0.7293 -0.3081 0.6109
vn 0.7643 -0.0784 0.6401
vn 0.7643 0.0784 0.6401
vn 0.7293 0.3081 0.6109
vn 0.6211 0.5863 0.5202
vn 0.4523 0.8074 0.3788
vn 0.2394 0.9500 0.2005
vn 0.1198 0.9877 0.1004
vn 0.2234 -0.9500 0.2183
vn 0.1118 -0.9877 0.1093
vn 0.4220 -0.8074 0.4124
vn 0.5794 -0.5862 0.5662
vn 0.6804 -0.3081 0.6649
vn 0.7130 -0.0784 0.6968
vn 0.7130 0.0784 0.6968
vn 0.6804 0.3081 0.6649
vn 0.5794 0.5862 0.5662
vn 0.4220 0.8074 0.4124
vn 0.2234 0.9500 0.2183
vn 0.1118 0.9877 0.1093
vn 0.2055 -0.9499 0.2353
vn 0.1028 -0.9877 0.1177
vn 0.3882 -0.8073 0.4444
vn 0.5330 -0.5862 0.6102
vn 0.6259 -0.3081 0.7165
vn 0.6559 -0.0784 0.7508
vn 0.6559 0.0784 0.7508
vn 0.6259 0.3081 0.7165
vn 0.5330 0.5862 0.6102
vn 0.3882 0.8073 0.4444
vn 0.2055 0.9499 0.2353
vn 0.1028 0.9877 0.1177
vn 0.1856 -0.9499 0.2515
vn 0.0928 -0.9877 0.1258
vn 0.3504 -0.8073 0.4749
vn 0.4810 -0.5861 0.6520
vn 0.5648 -0.3080 0.7656
vn 0.5919 -0.0784 0.8022
vn 0.5919 0.0784 0.8022
vn 0.5648 0.3080 0.7656
vn 0.4810 0.5861 0.6520
vn 0.3504 0.8073 0.4749
vn 0.1856 0.9499 0.2515
vn 0.0928 0.9877 0.1258
vn -0.0407 -0.9574 0.2859
vn -0.0164 -0.9932 0.1156
vn -0.0739 -0.8512 0.5196
vn -0.1059 -0.6596 0.7441
vn -0.1310 -0.3674 0.9208
vn -0.1401 -0.1006 0.9850
vn -0.1401 0.1006 0.9850
vn -0.1310 0.3674 0.9208
vn -0.1059 0.6596 0.7441
vn -0.0739 0.8512 0.5196
vn -0.0407 0.9574 0.2859
vn -0.0164 0.9932 0.1156
vn -0.2685 -0.9626 -0.0371
vn -0.1051 -0.9944 -0.0145
vn -0.4912 -0.8684 -0.0678
vn -0.7191 -0.6878 -0.0993
vn -0.9116 -0.3915 -0.1258
vn -0.9847 -0.1095 -0.1359
vn -0.9847 0.1095 -0.1359
vn -0.9116 0.3915 -0.1258
vn -0.7191 0.6878 -0.0993
vn -0.4912 0.8684 -0.0678
vn -0.2685 0.9626 -0.0371
vn -0.1051 0.9944 -0.0145
vn -0.0185 -0.9519 -0.3057
vn -0.0358 -0.9519 -0.3043
vn -0.0183 -0.9877 -0.1553
vn -0.0094 -0.9877 -0.1561
vn -0.0353 -0.8105 -0.5847
vn -0.0685 -0.8104 -0.5818
vn -0.0487 -0.5893 -0.8064
vn -0.0945 -0.5892 -0.8024
vn -0.0574 -0.3100 -0.9490
vn -0.1112 -0.3099 -0.9442
vn -0.0601 -0.0786 -0.9951
vn -0.1166 -0.0786 -0.9901
vn -0.0601 0.0786 -0.9951
vn -0.1166 0.0786 -0.9901
vn -0.0574 0.3100 -0.9490
vn -0.1112 0.3099 -0.9442
vn -0.0487 0.5893 -0.8064
vn -0.0945 0.5892 -0.8024
vn -0.0353 0.8105 -0.5847
vn -0.0685 0.8104 -0.5818
vn -0.0185 0.9519 -0.3057
vn -0.0358 0.9519 -0.3043
vn -0.0094 0.9877 -0.1561
vn -0.0183 0.9877 -0.1553
vn -0.0522 -0.9519 -0.3021
vn -0.0266 -0.9877 -0.1541
vn -0.0998 -0.8104 -0.5774
vn -0.1376 -0.5892 -0.7962
vn -0.1619 -0.3099 -0.9369
vn -0.1697 -0.0786 -0.9824
vn -0.1697 0.0786 -0.9824
vn -0.1619 0.3099 -0.9369
vn -0.1376 0.5892 -0.7962
vn -0.0998 0.8104 -0.5774
vn -0.0522 0.9519 -0.3021
vn -0.0266 0.9877 -0.1541
vn -0.0677 -0.9518 -0.2991
vn -0.0345 -0.9877 -0.1525
vn -0.1294 -0.8103 -0.5715
vn -0.1785 -0.5891 -0.7881
vn -0.2100 -0.3098 -0.9273
vn -0.2202 -0.0786 -0.9723
vn -0.2202 0.0786 -0.9723
vn -0.2100 0.3098 -0.9273
vn -0.1785 0.5891 -0.7881
vn -0.1294 0.8103 -0.5715
vn -0.0677 0.9518 -0.2991
vn -0.0345 0.9877 -0.1525
vn -0.0826 -0.9518 -0.2954
vn -0.0421 -0.9877 -0.1506
vn -0.1579 -0.8103 -0.5644
vn -0.2177 -0.5891 -0.7782
vn -0.2561 -0.3098 -0.9156
vn -0.2686 -0.0786 -0.9601
vn -0.2686 0.0786 -0.9601
vn -0.2561 0.3098 -0.9156
vn -0.2177 0.5891 -0.7782
vn -0.1579 0.8103 -0.5644
vn -0.0826 0.9518 -0.2954
vn -0.0421 0.9877 -0.1506
vn -0.0970 -0.9518 -0.2910
vn -0.0495 -0.9877 -0.1484
vn -0.1854 -0.8102 -0.5560
vn -0.2556 -0.5891 -0.7666
vn -0.3007 -0.3098 -0.9020
vn -0.3153 -0.0786 -0.9457
vn -0.3153 0.0786 -0.9457
vn -0.3007 0.3098 -0.9020
vn -0.2556 0.5891 -0.7666
vn -0.1854 0.8102 -0.5560
vn -0.0970 0.9518 -0.2910
vn -0.0495 0.9877 -0.1484
vn -0.1110 -0.9518 -0.2860
vn -0.0566 -0.9877 -0.1458
vn -0.2121 -0.8102 -0.5464
vn -0.2924 -0.5890 -0.7534
vn -0.3440 -0.3098 -0.8864
vn -0.3607 -0.0786 -0.9294
vn -0.3607 0.0786 -0.9294
vn -0.3440 0.3098 -0.8864
vn -0.2924 0.5890 -0.7534
vn -0.2121 0.8102 -0.5464
vn -0.1110 0.9518 -0.2860
vn -0.0566 0.9877 -0.1458
vn -0.1246 -0.9518 -0.2803
vn -0.0635 -0.9877 -0.1429
vn -0.2381 -0.8102 -0.5356
vn -0.3283 -0.5890 -0.7384
vn -0.3863 -0.3098 -0.8688
vn -0.4050 -0.0786 -0.9109
vn -0.4050 0.0786 -0.9109
vn -0.3863 0.3098 -0.8688
vn -0.3283 0.5890 -0.7384
vn -0.2381 0.8102 -0.5356
vn -0.1246 0.9518 -0.2803
vn -0.0635 0.9877 -0.1429
vn -0.1380 -0.9518 -0.2740
vn -0.0703 -0.9877 -0.1397
vn -0.2636 -0.8102 -0.5235
vn -0.3634 -0.5890 -0.7218
vn -0.4276 -0.3098 -0.8492
vn -0.4484 -0.0786 -0.8904
vn -0.4484 0.0786 -0.8904
vn -0.4276 0.3098 -0.8492
vn -0.3634 0.5890 -0.7218
vn -0.2636 0.8102 -0.5235
vn -0.1380 0.9518 -0.2740
vn -0.0703 0.9877 -0.1397
vn -0.1510 -0.9518 -0.2670
vn -0.0770 -0.9877 -0.1361
vn -0.2886 -0.8102 -0.5101
vn -0.3979 -0.5891 -0.7033
vn -0.4682 -0.3098 -0.8276
vn -0.4909 -0.0786 -0.8677
vn -0.4909 0.0786 -0.8677
vn -0.4682 0.3098 -0.8276
vn -0.3979 0.5891 -0.7033
vn -0.2886 0.8102 -0.5101
vn -0.1510 0.9518 -0.2670
vn -0.0770 0.9877 -0.1361
vn -0.1639 -0.9518 -0.2593
vn -0.0835 -0.9877 -0.1322
vn -0.3131 -0.8103 -0.4955
vn -0.4317 -0.5891 -0.6831
vn -0.5079 -0.3098 -0.8038
vn -0.5325 -0.0786 -0.8428
vn -0.5325 0.0786 -0.8428
vn -0.5079 0.3098 -0.8038
vn -0.4317 0.5891 -0.6831
vn -0.3131 0.8103 -0.4955
vn -0.1639 0.9518 -0.2593
vn -0.0835 0.9877 -0.1322
vn -0.2112 -0.9672 -0.1412
vn -0.1203 -0.9895 -0.0804
vn -0.4419 -0.8471 -0.2953
vn -0.6412 -0.6366 -0.4285
vn -0.7806 -0.3441 -0.5217
vn -0.8283 -0.0866 -0.5536
vn -0.8283 0.0866 -0.5536
vn -0.7806 0.3441 -0.5217
vn -0.6412 0.6366 -0.4285
vn -0.4419 0.8471 -0.2953
vn -0.2112 0.9672 -0.1412
vn -0.1203 0.9895 -0.0804
vn -0.3028 -0.9514 -0.0567
vn -0.1538 -0.9877 -0.0288
vn -0.5771 -0.8095 -0.1080
vn -0.7948 -0.5883 -0.1488
vn -0.9347 -0.3093 -0.1750
vn -0.9799 -0.0785 -0.1835
vn -0.9799 0.0785 -0.1835
vn -0.9347 0.3093 -0.1750
vn -0.7948 0.5883 -0.1488
vn -0.5771 0.8095 -0.1080
vn -0.3028 0.9514 -0.0567
vn -0.1538 0.9877 -0.0288
vn -0.3039 -0.9514 -0.0502
vn -0.1543 -0.9877 -0.0255
vn -0.5792 -0.8096 -0.0956
vn -0.7978 -0.5883 -0.1317
vn -0.9382 -0.3094 -0.1549
vn -0.9836 -0.0785 -0.1624
vn -0.9836 0.0785 -0.1624
vn -0.9382 0.3094 -0.1549
vn -0.7978 0.5883 -0.1317
vn -0.5792 0.8096 -0.0956
vn -0.3039 0.9514 -0.0502
vn -0.1543 0.9877 -0.0255
vn -0.3049 -0.9514 -0.0433
vn -0.1549 -0.9877 -0.0220
vn -0.5812 -0.8096 -0.0825
vn -0.8006 -0.5884 -0.1137
vn -0.9415 -0.3094 -0.1337
vn -0.9870 -0.0785 -0.1402
vn -0.9870 0.0785 -0.1402
vn -0.9415 0.3094 -0.1337
vn -0.8006 0.5884 -0.1137
vn -0.5812 0.8096 -0.0825
vn -0.3049 0.9514 -0.0433
vn -0.1549 0.9877 -0.0220
vn -0.3058 -0.9514 -0.0362
vn -0.1553 -0.9877 -0.0184
vn -0.5829 -0.8096 -0.0691
vn -0.8030 -0.5884 -0.0951
vn -0.9443 -0.3094 -0.1119
vn -0.9900 -0.0785 -0.1173
vn -0.9900 0.0785 -0.1173
vn -0.9443 0.3094 -0.1119
vn -0.8030 0.5884 -0.0951
vn -0.5829 0.8096 -0.0691
vn -0.3058 0.9514 -0.0362
vn -0.1553 0.9877 -0.0184
vn -0.3066 -0.9514 -0.0292
vn -0.1557 -0.9877 -0.0148
vn -0.5844 -0.8096 -0.0556
vn -0.8050 -0.5883 -0.0766
vn -0.9467 -0.3094 -0.0901
vn -0.9924 -0.0785 -0.0945
vn -0.9924 0.0785 -0.0945
vn -0.9467 0.3094 -0.0901
vn -0.8050 0.5883 -0.0766
vn -0.5844 0.8096 -0.0556
vn -0.3066 0.9514 -0.0292
vn -0.1557 0.9877 -0.0148
vn -0.3072 -0.9514 -0.0224
vn -0.1560 -0.9877 -0.0114
vn -0.5855 -0.8095 -0.0426
vn -0.8065 -0.5883 -0.0588
vn -0.9484 -0.3094 -0.0691
vn -0.9943 -0.0785 -0.0724
vn -0.9943 0.0785 -0.0724
vn -0.9484 0.3094 -0.0691
vn -0.8065 0.5883 -0.0588
vn -0.5855 0.8095 -0.0426
vn -0.3072 0.9514 -0.0224
vn -0.1560 0.9877 -0.0114
vn -0.3077 -0.9513 -0.0161
vn -0.1562 -0.9877 -0.0082
vn -0.5863 -0.8095 -0.0307
vn -0.8076 -0.5883 -0.0422
vn -0.9497 -0.3093 -0.0496
vn -0.9956 -0.0785 -0.0520
vn -0.9956 0.0785 -0.0520
vn -0.9497 0.3093 -0.0496
vn -0.8076 0.5883 -0.0422
vn -0.5863 0.8095 -0.0307
vn -0.3077 0.9513 -0.0161
vn -0.1562 0.9877 -0.0082
vn -0.3081 -0.9513 -0.0106
vn -0.1563 -0.9877 -0.0054
vn -0.5869 -0.8094 -0.0202
vn -0.8083 -0.5882 -0.0278
vn -0.9504 -0.3093 -0.0327
vn -0.9963 -0.0785 -0.0343
vn -0.9963 0.0785 -0.0343
vn -0.9504 0.3093 -0.0327
vn -0.8083 0.5882 -0.0278
vn -0.5869 0.8094 -0.0202
vn -0.3081 0.9513 -0.0106
vn -0.1563 0.9877 -0.0054
vn -0.3084 -0.9512 -0.0061
vn -0.1564 -0.9877 -0.0031
vn -0.5872 -0.8093 -0.0117
vn -0.8086 -0.5881 -0.0160
vn -0.9508 -0.3092 -0.0188
vn -0.9967 -0.0785 -0.0198
vn -0.9967 0.0785 -0.0198
vn -0.9508 0.3092 -0.0188
vn -0.8086 0.5881 -0.0160
vn -0.5872 0.8093 -0.0117
vn -0.3084 0.9512 -0.0061
vn -0.1564 0.9877 -0.0031
vn -0.3086 -0.9512 -0.0028
vn -0.1564 -0.9877 -0.0014
vn -0.5875 -0.8092 -0.0054
vn -0.8088 -0.5880 -0.0074
vn -0.9510 -0.3091 -0.0087
vn -0.9969 -0.0785 -0.0092
vn -0.9969 0.0785 -0.0092
vn -0.9510 0.3091 -0.0087
vn -0.8088 0.5880 -0.0074
vn -0.5875 0.8092 -0.0054
vn -0.3086 0.9512 -0.0028
vn -0.1564 0.9877 -0.0014
vn -0.3088 -0.9511 -0.0009
vn -0.1564 -0.9877 -0.0004
vn -0.5876 -0.8091 -0.0016
vn -0.8089 -0.5879 -0.0022
vn -0.9510 -0.3091 -0.0026
vn -0.9969 -0.0785 -0.0028
vn -0.9969 0.0785 -0.0028
vn -0.9510 0.3091 -0.0026
vn -0.8089 0.5879 -0.0022
vn -0.5876 0.8091 -0.0016
vn -0.3088 0.9511 -0.0009
vn -0.1564 0.9877 -0.0004
vn -0.3058 -0.9520 0.0096
vn -0.1563 -0.9877 0.0049
vn -0.5852 -0.8107 0.0185
vn -0.8074 -0.5895 0.0255
vn -0.9502 -0.3101 0.0300
vn -0.9964 -0.0786 0.0315
vn -0.9964 0.0786 0.0315
vn -0.9502 0.3101 0.0300
vn -0.8074 0.5895 0.0255
vn -0.5852 0.8107 0.0185
vn -0.3058 0.9520 0.0096
vn -0.1563 0.9877 0.0049
vn -0.3003 -0.9531 0.0383
vn -0.1549 -0.9877 0.0198
vn -0.5782 -0.8125 0.0738
vn -0.7998 -0.5915 0.1021
vn -0.9426 -0.3114 0.1203
vn -0.9889 -0.0789 0.1262
vn -0.9889 0.0789 0.1262
vn -0.9426 0.3114 0.1203
vn -0.7998 0.5915 0.1021
vn -0.5782 0.8125 0.0738
vn -0.3003 0.9531 0.0383
vn -0.1549 0.9877 0.0198
vn -0.2933 -0.9530 0.0756
vn -0.1512 -0.9877 0.0389
vn -0.5646 -0.8125 0.1454
vn -0.7809 -0.5915 0.2011
vn -0.9203 -0.3114 0.2370
vn -0.9654 -0.0789 0.2487
vn -0.9654 0.0789 0.2487
vn -0.9202 0.3114 0.2370
vn -0.7809 0.5915 0.2011
vn -0.5646 0.8125 0.1454
vn -0.2933 0.9530 0.0756
vn -0.1512 0.9877 0.0389
vn -0.2819 -0.9530 0.1110
vn -0.1453 -0.9877 0.0572
vn -0.5425 -0.8124 0.2137
vn -0.7503 -0.5914 0.2955
vn -0.8842 -0.3113 0.3482
vn -0.9275 -0.0788 0.3653
vn -0.9275 0.0788 0.3653
vn -0.8842 0.3113 0.3482
vn -0.7503 0.5914 0.2955
vn -0.5425 0.8124 0.2137
vn -0.2819 0.9530 0.1110
vn -0.1453 0.9877 0.0572
vn -0.2664 -0.9530 0.1445
vn -0.1373 -0.9877 0.0745
vn -0.5125 -0.8124 0.2781
vn -0.7088 -0.5914 0.3846
vn -0.8353 -0.3113 0.4532
vn -0.8762 -0.0788 0.4754
vn -0.8762 0.0788 0.4754
vn -0.8353 0.3113 0.4532
vn -0.7088 0.5914 0.3846
vn -0.5125 0.8124 0.2781
vn -0.2664 0.9530 0.1445
vn -0.1373 0.9877 0.0745
vn -0.2468 -0.9530 0.1758
vn -0.1272 -0.9877 0.0906
vn -0.4749 -0.8124 0.3383
vn -0.6568 -0.5914 0.4679
vn -0.7740 -0.3113 0.5514
vn -0.8119 -0.0788 0.5784
vn -0.8119 0.0788 0.5784
vn -0.7740 0.3113 0.5514
vn -0.6568 0.5914 0.4679
vn -0.4749 0.8124 0.3383
vn -0.2468 0.9530 0.1758
vn -0.1272 0.9877 0.0906
vn -0.2232 -0.9530 0.2048
vn -0.1151 -0.9877 0.1056
vn -0.4296 -0.8125 0.3941
vn -0.5942 -0.5915 0.5451
vn -0.7003 -0.3114 0.6424
vn -0.7346 -0.0788 0.6739
vn -0.7346 0.0788 0.6739
vn -0.7003 0.3114 0.6424
vn -0.5942 0.5915 0.5451
vn -0.4296 0.8125 0.3941
vn -0.2232 0.9530 0.2048
vn -0.1151 0.9877 0.1056
vn -0.1955 -0.9531 0.2311
vn -0.1008 -0.9877 0.1192
vn -0.3765 -0.8126 0.4449
vn -0.5208 -0.5916 0.6155
vn -0.6138 -0.3115 0.7254
vn -0.6439 -0.0789 0.7610
vn -0.6439 0.0789 0.7610
vn -0.6138 0.3115 0.7254
vn -0.5208 0.5916 0.6155
vn -0.3765 0.8126 0.4449
vn -0.1955 0.9531 0.2311
vn -0.1009 0.9877 0.1192
vn -0.1637 -0.9532 0.2543
vn -0.0845 -0.9877 0.1313
vn -0.3153 -0.8128 0.4899
vn -0.4362 -0.5918 0.6779
vn -0.5142 -0.3116 0.7991
vn -0.5395 -0.0789 0.8383
vn -0.5395 0.0789 0.8383
vn -0.5142 0.3116 0.7991
vn -0.4362 0.5918 0.6779
vn -0.3153 0.8128 0.4899
vn -0.1637 0.9532 0.2543
vn -0.0845 0.9877 0.1313
vn -0.1277 -0.9533 0.2738
vn -0.0659 -0.9877 0.1415
vn -0.2461 -0.8129 0.5278
vn -0.3405 -0.5920 0.7305
vn -0.4015 -0.3117 0.8612
vn -0.4212 -0.0789 0.9035
vn -0.4212 0.0789 0.9035
vn -0.4015 0.3117 0.8612
vn -0.3405 0.5920 0.7305
vn -0.2461 0.8129 0.5278
vn -0.1277 0.9533 0.2738
vn -0.0659 0.9877 0.1415
vn -0.0878 -0.9534 0.2888
vn -0.0454 -0.9878 0.1493
vn -0.1693 -0.8131 0.5569
vn -0.2344 -0.5922 0.7710
vn -0.2763 -0.3118 0.9091
vn -0.2899 -0.0789 0.9538
vn -0.2899 0.0789 0.9538
vn -0.2763 0.3118 0.9091
vn -0.2344 0.5922 0.7710
vn -0.1693 0.8131 0.5569
vn -0.0878 0.9534 0.2888
vn -0.0454 0.9878 0.1493
vn -0.0448 -0.9534 0.2982
vn -0.0232 -0.9878 0.1543
vn -0.0864 -0.8133 0.5755
vn -0.1196 -0.5923 0.7968
vn -0.1410 -0.3120 0.9396
vn -0.1480 -0.0790 0.9858
vn -0.1480 0.0790 0.9858
vn -0.1410 0.3120 0.9396
vn -0.1196 0.5923 0.7968
vn -0.0864 0.8133 0.5755
vn -0.0448 0.9534 0.2982
vn -0.0232 0.9878 0.1543
vn -0.0025 -0.9532 0.3024
vn -0.0013 -0.9877 0.1561
vn -0.0049 -0.8127 0.5826
vn -0.0067 -0.5918 0.8061
vn -0.0079 -0.3116 0.9502
vn -0.0083 -0.0789 0.9968
vn -0.0083 0.0789 0.9968
vn -0.0079 0.3116 0.9502
vn -0.0067 0.5918 0.8061
vn -0.0049 0.8127 0.5826
vn -0.0025 0.9532 0.3024
vn -0.0013 0.9877 0.1561
vn 0.0357 -0.9530 0.3010
vn 0.0184 -0.9877 0.1551
vn 0.0687 -0.8123 0.5791
vn 0.0950 -0.5913 0.8008
vn 0.1120 -0.3113 0.9437
vn 0.1175 -0.0788 0.9899
vn 0.1175 0.0788 0.9899
vn 0.1120 0.3113 0.9437
vn 0.0950 0.5913 0.8008
vn 0.0687 0.8123 0.5791
vn 0.0357 0.9530 0.3010
vn 0.0184 0.9877 0.1551
vn 0.0721 -0.9530 0.2942
vn 0.0372 -0.9877 0.1516
vn 0.1389 -0.8125 0.5662
vn 0.1920 -0.5915 0.7831
vn 0.2263 -0.3114 0.9229
vn 0.2374 -0.0789 0.9682
vn 0.2374 0.0789 0.9682
vn 0.2263 0.3114 0.9229
vn 0.1920 0.5915 0.7831
vn 0.1389 0.8125 0.5662
vn 0.0721 0.9530 0.2942
vn 0.0372 0.9877 0.1516
vn 0.1086 -0.9531 0.2825
vn 0.0560 -0.9877 0.1457
vn 0.2091 -0.8126 0.5440
vn 0.2893 -0.5916 0.7525
vn 0.3410 -0.3115 0.8870
vn 0.3577 -0.0789 0.9305
vn 0.3577 0.0789 0.9305
vn 0.3410 0.3115 0.8870
vn 0.2893 0.5916 0.7525
vn 0.2091 0.8126 0.5440
vn 0.1086 0.9531 0.2825
vn 0.0560 0.9877 0.1457
vn 0.1443 -0.9532 0.2658
vn 0.0745 -0.9877 0.1372
vn 0.2779 -0.8127 0.5121
vn 0.3846 -0.5917 0.7085
vn 0.4533 -0.3115 0.8351
vn 0.4756 -0.0789 0.8761
vn 0.4756 0.0789 0.8761
vn 0.4533 0.3115 0.8351
vn 0.3846 0.5917 0.7085
vn 0.2779 0.8127 0.5121
vn 0.1443 0.9532 0.2658
vn 0.0745 0.9877 0.1372
vn 0.1783 -0.9532 0.2442
vn 0.0920 -0.9877 0.1261
vn 0.3435 -0.8128 0.4705
vn 0.4753 -0.5918 0.6510
vn 0.5603 -0.3116 0.7674
vn 0.5878 -0.0789 0.8051
vn 0.5878 0.0789 0.8051
vn 0.5603 0.3116 0.7674
vn 0.4753 0.5918 0.6510
vn 0.3435 0.8128 0.4705
vn 0.1783 0.9532 0.2442
vn 0.0920 0.9877 0.1261
vn 0.2096 -0.9532 0.2177
vn 0.1082 -0.9877 0.1124
vn 0.4039 -0.8129 0.4196
vn 0.5590 -0.5919 0.5807
vn 0.6590 -0.3117 0.6846
vn 0.6914 -0.0789 0.7182
vn 0.6914 0.0789 0.7182
vn 0.6590 0.3117 0.6846
vn 0.5590 0.5919 0.5807
vn 0.4039 0.8129 0.4196
vn 0.2096 0.9532 0.2177
vn 0.1082 0.9877 0.1124
vn 0.2374 -0.9533 0.1870
vn 0.1226 -0.9877 0.0966
vn 0.4575 -0.8129 0.3604
vn 0.6331 -0.5919 0.4988
vn 0.7464 -0.3117 0.5880
vn 0.7831 -0.0789 0.6169
vn 0.7831 0.0789 0.6169
vn 0.7464 0.3117 0.5880
vn 0.6331 0.5919 0.4988
vn 0.4575 0.8129 0.3604
vn 0.2374 0.9533 0.1870
vn 0.1226 0.9877 0.0966
vn 0.2608 -0.9532 0.1527
vn 0.1347 -0.9877 0.0789
vn 0.5026 -0.8129 0.2943
vn 0.6955 -0.5919 0.4073
vn 0.8199 -0.3117 0.4802
vn 0.8602 -0.0789 0.5038
vn 0.8602 0.0789 0.5038
vn 0.8199 0.3117 0.4802
vn 0.6955 0.5919 0.4073
vn 0.5026 0.8129 0.2943
vn 0.2608 0.9532 0.1527
vn 0.1347 0.9877 0.0789
vn 0.2792 -0.9532 0.1158
vn 0.1442 -0.9877 0.0598
vn 0.5380 -0.8129 0.2231
vn 0.7445 -0.5919 0.3088
vn 0.8777 -0.3117 0.3640
vn 0.9208 -0.0789 0.3819
vn 0.9208 0.0789 0.3819
vn 0.8777 0.3117 0.3640
vn 0.7445 0.5919 0.3088
vn 0.5380 0.8129 0.2231
vn 0.2792 0.9532 0.1158
vn 0.1442 0.9877 0.0598
vn 0.2924 -0.9532 0.0773
vn 0.1509 -0.9877 0.0399
vn 0.5632 -0.8128 0.1489
vn 0.7793 -0.5918 0.2061
vn 0.9186 -0.3116 0.2429
vn 0.9638 -0.0789 0.2548
vn 0.9638 0.0789 0.2548
vn 0.9186 0.3116 0.2429
vn 0.7793 0.5918 0.2061
vn 0.5632 0.8128 0.1489
vn 0.2924 0.9532 0.0773
vn 0.1509 0.9877 0.0399
vn 0.3002 -0.9531 0.0384
vn 0.1549 -0.9877 0.0198
vn 0.5781 -0.8126 0.0739
vn 0.7997 -0.5917 0.1023
vn 0.9426 -0.3115 0.1206
vn 0.9888 -0.0789 0.1265
vn 0.9888 0.0789 0.1265
vn 0.9426 0.3115 0.1206
vn 0.7997 0.5917 0.1023
vn 0.5781 0.8126 0.0739
vn 0.3002 0.9531 0.0384
vn 0.1549 0.9877 0.0198
vn 0.3023 -0.9532 -0.0016
vn 0.1561 -0.9877 -0.0008
vn 0.5825 -0.8128 -0.0030
vn 0.8060 -0.5919 -0.0042
vn 0.9502 -0.3116 -0.0050
vn 0.9969 -0.0789 -0.0052
vn 0.9969 0.0789 -0.0052
vn 0.9502 0.3116 -0.0050
vn 0.8060 0.5919 -0.0042
vn 0.5825 0.8128 -0.0030
vn 0.3023 0.9532 -0.0016
vn 0.1561 0.9877 -0.0008
vn 0.2986 -0.9534 -0.0438
vn 0.1544 -0.9878 -0.0227
vn 0.5759 -0.8132 -0.0845
vn 0.7972 -0.5922 -0.1170
vn 0.9401 -0.3119 -0.1380
vn 0.9863 -0.0789 -0.1447
vn 0.9863 0.0789 -0.1447
vn 0.9401 0.3119 -0.1380
vn 0.7972 0.5922 -0.1170
vn 0.5759 0.8132 -0.0845
vn 0.2986 0.9534 -0.0438
vn 0.1544 0.9878 -0.0227
vn 0.2894 -0.9533 -0.0862
vn 0.1496 -0.9877 -0.0446
vn 0.5579 -0.8131 -0.1662
vn 0.7723 -0.5921 -0.2301
vn 0.9106 -0.3118 -0.2713
vn 0.9554 -0.0789 -0.2846
vn 0.9554 0.0789 -0.2846
vn 0.9106 0.3118 -0.2713
vn 0.7723 0.5921 -0.2301
vn 0.5579 0.8131 -0.1662
vn 0.2894 0.9533 -0.0862
vn 0.1496 0.9877 -0.0446
vn 0.2747 -0.9533 -0.1259
vn 0.1419 -0.9877 -0.0650
vn 0.5294 -0.8129 -0.2426
vn 0.7327 -0.5920 -0.3357
vn 0.8638 -0.3117 -0.3958
vn 0.9063 -0.0789 -0.4152
vn 0.9063 0.0789 -0.4152
vn 0.8638 0.3117 -0.3958
vn 0.7327 0.5919 -0.3357
vn 0.5294 0.8129 -0.2426
vn 0.2747 0.9533 -0.1259
vn 0.1419 0.9877 -0.0650
vn 0.2553 -0.9532 -0.1620
vn 0.1318 -0.9877 -0.0836
vn 0.4919 -0.8128 -0.3121
vn 0.6806 -0.5918 -0.4319
vn 0.8023 -0.3116 -0.5091
vn 0.8417 -0.0789 -0.5341
vn 0.8417 0.0789 -0.5341
vn 0.8023 0.3116 -0.5091
vn 0.6806 0.5918 -0.4319
vn 0.4919 0.8128 -0.3121
vn 0.2553 0.9532 -0.1620
vn 0.1318 0.9877 -0.0836
vn 0.2320 -0.9531 -0.1943
vn 0.1197 -0.9877 -0.1002
vn 0.4468 -0.8127 -0.3741
vn 0.6181 -0.5917 -0.5176
vn 0.7285 -0.3115 -0.6101
vn 0.7643 -0.0789 -0.6400
vn 0.7643 0.0789 -0.6400
vn 0.7285 0.3115 -0.6101
vn 0.6181 0.5917 -0.5176
vn 0.4468 0.8127 -0.3741
vn 0.2320 0.9531 -0.1943
vn 0.1197 0.9877 -0.1002
vn 0.2054 -0.9531 -0.2225
vn 0.1059 -0.9877 -0.1147
vn 0.3954 -0.8125 -0.4283
vn 0.5469 -0.5915 -0.5924
vn 0.6446 -0.3114 -0.6982
vn 0.6762 -0.0789 -0.7325
vn 0.6762 0.0789 -0.7325
vn 0.6446 0.3114 -0.6982
vn 0.5469 0.5915 -0.5924
vn 0.3954 0.8126 -0.4283
vn 0.2054 0.9531 -0.2225
vn 0.1059 0.9877 -0.1147
vn 0.1760 -0.9530 -0.2465
vn 0.0907 -0.9877 -0.1271
vn 0.3387 -0.8125 -0.4745
vn 0.4684 -0.5915 -0.6563
vn 0.5521 -0.3114 -0.7735
vn 0.5791 -0.0789 -0.8114
vn 0.5791 0.0789 -0.8114
vn 0.5521 0.3114 -0.7735
vn 0.4684 0.5915 -0.6563
vn 0.3387 0.8125 -0.4745
vn 0.1760 0.9530 -0.2465
vn 0.0907 0.9877 -0.1271
vn 0.1441 -0.9530 -0.2665
vn 0.0743 -0.9877 -0.1373
vn 0.2774 -0.8125 -0.5128
vn 0.3836 -0.5914 -0.7093
vn 0.4521 -0.3113 -0.8359
vn 0.4743 -0.0788 -0.8768
vn 0.4743 0.0788 -0.8768
vn 0.4521 0.3113 -0.8359
vn 0.3836 0.5914 -0.7093
vn 0.2774 0.8125 -0.5128
vn 0.1441 0.9530 -0.2665
vn 0.0743 0.9877 -0.1373
vn 0.1102 -0.9530 -0.2822
vn 0.0568 -0.9877 -0.1454
vn 0.2121 -0.8124 -0.5431
vn 0.2933 -0.5914 -0.7511
vn 0.3457 -0.3113 -0.8852
vn 0.3626 -0.0788 -0.9286
vn 0.3626 0.0788 -0.9286
vn 0.3457 0.3113 -0.8852
vn 0.2933 0.5914 -0.7511
vn 0.2121 0.8124 -0.5431
vn 0.1102 0.9530 -0.2822
vn 0.0568 0.9877 -0.1454
vn 0.0745 -0.9530 -0.2936
vn 0.0384 -0.9877 -0.1513
vn 0.1435 -0.8125 -0.5651
vn 0.1984 -0.5914 -0.7816
vn 0.2339 -0.3114 -0.9211
vn 0.2453 -0.0789 -0.9662
vn 0.2453 0.0789 -0.9662
vn 0.2339 0.3114 -0.9211
vn 0.1984 0.5914 -0.7816
vn 0.1435 0.8125 -0.5651
vn 0.0745 0.9530 -0.2936
vn 0.0384 0.9877 -0.1513
vn 0.0376 -0.9530 -0.3005
vn 0.0194 -0.9877 -0.1549
vn 0.0724 -0.8125 -0.5785
vn 0.1001 -0.5915 -0.8001
vn 0.1179 -0.3114 -0.9429
vn 0.1237 -0.0789 -0.9892
vn 0.1237 0.0789 -0.9892
vn 0.1179 0.3114 -0.9429
vn 0.1001 0.5915 -0.8001
vn 0.0724 0.8125 -0.5785
vn 0.0376 0.9530 -0.3005
vn 0.0194 0.9877 -0.1549
vn 0.0047 -0.9525 -0.3045
vn 0.0024 -0.9877 -0.1563
vn 0.0091 -0.8115 -0.5843
vn 0.0125 -0.5904 -0.8070
vn 0.0148 -0.3107 -0.9504
vn 0.0155 -0.0787 -0.9968
vn 0.0155 0.0787 -0.9968
vn 0.0148 0.3107 -0.9504
vn 0.0125 0.5904 -0.8070
vn 0.0091 0.8115 -0.5843
vn 0.0047 0.9525 -0.3045
vn 0.0024 0.9877 -0.1563
vt 0.348485 0.000000
vt 0.363636 0.000000
vt 0.356061 0.000000
vt 0.340909 0.000000
vt 0.371212 0.000000
vt 0.333333 0.000000
vt 0.378788 0.000000
vt 0.325758 0.000000
vt 0.386364 0.000000
vt 0.318182 0.000000
vt 0.393939 0.000000
vt 0.310606 0.000000
vt 0.401515 0.000000
vt 0.303030 0.000000
vt 0.409091 0.000000
vt 0.295455 0.000000
vt 0.825758 0.000000
vt 0.818182 0.000000
vt 0.810606 0.000000
vt 0.833333 0.000000
vt 0.803030 0.000000
vt 0.416667 0.000000
vt 0.840909 0.000000
vt 0.795455 0.000000
vt 0.848485 0.000000
vt 0.787879 0.000000
vt 0.287879 0.000000
vt 0.856061 0.000000
vt 0.780303 0.000000
vt 0.863636 0.000000
vt 0.772727 0.000000
vt 0.424242 0.000000
vt 0.871212 0.000000
vt 0.280303 0.000000
vt 0.765152 0.000000
vt 0.878788 0.000000
vt 0.757576 0.000000
vt 0.886364 0.000000
vt 0.431818 0.000000
vt 0.272727 0.000000
vt 0.750000 0.000000
vt 0.893939 0.000000
vt 0.742424 0.000000
vt 0.901515 0.000000
vt 0.265152 0.000000
vt 0.439394 0.000000
vt 0.734848 0.000000
vt 0.909091 0.000000
vt 0.727273 0.000000
vt 0.916667 0.000000
vt 0.257576 0.000000
vt 0.446970 0.000000
vt 0.924242 0.000000
vt 0.719697 0.000000
vt 0.712121 0.000000
vt 0.704545 0.000000
vt 0.696970 0.000000
vt 0.250000 0.000000
vt 0.931818 0.000000
vt 0.689394 0.000000
vt 0.681818 0.000000
vt 0.674242 0.000000
vt 0.939394 0.000000
vt 0.666667 0.000000
vt 0.454545 0.000000
vt 0.659091 0.000000
vt 0.651515 0.000000
vt 0.946970 0.000000
vt 0.242424 0.000000
vt 0.643939 0.000000
vt 0.636364 0.000000
vt 0.954545 0.000000
vt 0.628788 0.000000
vt 0.962121 0.000000
vt 0.621212 0.000000
vt 0.234848 0.000000
vt 0.613636 0.000000
vt 0.969697 0.000000
vt 0.606061 0.000000
vt 0.462121 0.000000
vt 0.598485 0.000000
vt 0.977273 0.000000
vt 0.590909 0.000000
vt 0.583333 0.000000
vt 0.984848 0.000000
vt 0.575758 0.000000
vt 0.227273 0.000000
vt 0.992424 0.000000
vt 0.568182 0.000000
vt 0.560606 0.000000
vt 1.000000 0.000000
vt 0.553030 0.000000
vt 0.219697 0.000000
vt 0.469697 0.000000
vt 0.212121 0.000000
vt 0.204545 0.000000
vt 0.083333 0.000000
vt 0.090909 0.000000
vt 0.075758 0.000000
vt 0.196970 0.000000
vt 0.477273 0.000000
vt 0.098485 0.000000
vt 0.106061 0.000000
vt 0.113636 0.000000
vt 0.189394 0.000000
vt 0.121212 0.000000
vt 0.128788 0.000000
vt 0.136364 0.000000
vt 0.068182 0.000000
vt 0.181818 0.000000
vt 0.143939 0.000000
vt 0.151515 0.000000
vt 0.159091 0.000000
vt 0.174242 0.000000
vt 0.166667 0.000000
vt 0.060606 0.000000
vt 0.484848 0.000000
vt 0.053030 0.000000
vt 0.492424 0.000000
vt 0.045455 0.000000
vt 0.037879 0.000000
vt 0.500000 0.000000
vt 0.030303 0.000000
vt 0.022727 0.000000
vt 0.507576 0.000000
vt 0.015152 0.000000
vt 0.007576 0.000000
vt 0.515152 0.000000
vt 0.000000 0.000000
vt 0.545455 0.000000
vt 0.522727 0.000000
vt 0.537879 0.000000
vt 0.530303 0.000000
vt 0.231579 0.000000
vt 0.252632 0.000000
vt 0.242105 0.000000
vt 0.263158 0.000000
vt 0.221053 0.000000
vt 0.273684 0.000000
vt 0.210526 0.000000
vt 0.284211 0.000000
vt 0.200000 0.000000
vt 0.189474 0.000000
vt 0.294737 0.000000
vt 0.178947 0.000000
vt 0.305263 0.000000
vt 0.505263 0.000000
vt 0.989474 0.000000
vt 0.515789 0.000000
vt 0.978947 0.000000
vt 0.168421 0.000000
vt 0.315789 0.000000
vt 0.526316 0.000000
vt 0.968421 0.000000
vt 0.536842 0.000000
vt 0.957895 0.000000
vt 0.547368 0.000000
vt 0.947368 0.000000
vt 0.157895 0.000000
vt 0.326316 0.000000
vt 0.557895 0.000000
vt 0.936842 0.000000
vt 0.568421 0.000000
vt 0.926316 0.000000
vt 0.147368 0.000000
vt 0.336842 0.000000
vt 0.578947 0.000000
vt 0.915789 0.000000
vt 0.136842 0.000000
vt 0.347368 0.000000
vt 0.589474 0.000000
vt 0.905263 0.000000
vt 0.600000 0.000000
vt 0.894737 0.000000
vt 0.126316 0.000000
vt 0.357895 0.000000
vt 0.610526 0.000000
vt 0.884211 0.000000
vt 0.115789 0.000000
vt 0.368421 0.000000
vt 0.621053 0.000000
vt 0.873684 0.000000
vt 0.105263 0.000000
vt 0.631579 0.000000
vt 0.863158 0.000000
vt 0.378947 0.000000
vt 0.642105 0.000000
vt 0.852632 0.000000
vt 0.094737 0.000000
vt 0.389474 0.000000
vt 0.652632 0.000000
vt 0.842105 0.000000
vt 0.084211 0.000000
vt 0.400000 0.000000
vt 0.831579 0.000000
vt 0.663158 0.000000
vt 0.821053 0.000000
vt 0.673684 0.000000
vt 0.073684 0.000000
vt 0.410526 0.000000
vt 0.810526 0.000000
vt 0.684211 0.000000
vt 0.063158 0.000000
vt 0.421053 0.000000
vt 0.800000 0.000000
vt 0.694737 0.000000
vt 0.789474 0.000000
vt 0.705263 0.000000
vt 0.052632 0.000000
vt 0.431579 0.000000
vt 0.778947 0.000000
vt 0.715789 0.000000
vt 0.768421 0.000000
vt 0.726316 0.000000
vt 0.757895 0.000000
vt 0.736842 0.000000
vt 0.042105 0.000000
vt 0.442105 0.000000
vt 0.747368 0.000000
vt 0.031579 0.000000
vt 0.452632 0.000000
vt 0.021053 0.000000
vt 0.463158 0.000000
vt 0.010526 0.000000
vt 0.473684 0.000000
vt 0.484211 0.000000
vt 0.494737 0.000000
vt 0.300000 0.000000
vt 0.700000 0.000000
vt 0.900000 0.000000
vt 0.100000 0.000000
vt 0.298701 0.000000
vt 0.324675 0.000000
vt 0.311688 0.000000
vt 0.337662 0.000000
vt 0.961039 0.000000
vt 0.987013 0.000000
vt 0.974026 0.000000
vt 0.948052 0.000000
vt 0.350649 0.000000
vt 0.935065 0.000000
vt 0.285714 0.000000
vt 0.922078 0.000000
vt 0.376623 0.000000
vt 0.389610 0.000000
vt 0.012987 0.000000
vt 0.896104 0.000000
vt 0.402597 0.000000
vt 0.883117 0.000000
vt 0.415584 0.000000
vt 0.870130 0.000000
vt 0.428571 0.000000
vt 0.025974 0.000000
vt 0.857143 0.000000
vt 0.441558 0.000000
vt 0.844156 0.000000
vt 0.259740 0.000000
vt 0.831169 0.000000
vt 0.467532 0.000000
vt 0.480519 0.000000
vt 0.038961 0.000000
vt 0.493506 0.000000
vt 0.805195 0.000000
vt 0.506494 0.000000
vt 0.246753 0.000000
vt 0.792208 0.000000
vt 0.519481 0.000000
vt 0.779221 0.000000
vt 0.051948 0.000000
vt 0.532468 0.000000
vt 0.766234 0.000000
vt 0.753247 0.000000
vt 0.740260 0.000000
vt 0.558442 0.000000
vt 0.233766 0.000000
vt 0.571429 0.000000
vt 0.714286 0.000000
vt 0.584416 0.000000
vt 0.064935 0.000000
vt 0.701299 0.000000
vt 0.597403 0.000000
vt 0.688312 0.000000
vt 0.610390 0.000000
vt 0.675325 0.000000
vt 0.623377 0.000000
vt 0.662338 0.000000
vt 0.649351 0.000000
vt 0.220779 0.000000
vt 0.077922 0.000000
vt 0.207792 0.000000
vt 0.194805 0.000000
vt 0.103896 0.000000
vt 0.116883 0.000000
vt 0.168831 0.000000
vt 0.129870 0.000000
vt 0.155844 0.000000
vt 0.142857 0.000000
vt 0.642857 0.000000
vt 0.357143 0.000000
vt 0.785714 0.000000
vt 0.928571 0.000000
vt 0.071429 0.000000
vt 0.214286 0.000000
vt 0.000000 0.090909
vt 0.066667 0.090909
vt 0.066667 0.000000
vt 0.000000 0.181818
vt 0.066667 0.181818
vt 0.000000 0.272727
vt 0.066667 0.272727
vt 0.000000 0.363636
vt 0.066667 0.363636
vt 0.000000 0.454545
vt 0.066667 0.454545
vt 0.000000 0.545455
vt 0.066667 0.545455
vt 0.000000 0.636364
vt 0.066667 0.636364
vt 0.000000 0.727273
vt 0.066667 0.727273
vt 0.000000 0.818182
vt 0.066667 0.818182
vt 0.000000 0.909091
vt 0.066667 0.909091
vt 0.000000 1.000000
vt 0.066667 1.000000
vt 0.133333 0.090909
vt 0.133333 0.000000
vt 0.133333 0.181818
vt 0.133333 0.272727
vt 0.133333 0.363636
vt 0.133333 0.454545
vt 0.133333 0.545455
vt 0.133333 0.636364
vt 0.133333 0.727273
vt 0.133333 0.818182
vt 0.133333 0.909091
vt 0.133333 1.000000
vt 0.200000 0.090909
vt 0.200000 0.181818
vt 0.200000 0.272727
vt 0.200000 0.363636
vt 0.200000 0.454545
vt 0.200000 0.545455
vt 0.200000 0.636364
vt 0.200000 0.727273
vt 0.200000 0.818182
vt 0.200000 0.909091
vt 0.200000 1.000000
vt 0.266667 0.090909
vt 0.266667 0.000000
vt 0.266667 0.181818
vt 0.266667 0.272727
vt 0.266667 0.363636
vt 0.266667 0.454545
vt 0.266667 0.545455
vt 0.266667 0.636364
vt 0.266667 0.727273
vt 0.266667 0.818182
vt 0.266667 0.909091
vt 0.266667 1.000000
vt 0.333333 0.090909
vt 0.333333 0.181818
vt 0.333333 0.272727
vt 0.333333 0.363636
vt 0.333333 0.454545
vt 0.333333 0.545455
vt 0.333333 0.636364
vt 0.333333 0.727273
vt 0.333333 0.818182
vt 0.333333 0.909091
vt 0.333333 1.000000
vt 0.400000 0.090909
vt 0.400000 0.181818
vt 0.400000 0.272727
vt 0.400000 0.363636
vt 0.400000 0.454545
vt 0.400000 0.545455
vt 0.400000 0.636364
vt 0.400000 0.727273
vt 0.400000 0.818182
vt 0.400000 0.909091
vt 0.400000 1.000000
vt 0.466667 0.090909
vt 0.466667 0.000000
vt 0.466667 0.181818
vt 0.466667 0.272727
vt 0.466667 0.363636
vt 0.466667 0.454545
vt 0.466667 0.545455
vt 0.466667 0.636364
vt 0.466667 0.727273
vt 0.466667 0.818182
vt 0.466667 0.909091
vt 0.466667 1.000000
vt 0.533333 0.090909
vt 0.533333 0.000000
vt 0.533333 0.181818
vt 0.533333 0.272727
vt 0.533333 0.363636
vt 0.533333 0.454545
vt 0.533333 0.545455
vt 0.533333 0.636364
vt 0.533333 0.727273
vt 0.533333 0.818182
vt 0.533333 0.909091
vt 0.533333 1.000000
vt 0.600000 0.090909
vt 0.600000 0.181818
vt 0.600000 0.272727
vt 0.600000 0.363636
vt 0.600000 0.454545
vt 0.600000 0.545455
vt 0.600000 0.636364
vt 0.600000 0.727273
vt 0.600000 0.818182
vt 0.600000 0.909091
vt 0.600000 1.000000
vt 0.666667 0.090909
vt 0.666667 0.181818
vt 0.666667 0.272727
vt 0.666667 0.363636
vt 0.666667 0.454545
vt 0.666667 0.545455
vt 0.666667 0.636364
vt 0.666667 0.727273
vt 0.666667 0.818182
vt 0.666667 0.909091
vt 0.666667 1.000000
vt 0.733333 0.090909
vt 0.733333 0.000000
vt 0.733333 0.181818
vt 0.733333 0.272727
vt 0.733333 0.363636
vt 0.733333 0.454545
vt 0.733333 0.545455
vt 0.733333 0.636364
vt 0.733333 0.727273
vt 0.733333 0.818182
vt 0.733333 0.909091
vt 0.733333 1.000000
vt 0.800000 0.090909
vt 0.800000 0.181818
vt 0.800000 0.272727
vt 0.800000 0.363636
vt 0.800000 0.454545
vt 0.800000 0.545455
vt 0.800000 0.636364
vt 0.800000 0.727273
vt 0.800000 0.818182
vt 0.800000 0.909091
vt 0.800000 1.000000
vt 0.866667 0.090909
vt 0.866667 0.000000
vt 0.866667 0.181818
vt 0.866667 0.272727
vt 0.866667 0.363636
vt 0.866667 0.454545
vt 0.866667 0.545455
vt 0.866667 0.636364
vt 0.866667 0.727273
vt 0.866667 0.818182
vt 0.866667 0.909091
vt 0.866667 1.000000
vt 0.933333 0.090909
vt 0.933333 0.000000
vt 0.933333 0.181818
vt 0.933333 0.272727
vt 0.933333 0.363636
vt 0.933333 0.454545
vt 0.933333 0.545455
vt 0.933333 0.636364
vt 0.933333 0.727273
vt 0.933333 0.818182
vt 0.933333 0.909091
vt 0.933333 1.000000
vt 1.000000 0.090909
vt 1.000000 0.181818
vt 1.000000 0.272727
vt 1.000000 0.363636
vt 1.000000 0.454545
vt 1.000000 0.545455
vt 1.000000 0.636364
vt 1.000000 0.727273
vt 1.000000 0.818182
vt 1.000000 0.909091
vt 1.000000 1.000000
vt 0.012821 0.090909
vt 0.012821 0.000000
vt 0.012821 0.181818
vt 0.012821 0.272727
vt 0.012821 0.363636
vt 0.012821 0.454545
vt 0.012821 0.545455
vt 0.012821 0.636364
vt 0.012821 0.727273
vt 0.012821 0.818182
vt 0.012821 0.909091
vt 0.012821 1.000000
vt 0.025641 0.090909
vt 0.025641 0.000000
vt 0.025641 0.181818
vt 0.025641 0.272727
vt 0.025641 0.363636
vt 0.025641 0.454545
vt 0.025641 0.545455
vt 0.025641 0.636364
vt 0.025641 0.727273
vt 0.025641 0.818182
vt 0.025641 0.909091
vt 0.025641 1.000000
vt 0.038462 0.090909
vt 0.038462 0.000000
vt 0.038462 0.181818
vt 0.038462 0.272727
vt 0.038462 0.363636
vt 0.038462 0.454545
vt 0.038462 0.545455
vt 0.038462 0.636364
vt 0.038462 0.727273
vt 0.038462 0.818182
vt 0.038462 0.909091
vt 0.038462 1.000000
vt 0.051282 0.090909
vt 0.051282 0.000000
vt 0.051282 0.181818
vt 0.051282 0.272727
vt 0.051282 0.363636
vt 0.051282 0.454545
vt 0.051282 0.545455
vt 0.051282 0.636364
vt 0.051282 0.727273
vt 0.051282 0.818182
vt 0.051282 0.909091
vt 0.051282 1.000000
vt 0.064103 0.090909
vt 0.064103 0.000000
vt 0.064103 0.181818
vt 0.064103 0.272727
vt 0.064103 0.363636
vt 0.064103 0.454545
vt 0.064103 0.545455
vt 0.064103 0.636364
vt 0.064103 0.727273
vt 0.064103 0.818182
vt 0.064103 0.909091
vt 0.064103 1.000000
vt 0.076923 0.090909
vt 0.076923 0.000000
vt 0.076923 0.181818
vt 0.076923 0.272727
vt 0.076923 0.363636
vt 0.076923 0.454545
vt 0.076923 0.545455
vt 0.076923 0.636364
vt 0.076923 0.727273
vt 0.076923 0.818182
vt 0.076923 0.909091
vt 0.076923 1.000000
vt 0.089744 0.090909
vt 0.089744 0.000000
vt 0.089744 0.181818
vt 0.089744 0.272727
vt 0.089744 0.363636
vt 0.089744 0.454545
vt 0.089744 0.545455
vt 0.089744 0.636364
vt 0.089744 0.727273
vt 0.089744 0.818182
vt 0.089744 0.909091
vt 0.089744 1.000000
vt 0.102564 0.090909
vt 0.102564 0.000000
vt 0.102564 0.181818
vt 0.102564 0.272727
vt 0.102564 0.363636
vt 0.102564 0.454545
vt 0.102564 0.545455
vt 0.102564 0.636364
vt 0.102564 0.727273
vt 0.102564 0.818182
vt 0.102564 0.909091
vt 0.102564 1.000000
vt 0.115385 0.090909
vt 0.115385 0.000000
vt 0.115385 0.181818
vt 0.115385 0.272727
vt 0.115385 0.363636
vt 0.115385 0.454545
vt 0.115385 0.545455
vt 0.115385 0.636364
vt 0.115385 0.727273
vt 0.115385 0.818182
vt 0.115385 0.909091
vt 0.115385 1.000000
vt 0.128205 0.090909
vt 0.128205 0.000000
vt 0.128205 0.181818
vt 0.128205 0.272727
vt 0.128205 0.363636
vt 0.128205 0.454545
vt 0.128205 0.545455
vt 0.128205 0.636364
vt 0.128205 0.727273
vt 0.128205 0.818182
vt 0.128205 0.909091
vt 0.128205 1.000000
vt 0.141026 0.090909
vt 0.141026 0.000000
vt 0.141026 0.181818
vt 0.141026 0.272727
vt 0.141026 0.363636
vt 0.141026 0.454545
vt 0.141026 0.545455
vt 0.141026 0.636364
vt 0.141026 0.727273
vt 0.141026 0.818182
vt 0.141026 0.909091
vt 0.141026 1.000000
vt 0.153846 0.090909
vt 0.153846 0.000000
vt 0.153846 0.181818
vt 0.153846 0.272727
vt 0.153846 0.363636
vt 0.153846 0.454545
vt 0.153846 0.545455
vt 0.153846 0.636364
vt 0.153846 0.727273
vt 0.153846 0.818182
vt 0.153846 0.909091
vt 0.153846 1.000000
vt 0.166667 0.090909
vt 0.166667 0.181818
vt 0.166667 0.272727
vt 0.166667 0.363636
vt 0.166667 0.454545
vt 0.166667 0.545455
vt 0.166667 0.636364
vt 0.166667 0.727273
vt 0.166667 0.818182
vt 0.166667 0.909091
vt 0.166667 1.000000
vt 0.179487 0.090909
vt 0.179487 0.000000
vt 0.179487 0.181818
vt 0.179487 0.272727
vt 0.179487 0.363636
vt 0.179487 0.454545
vt 0.179487 0.545455
vt 0.179487 0.636364
vt 0.179487 0.727273
vt 0.179487 0.818182
vt 0.179487 0.909091
vt 0.179487 1.000000
vt 0.192308 0.090909
vt 0.192308 0.000000
vt 0.192308 0.181818
vt 0.192308 0.272727
vt 0.192308 0.363636
vt 0.192308 0.454545
vt 0.192308 0.545455
vt 0.192308 0.636364
vt 0.192308 0.727273
vt 0.192308 0.818182
vt 0.192308 0.909091
vt 0.192308 1.000000
vt 0.205128 0.090909
vt 0.205128 0.000000
vt 0.205128 0.181818
vt 0.205128 0.272727
vt 0.205128 0.363636
vt 0.205128 0.454545
vt 0.205128 0.545455
vt 0.205128 0.636364
vt 0.205128 0.727273
vt 0.205128 0.818182
vt 0.205128 0.909091
vt 0.205128 1.000000
vt 0.217949 0.090909
vt 0.217949 0.000000
vt 0.217949 0.181818
vt 0.217949 0.272727
vt 0.217949 0.363636
vt 0.217949 0.454545
vt 0.217949 0.545455
vt 0.217949 0.636364
vt 0.217949 0.727273
vt 0.217949 0.818182
vt 0.217949 0.909091
vt 0.217949 1.000000
vt 0.230769 0.090909
vt 0.230769 0.000000
vt 0.230769 0.181818
vt 0.230769 0.272727
vt 0.230769 0.363636
vt 0.230769 0.454545
vt 0.230769 0.545455
vt 0.230769 0.636364
vt 0.230769 0.727273
vt 0.230769 0.818182
vt 0.230769 0.909091
vt 0.230769 1.000000
vt 0.243590 0.090909
vt 0.243590 0.000000
vt 0.243590 0.181818
vt 0.243590 0.272727
vt 0.243590 0.363636
vt 0.243590 0.454545
vt 0.243590 0.545455
vt 0.243590 0.636364
vt 0.243590 0.727273
vt 0.243590 0.818182
vt 0.243590 0.909091
vt 0.243590 1.000000
vt 0.256410 0.090909
vt 0.256410 0.000000
vt 0.256410 0.181818
vt 0.256410 0.272727
vt 0.256410 0.363636
vt 0.256410 0.454545
vt 0.256410 0.545455
vt 0.256410 0.636364
vt 0.256410 0.727273
vt 0.256410 0.818182
vt 0.256410 0.909091
vt 0.256410 1.000000
vt 0.269231 0.090909
vt 0.269231 0.000000
vt 0.269231 0.181818
vt 0.269231 0.272727
vt 0.269231 0.363636
vt 0.269231 0.454545
vt 0.269231 0.545455
vt 0.269231 0.636364
vt 0.269231 0.727273
vt 0.269231 0.818182
vt 0.269231 0.909091
vt 0.269231 1.000000
vt 0.282051 0.090909
vt 0.282051 0.000000
vt 0.282051 0.181818
vt 0.282051 0.272727
vt 0.282051 0.363636
vt 0.282051 0.454545
vt 0.282051 0.545455
vt 0.282051 0.636364
vt 0.282051 0.727273
vt 0.282051 0.818182
vt 0.282051 0.909091
vt 0.282051 1.000000
vt 0.294872 0.090909
vt 0.294872 0.000000
vt 0.294872 0.181818
vt 0.294872 0.272727
vt 0.294872 0.363636
vt 0.294872 0.454545
vt 0.294872 0.545455
vt 0.294872 0.636364
vt 0.294872 0.727273
vt 0.294872 0.818182
vt 0.294872 0.909091
vt 0.294872 1.000000
vt 0.307692 0.090909
vt 0.307692 0.000000
vt 0.307692 0.181818
vt 0.307692 0.272727
vt 0.307692 0.363636
vt 0.307692 0.454545
vt 0.307692 0.545455
vt 0.307692 0.636364
vt 0.307692 0.727273
vt 0.307692 0.818182
vt 0.307692 0.909091
vt 0.307692 1.000000
vt 0.320513 0.090909
vt 0.320513 0.000000
vt 0.320513 0.181818
vt 0.320513 0.272727
vt 0.320513 0.363636
vt 0.320513 0.454545
vt 0.320513 0.545455
vt 0.320513 0.636364
vt 0.320513 0.727273
vt 0.320513 0.818182
vt 0.320513 0.909091
vt 0.320513 1.000000
vt 0.346154 0.090909
vt 0.346154 0.000000
vt 0.346154 0.181818
vt 0.346154 0.272727
vt 0.346154 0.363636
vt 0.346154 0.454545
vt 0.346154 0.545455
vt 0.346154 0.636364
vt 0.346154 0.727273
vt 0.346154 0.818182
vt 0.346154 0.909091
vt 0.346154 1.000000
vt 0.358974 0.090909
vt 0.358974 0.000000
vt 0.358974 0.181818
vt 0.358974 0.272727
vt 0.358974 0.363636
vt 0.358974 0.454545
vt 0.358974 0.545455
vt 0.358974 0.636364
vt 0.358974 0.727273
vt 0.358974 0.818182
vt 0.358974 0.909091
vt 0.358974 1.000000
vt 0.371795 0.090909
vt 0.371795 0.000000
vt 0.371795 0.181818
vt 0.371795 0.272727
vt 0.371795 0.363636
vt 0.371795 0.454545
vt 0.371795 0.545455
vt 0.371795 0.636364
vt 0.371795 0.727273
vt 0.371795 0.818182
vt 0.371795 0.909091
vt 0.371795 1.000000
vt 0.384615 0.090909
vt 0.384615 0.000000
vt 0.384615 0.181818
vt 0.384615 0.272727
vt 0.384615 0.363636
vt 0.384615 0.454545
vt 0.384615 0.545455
vt 0.384615 0.636364
vt 0.384615 0.727273
vt 0.384615 0.818182
vt 0.384615 0.909091
vt 0.384615 1.000000
vt 0.397436 0.090909
vt 0.397436 0.000000
vt 0.397436 0.181818
vt 0.397436 0.272727
vt 0.397436 0.363636
vt 0.397436 0.454545
vt 0.397436 0.545455
vt 0.397436 0.636364
vt 0.397436 0.727273
vt 0.397436 0.818182
vt 0.397436 0.909091
vt 0.397436 1.000000
vt 0.410256 0.090909
vt 0.410256 0.000000
vt 0.410256 0.181818
vt 0.410256 0.272727
vt 0.410256 0.363636
vt 0.410256 0.454545
vt 0.410256 0.545455
vt 0.410256 0.636364
vt 0.410256 0.727273
vt 0.410256 0.818182
vt 0.410256 0.909091
vt 0.410256 1.000000
vt 0.423077 0.090909
vt 0.423077 0.000000
vt 0.423077 0.181818
vt 0.423077 0.272727
vt 0.423077 0.363636
vt 0.423077 0.454545
vt 0.423077 0.545455
vt 0.423077 0.636364
vt 0.423077 0.727273
vt 0.423077 0.818182
vt 0.423077 0.909091
vt 0.423077 1.000000
vt 0.435897 0.090909
vt 0.435897 0.000000
vt 0.435897 0.181818
vt 0.435897 0.272727
vt 0.435897 0.363636
vt 0.435897 0.454545
vt 0.435897 0.545455
vt 0.435897 0.636364
vt 0.435897 0.727273
vt 0.435897 0.818182
vt 0.435897 0.909091
vt 0.435897 1.000000
vt 0.448718 0.090909
vt 0.448718 0.000000
vt 0.448718 0.181818
vt 0.448718 0.272727
vt 0.448718 0.363636
vt 0.448718 0.454545
vt 0.448718 0.545455
vt 0.448718 0.636364
vt 0.448718 0.727273
vt 0.448718 0.818182
vt 0.448718 0.909091
vt 0.448718 1.000000
vt 0.461538 0.090909
vt 0.461538 0.000000
vt 0.461538 0.181818
vt 0.461538 0.272727
vt 0.461538 0.363636
vt 0.461538 0.454545
vt 0.461538 0.545455
vt 0.461538 0.636364
vt 0.461538 0.727273
vt 0.461538 0.818182
vt 0.461538 0.909091
vt 0.461538 1.000000
vt 0.474359 0.090909
vt 0.474359 0.000000
vt 0.474359 0.181818
vt 0.474359 0.272727
vt 0.474359 0.363636
vt 0.474359 0.454545
vt 0.474359 0.545455
vt 0.474359 0.636364
vt 0.474359 0.727273
vt 0.474359 0.818182
vt 0.474359 0.909091
vt 0.474359 1.000000
vt 0.487179 0.090909
vt 0.487179 0.000000
vt 0.487179 0.181818
vt 0.487179 0.272727
vt 0.487179 0.363636
vt 0.487179 0.454545
vt 0.487179 0.545455
vt 0.487179 0.636364
vt 0.487179 0.727273
vt 0.487179 0.818182
vt 0.487179 0.909091
vt 0.487179 1.000000
vt 0.500000 0.090909
vt 0.500000 0.181818
vt 0.500000 0.272727
vt 0.500000 0.363636
vt 0.500000 0.454545
vt 0.500000 0.545455
vt 0.500000 0.636364
vt 0.500000 0.727273
vt 0.500000 0.818182
vt 0.500000 0.909091
vt 0.500000 1.000000
vt 0.512821 0.090909
vt 0.512821 0.000000
vt 0.512821 0.181818
vt 0.512821 0.272727
vt 0.512821 0.363636
vt 0.512821 0.454545
vt 0.512821 0.545455
vt 0.512821 0.636364
vt 0.512821 0.727273
vt 0.512821 0.818182
vt 0.512821 0.909091
vt 0.512821 1.000000
vt 0.525641 0.090909
vt 0.525641 0.000000
vt 0.525641 0.181818
vt 0.525641 0.272727
vt 0.525641 0.363636
vt 0.525641 0.454545
vt 0.525641 0.545455
vt 0.525641 0.636364
vt 0.525641 0.727273
vt 0.525641 0.818182
vt 0.525641 0.909091
vt 0.525641 1.000000
vt 0.538462 0.090909
vt 0.538462 0.000000
vt 0.538462 0.181818
vt 0.538462 0.272727
vt 0.538462 0.363636
vt 0.538462 0.454545
vt 0.538462 0.545455
vt 0.538462 0.636364
vt 0.538462 0.727273
vt 0.538462 0.818182
vt 0.538462 0.909091
vt 0.538462 1.000000
vt 0.551282 0.090909
vt 0.551282 0.000000
vt 0.551282 0.181818
vt 0.551282 0.272727
vt 0.551282 0.363636
vt 0.551282 0.454545
vt 0.551282 0.545455
vt 0.551282 0.636364
vt 0.551282 0.727273
vt 0.551282 0.818182
vt 0.551282 0.909091
vt 0.551282 1.000000
vt 0.564103 0.090909
vt 0.564103 0.000000
vt 0.564103 0.181818
vt 0.564103 0.272727
vt 0.564103 0.363636
vt 0.564103 0.454545
vt 0.564103 0.545455
vt 0.564103 0.636364
vt 0.564103 0.727273
vt 0.564103 0.818182
vt 0.564103 0.909091
vt 0.564103 1.000000
vt 0.576923 0.090909
vt 0.576923 0.000000
vt 0.576923 0.181818
vt 0.576923 0.272727
vt 0.576923 0.363636
vt 0.576923 0.454545
vt 0.576923 0.545455
vt 0.576923 0.636364
vt 0.576923 0.727273
vt 0.576923 0.818182
vt 0.576923 0.909091
vt 0.576923 1.000000
vt 0.589744 0.090909
vt 0.589744 0.000000
vt 0.589744 0.181818
vt 0.589744 0.272727
vt 0.589744 0.363636
vt 0.589744 0.454545
vt 0.589744 0.545455
vt 0.589744 0.636364
vt 0.589744 0.727273
vt 0.589744 0.818182
vt 0.589744 0.909091
vt 0.589744 1.000000
vt 0.602564 0.090909
vt 0.602564 0.000000
vt 0.602564 0.181818
vt 0.602564 0.272727
vt 0.602564 0.363636
vt 0.602564 0.454545
vt 0.602564 0.545455
vt 0.602564 0.636364
vt 0.602564 0.727273
vt 0.602564 0.818182
vt 0.602564 0.909091
vt 0.602564 1.000000
vt 0.615385 0.090909
vt 0.615385 0.000000
vt 0.615385 0.181818
vt 0.615385 0.272727
vt 0.615385 0.363636
vt 0.615385 0.454545
vt 0.615385 0.545455
vt 0.615385 0.636364
vt 0.615385 0.727273
vt 0.615385 0.818182
vt 0.615385 0.909091
vt 0.615385 1.000000
vt 0.628205 0.090909
vt 0.628205 0.000000
vt 0.628205 0.181818
vt 0.628205 0.272727
vt 0.628205 0.363636
vt 0.628205 0.454545
vt 0.628205 0.545455
vt 0.628205 0.636364
vt 0.628205 0.727273
vt 0.628205 0.818182
vt 0.628205 0.909091
vt 0.628205 1.000000
vt 0.641026 0.090909
vt 0.641026 0.000000
vt 0.641026 0.181818
vt 0.641026 0.272727
vt 0.641026 0.363636
vt 0.641026 0.454545
vt 0.641026 0.545455
vt 0.641026 0.636364
vt 0.641026 0.727273
vt 0.641026 0.818182
vt 0.641026 0.909091
vt 0.641026 1.000000
vt 0.653846 0.090909
vt 0.653846 0.000000
vt 0.653846 0.181818
vt 0.653846 0.272727
vt 0.653846 0.363636
vt 0.653846 0.454545
vt 0.653846 0.545455
vt 0.653846 0.636364
vt 0.653846 0.727273
vt 0.653846 0.818182
vt 0.653846 0.909091
vt 0.653846 1.000000
vt 0.679487 0.090909
vt 0.679487 0.000000
vt 0.679487 0.181818
vt 0.679487 0.272727
vt 0.679487 0.363636
vt 0.679487 0.454545
vt 0.679487 0.545455
vt 0.679487 0.636364
vt 0.679487 0.727273
vt 0.679487 0.818182
vt 0.679487 0.909091
vt 0.679487 1.000000
vt 0.692308 0.090909
vt 0.692308 0.000000
vt 0.692308 0.181818
vt 0.692308 0.272727
vt 0.692308 0.363636
vt 0.692308 0.454545
vt 0.692308 0.545455
vt 0.692308 0.636364
vt 0.692308 0.727273
vt 0.692308 0.818182
vt 0.692308 0.909091
vt 0.692308 1.000000
vt 0.705128 0.090909
vt 0.705128 0.000000
vt 0.705128 0.181818
vt 0.705128 0.272727
vt 0.705128 0.363636
vt 0.705128 0.454545
vt 0.705128 0.545455
vt 0.705128 0.636364
vt 0.705128 0.727273
vt 0.705128 0.818182
vt 0.705128 0.909091
vt 0.705128 1.000000
vt 0.717949 0.090909
vt 0.717949 0.000000
vt 0.717949 0.181818
vt 0.717949 0.272727
vt 0.717949 0.363636
vt 0.717949 0.454545
vt 0.717949 0.545455
vt 0.717949 0.636364
vt 0.717949 0.727273
vt 0.717949 0.818182
vt 0.717949 0.909091
vt 0.717949 1.000000
vt 0.730769 0.090909
vt 0.730769 0.000000
vt 0.730769 0.181818
vt 0.730769 0.272727
vt 0.730769 0.363636
vt 0.730769 0.454545
vt 0.730769 0.545455
vt 0.730769 0.636364
vt 0.730769 0.727273
vt 0.730769 0.818182
vt 0.730769 0.909091
vt 0.730769 1.000000
vt 0.743590 0.090909
vt 0.743590 0.000000
vt 0.743590 0.181818
vt 0.743590 0.272727
vt 0.743590 0.363636
vt 0.743590 0.454545
vt 0.743590 0.545455
vt 0.743590 0.636364
vt 0.743590 0.727273
vt 0.743590 0.818182
vt 0.743590 0.909091
vt 0.743590 1.000000
vt 0.756410 0.090909
vt 0.756410 0.000000
vt 0.756410 0.181818
vt 0.756410 0.272727
vt 0.756410 0.363636
vt 0.756410 0.454545
vt 0.756410 0.545455
vt 0.756410 0.636364
vt 0.756410 0.727273
vt 0.756410 0.818182
vt 0.756410 0.909091
vt 0.756410 1.000000
vt 0.769231 0.090909
vt 0.769231 0.000000
vt 0.769231 0.181818
vt 0.769231 0.272727
vt 0.769231 0.363636
vt 0.769231 0.454545
vt 0.769231 0.545455
vt 0.769231 0.636364
vt 0.769231 0.727273
vt 0.769231 0.818182
vt 0.769231 0.909091
vt 0.769231 1.000000
vt 0.782051 0.090909
vt 0.782051 0.000000
vt 0.782051 0.181818
vt 0.782051 0.272727
vt 0.782051 0.363636
vt 0.782051 0.454545
vt 0.782051 0.545455
vt 0.782051 0.636364
vt 0.782051 0.727273
vt 0.782051 0.818182
vt 0.782051 0.909091
vt 0.782051 1.000000
vt 0.794872 0.090909
vt 0.794872 0.000000
vt 0.794872 0.181818
vt 0.794872 0.272727
vt 0.794872 0.363636
vt 0.794872 0.454545
vt 0.794872 0.545455
vt 0.794872 0.636364
vt 0.794872 0.727273
vt 0.794872 0.818182
vt 0.794872 0.909091
vt 0.794872 1.000000
vt 0.807692 0.090909
vt 0.807692 0.000000
vt 0.807692 0.181818
vt 0.807692 0.272727
vt 0.807692 0.363636
vt 0.807692 0.454545
vt 0.807692 0.545455
vt 0.807692 0.636364
vt 0.807692 0.727273
vt 0.807692 0.818182
vt 0.807692 0.909091
vt 0.807692 1.000000
vt 0.820513 0.090909
vt 0.820513 0.000000
vt 0.820513 0.181818
vt 0.820513 0.272727
vt 0.820513 0.363636
vt 0.820513 0.454545
vt 0.820513 0.545455
vt 0.820513 0.636364
vt 0.820513 0.727273
vt 0.820513 0.818182
vt 0.820513 0.909091
vt 0.820513 1.000000
vt 0.833333 0.090909
vt 0.833333 0.181818
vt 0.833333 0.272727
vt 0.833333 0.363636
vt 0.833333 0.454545
vt 0.833333 0.545455
vt 0.833333 0.636364
vt 0.833333 0.727273
vt 0.833333 0.818182
vt 0.833333 0.909091
vt 0.833333 1.000000
vt 0.846154 0.090909
vt 0.846154 0.000000
vt 0.846154 0.181818
vt 0.846154 0.272727
vt 0.846154 0.363636
vt 0.846154 0.454545
vt 0.846154 0.545455
vt 0.846154 0.636364
vt 0.846154 0.727273
vt 0.846154 0.818182
vt 0.846154 0.909091
vt 0.846154 1.000000
vt 0.858974 0.090909
vt 0.858974 0.000000
vt 0.858974 0.181818
vt 0.858974 0.272727
vt 0.858974 0.363636
vt 0.858974 0.454545
vt 0.858974 0.545455
vt 0.858974 0.636364
vt 0.858974 0.727273
vt 0.858974 0.818182
vt 0.858974 0.909091
vt 0.858974 1.000000
vt 0.871795 0.090909
vt 0.871795 0.000000
vt 0.871795 0.181818
vt 0.871795 0.272727
vt 0.871795 0.363636
vt 0.871795 0.454545
vt 0.871795 0.545455
vt 0.871795 0.636364
vt 0.871795 0.727273
vt 0.871795 0.818182
vt 0.871795 0.909091
vt 0.871795 1.000000
vt 0.884615 0.090909
vt 0.884615 0.000000
vt 0.884615 0.181818
vt 0.884615 0.272727
vt 0.884615 0.363636
vt 0.884615 0.454545
vt 0.884615 0.545455
vt 0.884615 0.636364
vt 0.884615 0.727273
vt 0.884615 0.818182
vt 0.884615 0.909091
vt 0.884615 1.000000
vt 0.897436 0.090909
vt 0.897436 0.000000
vt 0.897436 0.181818
vt 0.897436 0.272727
vt 0.897436 0.363636
vt 0.897436 0.454545
vt 0.897436 0.545455
vt 0.897436 0.636364
vt 0.897436 0.727273
vt 0.897436 0.818182
vt 0.897436 0.909091
vt 0.897436 1.000000
vt 0.910256 0.090909
vt 0.910256 0.000000
vt 0.910256 0.181818
vt 0.910256 0.272727
vt 0.910256 0.363636
vt 0.910256 0.454545
vt 0.910256 0.545455
vt 0.910256 0.636364
vt 0.910256 0.727273
vt 0.910256 0.818182
vt 0.910256 0.909091
vt 0.910256 1.000000
vt 0.923077 0.090909
vt 0.923077 0.000000
vt 0.923077 0.181818
vt 0.923077 0.272727
vt 0.923077 0.363636
vt 0.923077 0.454545
vt 0.923077 0.545455
vt 0.923077 0.636364
vt 0.923077 0.727273
vt 0.923077 0.818182
vt 0.923077 0.909091
vt 0.923077 1.000000
vt 0.935897 0.090909
vt 0.935897 0.000000
vt 0.935897 0.181818
vt 0.935897 0.272727
vt 0.935897 0.363636
vt 0.935897 0.454545
vt 0.935897 0.545455
vt 0.935897 0.636364
vt 0.935897 0.727273
vt 0.935897 0.818182
vt 0.935897 0.909091
vt 0.935897 1.000000
vt 0.948718 0.090909
vt 0.948718 0.000000
vt 0.948718 0.181818
vt 0.948718 0.272727
vt 0.948718 0.363636
vt 0.948718 0.454545
vt 0.948718 0.545455
vt 0.948718 0.636364
vt 0.948718 0.727273
vt 0.948718 0.818182
vt 0.948718 0.909091
vt 0.948718 1.000000
vt 0.961538 0.090909
vt 0.961538 0.000000
vt 0.961538 0.181818
vt 0.961538 0.272727
vt 0.961538 0.363636
vt 0.961538 0.454545
vt 0.961538 0.545455
vt 0.961538 0.636364
vt 0.961538 0.727273
vt 0.961538 0.818182
vt 0.961538 0.909091
vt 0.961538 1.000000
vt 0.974359 0.090909
vt 0.974359 0.000000
vt 0.974359 0.181818
vt 0.974359 0.272727
vt 0.974359 0.363636
vt 0.974359 0.454545
vt 0.974359 0.545455
vt 0.974359 0.636364
vt 0.974359 0.727273
vt 0.974359 0.818182
vt 0.974359 0.909091
vt 0.974359 1.000000
vt 0.987179 0.090909
vt 0.987179 0.000000
vt 0.987179 0.181818
vt 0.987179 0.272727
vt 0.987179 0.363636
vt 0.987179 0.454545
vt 0.987179 0.545455
vt 0.987179 0.636364
vt 0.987179 0.727273
vt 0.987179 0.818182
vt 0.987179 0.909091
vt 0.987179 1.000000
vt 0.090909 0.090909
vt 0.090909 0.181818
vt 0.090909 0.272727
vt 0.090909 0.363636
vt 0.090909 0.454545
vt 0.090909 0.545455
vt 0.090909 0.636364
vt 0.090909 0.727273
vt 0.090909 0.818182
vt 0.090909 0.909091
vt 0.090909 1.000000
vt 0.181818 0.090909
vt 0.181818 0.181818
vt 0.181818 0.272727
vt 0.181818 0.363636
vt 0.181818 0.454545
vt 0.181818 0.545455
vt 0.181818 0.636364
vt 0.181818 0.727273
vt 0.181818 0.818182
vt 0.181818 0.909091
vt 0.181818 1.000000
vt 0.272727 0.090909
vt 0.272727 0.181818
vt 0.272727 0.272727
vt 0.272727 0.363636
vt 0.272727 0.454545
vt 0.272727 0.545455
vt 0.272727 0.636364
vt 0.272727 0.727273
vt 0.272727 0.818182
vt 0.272727 0.909091
vt 0.272727 1.000000
vt 0.363636 0.090909
vt 0.363636 0.181818
vt 0.363636 0.272727
vt 0.363636 0.363636
vt 0.363636 0.454545
vt 0.363636 0.545455
vt 0.363636 0.636364
vt 0.363636 0.727273
vt 0.363636 0.818182
vt 0.363636 0.909091
vt 0.363636 1.000000
vt 0.454545 0.090909
vt 0.454545 0.181818
vt 0.454545 0.272727
vt 0.454545 0.363636
vt 0.454545 0.454545
vt 0.454545 0.545455
vt 0.454545 0.636364
vt 0.454545 0.727273
vt 0.454545 0.818182
vt 0.454545 0.909091
vt 0.454545 1.000000
vt 0.545455 0.090909
vt 0.545455 0.181818
vt 0.545455 0.272727
vt 0.545455 0.363636
vt 0.545455 0.454545
vt 0.545455 0.545455
vt 0.545455 0.636364
vt 0.545455 0.727273
vt 0.545455 0.818182
vt 0.545455 0.909091
vt 0.545455 1.000000
vt 0.636364 0.090909
vt 0.636364 0.181818
vt 0.636364 0.272727
vt 0.636364 0.363636
vt 0.636364 0.454545
vt 0.636364 0.545455
vt 0.636364 0.636364
vt 0.636364 0.727273
vt 0.636364 0.818182
vt 0.636364 0.909091
vt 0.636364 1.000000
vt 0.727273 0.090909
vt 0.727273 0.181818
vt 0.727273 0.272727
vt 0.727273 0.363636
vt 0.727273 0.454545
vt 0.727273 0.545455
vt 0.727273 0.636364
vt 0.727273 0.727273
vt 0.727273 0.818182
vt 0.727273 0.909091
vt 0.727273 1.000000
vt 0.818182 0.090909
vt 0.818182 0.181818
vt 0.818182 0.272727
vt 0.818182 0.363636
vt 0.818182 0.454545
vt 0.818182 0.545455
vt 0.818182 0.636364
vt 0.818182 0.727273
vt 0.818182 0.818182
vt 0.818182 0.909091
vt 0.818182 1.000000
vt 0.909091 0.090909
vt 0.909091 0.181818
vt 0.909091 0.272727
vt 0.909091 0.363636
vt 0.909091 0.454545
vt 0.909091 0.545455
vt 0.909091 0.636364
vt 0.909091 0.727273
vt 0.909091 0.818182
vt 0.909091 0.909091
vt 0.909091 1.000000
vt 0.020833 0.090909
vt 0.020833 0.000000
vt 0.020833 0.181818
vt 0.020833 0.272727
vt 0.020833 0.363636
vt 0.020833 0.454545
vt 0.020833 0.545455
vt 0.020833 0.636364
vt 0.020833 0.727273
vt 0.020833 0.818182
vt 0.020833 0.909091
vt 0.020833 1.000000
vt 0.041667 0.090909
vt 0.041667 0.000000
vt 0.041667 0.181818
vt 0.041667 0.272727
vt 0.041667 0.363636
vt 0.041667 0.454545
vt 0.041667 0.545455
vt 0.041667 0.636364
vt 0.041667 0.727273
vt 0.041667 0.818182
vt 0.041667 0.909091
vt 0.041667 1.000000
vt 0.062500 0.090909
vt 0.062500 0.000000
vt 0.062500 0.181818
vt 0.062500 0.272727
vt 0.062500 0.363636
vt 0.062500 0.454545
vt 0.062500 0.545455
vt 0.062500 0.636364
vt 0.062500 0.727273
vt 0.062500 0.818182
vt 0.062500 0.909091
vt 0.062500 1.000000
vt 0.083333 0.090909
vt 0.083333 0.181818
vt 0.083333 0.272727
vt 0.083333 0.363636
vt 0.083333 0.454545
vt 0.083333 0.545455
vt 0.083333 0.636364
vt 0.083333 0.727273
vt 0.083333 0.818182
vt 0.083333 0.909091
vt 0.083333 1.000000
vt 0.104167 0.090909
vt 0.104167 0.000000
vt 0.104167 0.181818
vt 0.104167 0.272727
vt 0.104167 0.363636
vt 0.104167 0.454545
vt 0.104167 0.545455
vt 0.104167 0.636364
vt 0.104167 0.727273
vt 0.104167 0.818182
vt 0.104167 0.909091
vt 0.104167 1.000000
vt 0.125000 0.090909
vt 0.125000 0.000000
vt 0.125000 0.181818
vt 0.125000 0.272727
vt 0.125000 0.363636
vt 0.125000 0.454545
vt 0.125000 0.545455
vt 0.125000 0.636364
vt 0.125000 0.727273
vt 0.125000 0.818182
vt 0.125000 0.909091
vt 0.125000 1.000000
vt 0.145833 0.090909
vt 0.145833 0.000000
vt 0.145833 0.181818
vt 0.145833 0.272727
vt 0.145833 0.363636
vt 0.145833 0.454545
vt 0.145833 0.545455
vt 0.145833 0.636364
vt 0.145833 0.727273
vt 0.145833 0.818182
vt 0.145833 0.909091
vt 0.145833 1.000000
vt 0.187500 0.090909
vt 0.187500 0.000000
vt 0.187500 0.181818
vt 0.187500 0.272727
vt 0.187500 0.363636
vt 0.187500 0.454545
vt 0.187500 0.545455
vt 0.187500 0.636364
vt 0.187500 0.727273
vt 0.187500 0.818182
vt 0.187500 0.909091
vt 0.187500 1.000000
vt 0.208333 0.090909
vt 0.208333 0.000000
vt 0.208333 0.181818
vt 0.208333 0.272727
vt 0.208333 0.363636
vt 0.208333 0.454545
vt 0.208333 0.545455
vt 0.208333 0.636364
vt 0.208333 0.727273
vt 0.208333 0.818182
vt 0.208333 0.909091
vt 0.208333 1.000000
vt 0.229167 0.090909
vt 0.229167 0.000000
vt 0.229167 0.181818
vt 0.229167 0.272727
vt 0.229167 0.363636
vt 0.229167 0.454545
vt 0.229167 0.545455
vt 0.229167 0.636364
vt 0.229167 0.727273
vt 0.229167 0.818182
vt 0.229167 0.909091
vt 0.229167 1.000000
vt 0.250000 0.090909
vt 0.250000 0.181818
vt 0.250000 0.272727
vt 0.250000 0.363636
vt 0.250000 0.454545
vt 0.250000 0.545455
vt 0.250000 0.636364
vt 0.250000 0.727273
vt 0.250000 0.818182
vt 0.250000 0.909091
vt 0.250000 1.000000
vt 0.270833 0.090909
vt 0.270833 0.000000
vt 0.270833 0.181818
vt 0.270833 0.272727
vt 0.270833 0.363636
vt 0.270833 0.454545
vt 0.270833 0.545455
vt 0.270833 0.636364
vt 0.270833 0.727273
vt 0.270833 0.818182
vt 0.270833 0.909091
vt 0.270833 1.000000
vt 0.291667 0.090909
vt 0.291667 0.000000
vt 0.291667 0.181818
vt 0.291667 0.272727
vt 0.291667 0.363636
vt 0.291667 0.454545
vt 0.291667 0.545455
vt 0.291667 0.636364
vt 0.291667 0.727273
vt 0.291667 0.818182
vt 0.291667 0.909091
vt 0.291667 1.000000
vt 0.312500 0.090909
vt 0.312500 0.000000
vt 0.312500 0.181818
vt 0.312500 0.272727
vt 0.312500 0.363636
vt 0.312500 0.454545
vt 0.312500 0.545455
vt 0.312500 0.636364
vt 0.312500 0.727273
vt 0.312500 0.818182
vt 0.312500 0.909091
vt 0.312500 1.000000
vt 0.354167 0.090909
vt 0.354167 0.000000
vt 0.354167 0.181818
vt 0.354167 0.272727
vt 0.354167 0.363636
vt 0.354167 0.454545
vt 0.354167 0.545455
vt 0.354167 0.636364
vt 0.354167 0.727273
vt 0.354167 0.818182
vt 0.354167 0.909091
vt 0.354167 1.000000
vt 0.375000 0.090909
vt 0.375000 0.000000
vt 0.375000 0.181818
vt 0.375000 0.272727
vt 0.375000 0.363636
vt 0.375000 0.454545
vt 0.375000 0.545455
vt 0.375000 0.636364
vt 0.375000 0.727273
vt 0.375000 0.818182
vt 0.375000 0.909091
vt 0.375000 1.000000
vt 0.395833 0.090909
vt 0.395833 0.000000
vt 0.395833 0.181818
vt 0.395833 0.272727
vt 0.395833 0.363636
vt 0.395833 0.454545
vt 0.395833 0.545455
vt 0.395833 0.636364
vt 0.395833 0.727273
vt 0.395833 0.818182
vt 0.395833 0.909091
vt 0.395833 1.000000
vt 0.416667 0.090909
vt 0.416667 0.181818
vt 0.416667 0.272727
vt 0.416667 0.363636
vt 0.416667 0.454545
vt 0.416667 0.545455
vt 0.416667 0.636364
vt 0.416667 0.727273
vt 0.416667 0.818182
vt 0.416667 0.909091
vt 0.416667 1.000000
vt 0.437500 0.090909
vt 0.437500 0.000000
vt 0.437500 0.181818
vt 0.437500 0.272727
vt 0.437500 0.363636
vt 0.437500 0.454545
vt 0.437500 0.545455
vt 0.437500 0.636364
vt 0.437500 0.727273
vt 0.437500 0.818182
vt 0.437500 0.909091
vt 0.437500 1.000000
vt 0.458333 0.090909
vt 0.458333 0.000000
vt 0.458333 0.181818
vt 0.458333 0.272727
vt 0.458333 0.363636
vt 0.458333 0.454545
vt 0.458333 0.545455
vt 0.458333 0.636364
vt 0.458333 0.727273
vt 0.458333 0.818182
vt 0.458333 0.909091
vt 0.458333 1.000000
vt 0.479167 0.090909
vt 0.479167 0.000000
vt 0.479167 0.181818
vt 0.479167 0.272727
vt 0.479167 0.363636
vt 0.479167 0.454545
vt 0.479167 0.545455
vt 0.479167 0.636364
vt 0.479167 0.727273
vt 0.479167 0.818182
vt 0.479167 0.909091
vt 0.479167 1.000000
vt 0.520833 0.090909
vt 0.520833 0.000000
vt 0.520833 0.181818
vt 0.520833 0.272727
vt 0.520833 0.363636
vt 0.520833 0.454545
vt 0.520833 0.545455
vt 0.520833 0.636364
vt 0.520833 0.727273
vt 0.520833 0.818182
vt 0.520833 0.909091
vt 0.520833 1.000000
vt 0.541667 0.090909
vt 0.541667 0.000000
vt 0.541667 0.181818
vt 0.541667 0.272727
vt 0.541667 0.363636
vt 0.541667 0.454545
vt 0.541667 0.545455
vt 0.541667 0.636364
vt 0.541667 0.727273
vt 0.541667 0.818182
vt 0.541667 0.909091
vt 0.541667 1.000000
vt 0.562500 0.090909
vt 0.562500 0.000000
vt 0.562500 0.181818
vt 0.562500 0.272727
vt 0.562500 0.363636
vt 0.562500 0.454545
vt 0.562500 0.545455
vt 0.562500 0.636364
vt 0.562500 0.727273
vt 0.562500 0.818182
vt 0.562500 0.909091
vt 0.562500 1.000000
vt 0.583333 0.090909
vt 0.583333 0.181818
vt 0.583333 0.272727
vt 0.583333 0.363636
vt 0.583333 0.454545
vt 0.583333 0.545455
vt 0.583333 0.636364
vt 0.583333 0.727273
vt 0.583333 0.818182
vt 0.583333 0.909091
vt 0.583333 1.000000
vt 0.604167 0.090909
vt 0.604167 0.000000
vt 0.604167 0.181818
vt 0.604167 0.272727
vt 0.604167 0.363636
vt 0.604167 0.454545
vt 0.604167 0.545455
vt 0.604167 0.636364
vt 0.604167 0.727273
vt 0.604167 0.818182
vt 0.604167 0.909091
vt 0.604167 1.000000
vt 0.625000 0.090909
vt 0.625000 0.000000
vt 0.625000 0.181818
vt 0.625000 0.272727
vt 0.625000 0.363636
vt 0.625000 0.454545
vt 0.625000 0.545455
vt 0.625000 0.636364
vt 0.625000 0.727273
vt 0.625000 0.818182
vt 0.625000 0.909091
vt 0.625000 1.000000
vt 0.645833 0.090909
vt 0.645833 0.000000
vt 0.645833 0.181818
vt 0.645833 0.272727
vt 0.645833 0.363636
vt 0.645833 0.454545
vt 0.645833 0.545455
vt 0.645833 0.636364
vt 0.645833 0.727273
vt 0.645833 0.818182
vt 0.645833 0.909091
vt 0.645833 1.000000
vt 0.687500 0.090909
vt 0.687500 0.000000
vt 0.687500 0.181818
vt 0.687500 0.272727
vt 0.687500 0.363636
vt 0.687500 0.454545
vt 0.687500 0.545455
vt 0.687500 0.636364
vt 0.687500 0.727273
vt 0.687500 0.818182
vt 0.687500 0.909091
vt 0.687500 1.000000
vt 0.708333 0.090909
vt 0.708333 0.000000
vt 0.708333 0.181818
vt 0.708333 0.272727
vt 0.708333 0.363636
vt 0.708333 0.454545
vt 0.708333 0.545455
vt 0.708333 0.636364
vt 0.708333 0.727273
vt 0.708333 0.818182
vt 0.708333 0.909091
vt 0.708333 1.000000
vt 0.729167 0.090909
vt 0.729167 0.000000
vt 0.729167 0.181818
vt 0.729167 0.272727
vt 0.729167 0.363636
vt 0.729167 0.454545
vt 0.729167 0.545455
vt 0.729167 0.636364
vt 0.729167 0.727273
vt 0.729167 0.818182
vt 0.729167 0.909091
vt 0.729167 1.000000
vt 0.750000 0.090909
vt 0.750000 0.181818
vt 0.750000 0.272727
vt 0.750000 0.363636
vt 0.750000 0.454545
vt 0.750000 0.545455
vt 0.750000 0.636364
vt 0.750000 0.727273
vt 0.750000 0.818182
vt 0.750000 0.909091
vt 0.750000 1.000000
vt 0.770833 0.090909
vt 0.770833 0.000000
vt 0.770833 0.181818
vt 0.770833 0.272727
vt 0.770833 0.363636
vt 0.770833 0.454545
vt 0.770833 0.545455
vt 0.770833 0.636364
vt 0.770833 0.727273
vt 0.770833 0.818182
vt 0.770833 0.909091
vt 0.770833 1.000000
vt 0.791667 0.090909
vt 0.791667 0.000000
vt 0.791667 0.181818
vt 0.791667 0.272727
vt 0.791667 0.363636
vt 0.791667 0.454545
vt 0.791667 0.545455
vt 0.791667 0.636364
vt 0.791667 0.727273
vt 0.791667 0.818182
vt 0.791667 0.909091
vt 0.791667 1.000000
vt 0.812500 0.090909
vt 0.812500 0.000000
vt 0.812500 0.181818
vt 0.812500 0.272727
vt 0.812500 0.363636
vt 0.812500 0.454545
vt 0.812500 0.545455
vt 0.812500 0.636364
vt 0.812500 0.727273
vt 0.812500 0.818182
vt 0.812500 0.909091
vt 0.812500 1.000000
vt 0.854167 0.090909
vt 0.854167 0.000000
vt 0.854167 0.181818
vt 0.854167 0.272727
vt 0.854167 0.363636
vt 0.854167 0.454545
vt 0.854167 0.545455
vt 0.854167 0.636364
vt 0.854167 0.727273
vt 0.854167 0.818182
vt 0.854167 0.909091
vt 0.854167 1.000000
vt 0.875000 0.090909
vt 0.875000 0.000000
vt 0.875000 0.181818
vt 0.875000 0.272727
vt 0.875000 0.363636
vt 0.875000 0.454545
vt 0.875000 0.545455
vt 0.875000 0.636364
vt 0.875000 0.727273
vt 0.875000 0.818182
vt 0.875000 0.909091
vt 0.875000 1.000000
vt 0.895833 0.090909
vt 0.895833 0.000000
vt 0.895833 0.181818
vt 0.895833 0.272727
vt 0.895833 0.363636
vt 0.895833 0.454545
vt 0.895833 0.545455
vt 0.895833 0.636364
vt 0.895833 0.727273
vt 0.895833 0.818182
vt 0.895833 0.909091
vt 0.895833 1.000000
vt 0.916667 0.090909
vt 0.916667 0.181818
vt 0.916667 0.272727
vt 0.916667 0.363636
vt 0.916667 0.454545
vt 0.916667 0.545455
vt 0.916667 0.636364
vt 0.916667 0.727273
vt 0.916667 0.818182
vt 0.916667 0.909091
vt 0.916667 1.000000
vt 0.937500 0.090909
vt 0.937500 0.000000
vt 0.937500 0.181818
vt 0.937500 0.272727
vt 0.937500 0.363636
vt 0.937500 0.454545
vt 0.937500 0.545455
vt 0.937500 0.636364
vt 0.937500 0.727273
vt 0.937500 0.818182
vt 0.937500 0.909091
vt 0.937500 1.000000
vt 0.958333 0.090909
vt 0.958333 0.000000
vt 0.958333 0.181818
vt 0.958333 0.272727
vt 0.958333 0.363636
vt 0.958333 0.454545
vt 0.958333 0.545455
vt 0.958333 0.636364
vt 0.958333 0.727273
vt 0.958333 0.818182
vt 0.958333 0.909091
vt 0.958333 1.000000
vt 0.979167 0.090909
vt 0.979167 0.000000
vt 0.979167 0.181818
vt 0.979167 0.272727
vt 0.979167 0.363636
vt 0.979167 0.454545
vt 0.979167 0.545455
vt 0.979167 0.636364
vt 0.979167 0.727273
vt 0.979167 0.818182
vt 0.979167 0.909091
vt 0.979167 1.000000
vt 0.013699 0.090909
vt 0.013699 0.000000
vt 0.013699 0.181818
vt 0.013699 0.272727
vt 0.013699 0.363636
vt 0.013699 0.454545
vt 0.013699 0.545455
vt 0.013699 0.636364
vt 0.013699 0.727273
vt 0.013699 0.818182
vt 0.013699 0.909091
vt 0.013699 1.000000
vt 0.027397 0.090909
vt 0.027397 0.000000
vt 0.027397 0.181818
vt 0.027397 0.272727
vt 0.027397 0.363636
vt 0.027397 0.454545
vt 0.027397 0.545455
vt 0.027397 0.636364
vt 0.027397 0.727273
vt 0.027397 0.818182
vt 0.027397 0.909091
vt 0.027397 1.000000
vt 0.041096 0.090909
vt 0.041096 0.000000
vt 0.041096 0.181818
vt 0.041096 0.272727
vt 0.041096 0.363636
vt 0.041096 0.454545
vt 0.041096 0.545455
vt 0.041096 0.636364
vt 0.041096 0.727273
vt 0.041096 0.818182
vt 0.041096 0.909091
vt 0.041096 1.000000
vt 0.054795 0.090909
vt 0.054795 0.000000
vt 0.054795 0.181818
vt 0.054795 0.272727
vt 0.054795 0.363636
vt 0.054795 0.454545
vt 0.054795 0.545455
vt 0.054795 0.636364
vt 0.054795 0.727273
vt 0.054795 0.818182
vt 0.054795 0.909091
vt 0.054795 1.000000
vt 0.068493 0.090909
vt 0.068493 0.000000
vt 0.068493 0.181818
vt 0.068493 0.272727
vt 0.068493 0.363636
vt 0.068493 0.454545
vt 0.068493 0.545455
vt 0.068493 0.636364
vt 0.068493 0.727273
vt 0.068493 0.818182
vt 0.068493 0.909091
vt 0.068493 1.000000
vt 0.082192 0.090909
vt 0.082192 0.000000
vt 0.082192 0.181818
vt 0.082192 0.272727
vt 0.082192 0.363636
vt 0.082192 0.454545
vt 0.082192 0.545455
vt 0.082192 0.636364
vt 0.082192 0.727273
vt 0.082192 0.818182
vt 0.082192 0.909091
vt 0.082192 1.000000
vt 0.095890 0.090909
vt 0.095890 0.000000
vt 0.095890 0.181818
vt 0.095890 0.272727
vt 0.095890 0.363636
vt 0.095890 0.454545
vt 0.095890 0.545455
vt 0.095890 0.636364
vt 0.095890 0.727273
vt 0.095890 0.818182
vt 0.095890 0.909091
vt 0.095890 1.000000
vt 0.109589 0.090909
vt 0.109589 0.000000
vt 0.109589 0.181818
vt 0.109589 0.272727
vt 0.109589 0.363636
vt 0.109589 0.454545
vt 0.109589 0.545455
vt 0.109589 0.636364
vt 0.109589 0.727273
vt 0.109589 0.818182
vt 0.109589 0.909091
vt 0.109589 1.000000
vt 0.123288 0.090909
vt 0.123288 0.000000
vt 0.123288 0.181818
vt 0.123288 0.272727
vt 0.123288 0.363636
vt 0.123288 0.454545
vt 0.123288 0.545455
vt 0.123288 0.636364
vt 0.123288 0.727273
vt 0.123288 0.818182
vt 0.123288 0.909091
vt 0.123288 1.000000
vt 0.136986 0.090909
vt 0.136986 0.000000
vt 0.136986 0.181818
vt 0.136986 0.272727
vt 0.136986 0.363636
vt 0.136986 0.454545
vt 0.136986 0.545455
vt 0.136986 0.636364
vt 0.136986 0.727273
vt 0.136986 0.818182
vt 0.136986 0.909091
vt 0.136986 1.000000
vt 0.150685 0.090909
vt 0.150685 0.000000
vt 0.150685 0.181818
vt 0.150685 0.272727
vt 0.150685 0.363636
vt 0.150685 0.454545
vt 0.150685 0.545455
vt 0.150685 0.636364
vt 0.150685 0.727273
vt 0.150685 0.818182
vt 0.150685 0.909091
vt 0.150685 1.000000
vt 0.164384 0.090909
vt 0.164384 0.000000
vt 0.164384 0.181818
vt 0.164384 0.272727
vt 0.164384 0.363636
vt 0.164384 0.454545
vt 0.164384 0.545455
vt 0.164384 0.636364
vt 0.164384 0.727273
vt 0.164384 0.818182
vt 0.164384 0.909091
vt 0.164384 1.000000
vt 0.178082 0.090909
vt 0.178082 0.000000
vt 0.178082 0.181818
vt 0.178082 0.272727
vt 0.178082 0.363636
vt 0.178082 0.454545
vt 0.178082 0.545455
vt 0.178082 0.636364
vt 0.178082 0.727273
vt 0.178082 0.818182
vt 0.178082 0.909091
vt 0.178082 1.000000
vt 0.191781 0.090909
vt 0.191781 0.000000
vt 0.191781 0.181818
vt 0.191781 0.272727
vt 0.191781 0.363636
vt 0.191781 0.454545
vt 0.191781 0.545455
vt 0.191781 0.636364
vt 0.191781 0.727273
vt 0.191781 0.818182
vt 0.191781 0.909091
vt 0.191781 1.000000
vt 0.205479 0.090909
vt 0.205479 0.000000
vt 0.205479 0.181818
vt 0.205479 0.272727
vt 0.205479 0.363636
vt 0.205479 0.454545
vt 0.205479 0.545455
vt 0.205479 0.636364
vt 0.205479 0.727273
vt 0.205479 0.818182
vt 0.205479 0.909091
vt 0.205479 1.000000
vt 0.219178 0.090909
vt 0.219178 0.000000
vt 0.219178 0.181818
vt 0.219178 0.272727
vt 0.219178 0.363636
vt 0.219178 0.454545
vt 0.219178 0.545455
vt 0.219178 0.636364
vt 0.219178 0.727273
vt 0.219178 0.818182
vt 0.219178 0.909091
vt 0.219178 1.000000
vt 0.232877 0.090909
vt 0.232877 0.000000
vt 0.232877 0.181818
vt 0.232877 0.272727
vt 0.232877 0.363636
vt 0.232877 0.454545
vt 0.232877 0.545455
vt 0.232877 0.636364
vt 0.232877 0.727273
vt 0.232877 0.818182
vt 0.232877 0.909091
vt 0.232877 1.000000
vt 0.246575 0.090909
vt 0.246575 0.000000
vt 0.246575 0.181818
vt 0.246575 0.272727
vt 0.246575 0.363636
vt 0.246575 0.454545
vt 0.246575 0.545455
vt 0.246575 0.636364
vt 0.246575 0.727273
vt 0.246575 0.818182
vt 0.246575 0.909091
vt 0.246575 1.000000
vt 0.260274 0.090909
vt 0.260274 0.000000
vt 0.260274 0.181818
vt 0.260274 0.272727
vt 0.260274 0.363636
vt 0.260274 0.454545
vt 0.260274 0.545455
vt 0.260274 0.636364
vt 0.260274 0.727273
vt 0.260274 0.818182
vt 0.260274 0.909091
vt 0.260274 1.000000
vt 0.273973 0.090909
vt 0.273973 0.000000
vt 0.273973 0.181818
vt 0.273973 0.272727
vt 0.273973 0.363636
vt 0.273973 0.454545
vt 0.273973 0.545455
vt 0.273973 0.636364
vt 0.273973 0.727273
vt 0.273973 0.818182
vt 0.273973 0.909091
vt 0.273973 1.000000
vt 0.287671 0.090909
vt 0.287671 0.000000
vt 0.287671 0.181818
vt 0.287671 0.272727
vt 0.287671 0.363636
vt 0.287671 0.454545
vt 0.287671 0.545455
vt 0.287671 0.636364
vt 0.287671 0.727273
vt 0.287671 0.818182
vt 0.287671 0.909091
vt 0.287671 1.000000
vt 0.301370 0.090909
vt 0.301370 0.000000
vt 0.301370 0.181818
vt 0.301370 0.272727
vt 0.301370 0.363636
vt 0.301370 0.454545
vt 0.301370 0.545455
vt 0.301370 0.636364
vt 0.301370 0.727273
vt 0.301370 0.818182
vt 0.301370 0.909091
vt 0.301370 1.000000
vt 0.315068 0.090909
vt 0.315068 0.000000
vt 0.315068 0.181818
vt 0.315068 0.272727
vt 0.315068 0.363636
vt 0.315068 0.454545
vt 0.315068 0.545455
vt 0.315068 0.636364
vt 0.315068 0.727273
vt 0.315068 0.818182
vt 0.315068 0.909091
vt 0.315068 1.000000
vt 0.328767 0.090909
vt 0.328767 0.000000
vt 0.328767 0.181818
vt 0.328767 0.272727
vt 0.328767 0.363636
vt 0.328767 0.454545
vt 0.328767 0.545455
vt 0.328767 0.636364
vt 0.328767 0.727273
vt 0.328767 0.818182
vt 0.328767 0.909091
vt 0.328767 1.000000
vt 0.342466 0.090909
vt 0.342466 0.000000
vt 0.342466 0.181818
vt 0.342466 0.272727
vt 0.342466 0.363636
vt 0.342466 0.454545
vt 0.342466 0.545455
vt 0.342466 0.636364
vt 0.342466 0.727273
vt 0.342466 0.818182
vt 0.342466 0.909091
vt 0.342466 1.000000
vt 0.356164 0.090909
vt 0.356164 0.000000
vt 0.356164 0.181818
vt 0.356164 0.272727
vt 0.356164 0.363636
vt 0.356164 0.454545
vt 0.356164 0.545455
vt 0.356164 0.636364
vt 0.356164 0.727273
vt 0.356164 0.818182
vt 0.356164 0.909091
vt 0.356164 1.000000
vt 0.369863 0.090909
vt 0.369863 0.000000
vt 0.369863 0.181818
vt 0.369863 0.272727
vt 0.369863 0.363636
vt 0.369863 0.454545
vt 0.369863 0.545455
vt 0.369863 0.636364
vt 0.369863 0.727273
vt 0.369863 0.818182
vt 0.369863 0.909091
vt 0.369863 1.000000
vt 0.383562 0.090909
vt 0.383562 0.000000
vt 0.383562 0.181818
vt 0.383562 0.272727
vt 0.383562 0.363636
vt 0.383562 0.454545
vt 0.383562 0.545455
vt 0.383562 0.636364
vt 0.383562 0.727273
vt 0.383562 0.818182
vt 0.383562 0.909091
vt 0.383562 1.000000
vt 0.397260 0.090909
vt 0.397260 0.000000
vt 0.397260 0.181818
vt 0.397260 0.272727
vt 0.397260 0.363636
vt 0.397260 0.454545
vt 0.397260 0.545455
vt 0.397260 0.636364
vt 0.397260 0.727273
vt 0.397260 0.818182
vt 0.397260 0.909091
vt 0.397260 1.000000
vt 0.410959 0.090909
vt 0.410959 0.000000
vt 0.410959 0.181818
vt 0.410959 0.272727
vt 0.410959 0.363636
vt 0.410959 0.454545
vt 0.410959 0.545455
vt 0.410959 0.636364
vt 0.410959 0.727273
vt 0.410959 0.818182
vt 0.410959 0.909091
vt 0.410959 1.000000
vt 0.424658 0.090909
vt 0.424658 0.000000
vt 0.424658 0.181818
vt 0.424658 0.272727
vt 0.424658 0.363636
vt 0.424658 0.454545
vt 0.424658 0.545455
vt 0.424658 0.636364
vt 0.424658 0.727273
vt 0.424658 0.818182
vt 0.424658 0.909091
vt 0.424658 1.000000
vt 0.438356 0.090909
vt 0.438356 0.000000
vt 0.438356 0.181818
vt 0.438356 0.272727
vt 0.438356 0.363636
vt 0.438356 0.454545
vt 0.438356 0.545455
vt 0.438356 0.636364
vt 0.438356 0.727273
vt 0.438356 0.818182
vt 0.438356 0.909091
vt 0.438356 1.000000
vt 0.452055 0.090909
vt 0.452055 0.000000
vt 0.452055 0.181818
vt 0.452055 0.272727
vt 0.452055 0.363636
vt 0.452055 0.454545
vt 0.452055 0.545455
vt 0.452055 0.636364
vt 0.452055 0.727273
vt 0.452055 0.818182
vt 0.452055 0.909091
vt 0.452055 1.000000
vt 0.465753 0.090909
vt 0.465753 0.000000
vt 0.465753 0.181818
vt 0.465753 0.272727
vt 0.465753 0.363636
vt 0.465753 0.454545
vt 0.465753 0.545455
vt 0.465753 0.636364
vt 0.465753 0.727273
vt 0.465753 0.818182
vt 0.465753 0.909091
vt 0.465753 1.000000
vt 0.479452 0.090909
vt 0.479452 0.000000
vt 0.479452 0.181818
vt 0.479452 0.272727
vt 0.479452 0.363636
vt 0.479452 0.454545
vt 0.479452 0.545455
vt 0.479452 0.636364
vt 0.479452 0.727273
vt 0.479452 0.818182
vt 0.479452 0.909091
vt 0.479452 1.000000
vt 0.493151 0.090909
vt 0.493151 0.000000
vt 0.493151 0.181818
vt 0.493151 0.272727
vt 0.493151 0.363636
vt 0.493151 0.454545
vt 0.493151 0.545455
vt 0.493151 0.636364
vt 0.493151 0.727273
vt 0.493151 0.818182
vt 0.493151 0.909091
vt 0.493151 1.000000
vt 0.506849 0.090909
vt 0.506849 0.000000
vt 0.506849 0.181818
vt 0.506849 0.272727
vt 0.506849 0.363636
vt 0.506849 0.454545
vt 0.506849 0.545455
vt 0.506849 0.636364
vt 0.506849 0.727273
vt 0.506849 0.818182
vt 0.506849 0.909091
vt 0.506849 1.000000
vt 0.520548 0.090909
vt 0.520548 0.000000
vt 0.520548 0.181818
vt 0.520548 0.272727
vt 0.520548 0.363636
vt 0.520548 0.454545
vt 0.520548 0.545455
vt 0.520548 0.636364
vt 0.520548 0.727273
vt 0.520548 0.818182
vt 0.520548 0.909091
vt 0.520548 1.000000
vt 0.534247 0.090909
vt 0.534247 0.000000
vt 0.534247 0.181818
vt 0.534247 0.272727
vt 0.534247 0.363636
vt 0.534247 0.454545
vt 0.534247 0.545455
vt 0.534247 0.636364
vt 0.534247 0.727273
vt 0.534247 0.818182
vt 0.534247 0.909091
vt 0.534247 1.000000
vt 0.547945 0.090909
vt 0.547945 0.000000
vt 0.547945 0.181818
vt 0.547945 0.272727
vt 0.547945 0.363636
vt 0.547945 0.454545
vt 0.547945 0.545455
vt 0.547945 0.636364
vt 0.547945 0.727273
vt 0.547945 0.818182
vt 0.547945 0.909091
vt 0.547945 1.000000
vt 0.561644 0.090909
vt 0.561644 0.000000
vt 0.561644 0.181818
vt 0.561644 0.272727
vt 0.561644 0.363636
vt 0.561644 0.454545
vt 0.561644 0.545455
vt 0.561644 0.636364
vt 0.561644 0.727273
vt 0.561644 0.818182
vt 0.561644 0.909091
vt 0.561644 1.000000
vt 0.575342 0.090909
vt 0.575342 0.000000
vt 0.575342 0.181818
vt 0.575342 0.272727
vt 0.575342 0.363636
vt 0.575342 0.454545
vt 0.575342 0.545455
vt 0.575342 0.636364
vt 0.575342 0.727273
vt 0.575342 0.818182
vt 0.575342 0.909091
vt 0.575342 1.000000
vt 0.589041 0.090909
vt 0.589041 0.000000
vt 0.589041 0.181818
vt 0.589041 0.272727
vt 0.589041 0.363636
vt 0.589041 0.454545
vt 0.589041 0.545455
vt 0.589041 0.636364
vt 0.589041 0.727273
vt 0.589041 0.818182
vt 0.589041 0.909091
vt 0.589041 1.000000
vt 0.602740 0.090909
vt 0.602740 0.000000
vt 0.602740 0.181818
vt 0.602740 0.272727
vt 0.602740 0.363636
vt 0.602740 0.454545
vt 0.602740 0.545455
vt 0.602740 0.636364
vt 0.602740 0.727273
vt 0.602740 0.818182
vt 0.602740 0.909091
vt 0.602740 1.000000
vt 0.616438 0.090909
vt 0.616438 0.000000
vt 0.616438 0.181818
vt 0.616438 0.272727
vt 0.616438 0.363636
vt 0.616438 0.454545
vt 0.616438 0.545455
vt 0.616438 0.636364
vt 0.616438 0.727273
vt 0.616438 0.818182
vt 0.616438 0.909091
vt 0.616438 1.000000
vt 0.630137 0.090909
vt 0.630137 0.000000
vt 0.630137 0.181818
vt 0.630137 0.272727
vt 0.630137 0.363636
vt 0.630137 0.454545
vt 0.630137 0.545455
vt 0.630137 0.636364
vt 0.630137 0.727273
vt 0.630137 0.818182
vt 0.630137 0.909091
vt 0.630137 1.000000
vt 0.643836 0.090909
vt 0.643836 0.000000
vt 0.643836 0.181818
vt 0.643836 0.272727
vt 0.643836 0.363636
vt 0.643836 0.454545
vt 0.643836 0.545455
vt 0.643836 0.636364
vt 0.643836 0.727273
vt 0.643836 0.818182
vt 0.643836 0.909091
vt 0.643836 1.000000
vt 0.657534 0.090909
vt 0.657534 0.000000
vt 0.657534 0.181818
vt 0.657534 0.272727
vt 0.657534 0.363636
vt 0.657534 0.454545
vt 0.657534 0.545455
vt 0.657534 0.636364
vt 0.657534 0.727273
vt 0.657534 0.818182
vt 0.657534 0.909091
vt 0.657534 1.000000
vt 0.671233 0.090909
vt 0.671233 0.000000
vt 0.671233 0.181818
vt 0.671233 0.272727
vt 0.671233 0.363636
vt 0.671233 0.454545
vt 0.671233 0.545455
vt 0.671233 0.636364
vt 0.671233 0.727273
vt 0.671233 0.818182
vt 0.671233 0.909091
vt 0.671233 1.000000
vt 0.684932 0.090909
vt 0.684932 0.000000
vt 0.684932 0.181818
vt 0.684932 0.272727
vt 0.684932 0.363636
vt 0.684932 0.454545
vt 0.684932 0.545455
vt 0.684932 0.636364
vt 0.684932 0.727273
vt 0.684932 0.818182
vt 0.684932 0.909091
vt 0.684932 1.000000
vt 0.698630 0.090909
vt 0.698630 0.000000
vt 0.698630 0.181818
vt 0.698630 0.272727
vt 0.698630 0.363636
vt 0.698630 0.454545
vt 0.698630 0.545455
vt 0.698630 0.636364
vt 0.698630 0.727273
vt 0.698630 0.818182
vt 0.698630 0.909091
vt 0.698630 1.000000
vt 0.712329 0.090909
vt 0.712329 0.000000
vt 0.712329 0.181818
vt 0.712329 0.272727
vt 0.712329 0.363636
vt 0.712329 0.454545
vt 0.712329 0.545455
vt 0.712329 0.636364
vt 0.712329 0.727273
vt 0.712329 0.818182
vt 0.712329 0.909091
vt 0.712329 1.000000
vt 0.726027 0.090909
vt 0.726027 0.000000
vt 0.726027 0.181818
vt 0.726027 0.272727
vt 0.726027 0.363636
vt 0.726027 0.454545
vt 0.726027 0.545455
vt 0.726027 0.636364
vt 0.726027 0.727273
vt 0.726027 0.818182
vt 0.726027 0.909091
vt 0.726027 1.000000
vt 0.739726 0.090909
vt 0.739726 0.000000
vt 0.739726 0.181818
vt 0.739726 0.272727
vt 0.739726 0.363636
vt 0.739726 0.454545
vt 0.739726 0.545455
vt 0.739726 0.636364
vt 0.739726 0.727273
vt 0.739726 0.818182
vt 0.739726 0.909091
vt 0.739726 1.000000
vt 0.753425 0.090909
vt 0.753425 0.000000
vt 0.753425 0.181818
vt 0.753425 0.272727
vt 0.753425 0.363636
vt 0.753425 0.454545
vt 0.753425 0.545455
vt 0.753425 0.636364
vt 0.753425 0.727273
vt 0.753425 0.818182
vt 0.753425 0.909091
vt 0.753425 1.000000
vt 0.767123 0.090909
vt 0.767123 0.000000
vt 0.767123 0.181818
vt 0.767123 0.272727
vt 0.767123 0.363636
vt 0.767123 0.454545
vt 0.767123 0.545455
vt 0.767123 0.636364
vt 0.767123 0.727273
vt 0.767123 0.818182
vt 0.767123 0.909091
vt 0.767123 1.000000
vt 0.780822 0.090909
vt 0.780822 0.000000
vt 0.780822 0.181818
vt 0.780822 0.272727
vt 0.780822 0.363636
vt 0.780822 0.454545
vt 0.780822 0.545455
vt 0.780822 0.636364
vt 0.780822 0.727273
vt 0.780822 0.818182
vt 0.780822 0.909091
vt 0.780822 1.000000
vt 0.794521 0.090909
vt 0.794521 0.000000
vt 0.794521 0.181818
vt 0.794521 0.272727
vt 0.794521 0.363636
vt 0.794521 0.454545
vt 0.794521 0.545455
vt 0.794521 0.636364
vt 0.794521 0.727273
vt 0.794521 0.818182
vt 0.794521 0.909091
vt 0.794521 1.000000
vt 0.808219 0.090909
vt 0.808219 0.000000
vt 0.808219 0.181818
vt 0.808219 0.272727
vt 0.808219 0.363636
vt 0.808219 0.454545
vt 0.808219 0.545455
vt 0.808219 0.636364
vt 0.808219 0.727273
vt 0.808219 0.818182
vt 0.808219 0.909091
vt 0.808219 1.000000
vt 0.821918 0.090909
vt 0.821918 0.000000
vt 0.821918 0.181818
vt 0.821918 0.272727
vt 0.821918 0.363636
vt 0.821918 0.454545
vt 0.821918 0.545455
vt 0.821918 0.636364
vt 0.821918 0.727273
vt 0.821918 0.818182
vt 0.821918 0.909091
vt 0.821918 1.000000
vt 0.835616 0.090909
vt 0.835616 0.000000
vt 0.835616 0.181818
vt 0.835616 0.272727
vt 0.835616 0.363636
vt 0.835616 0.454545
vt 0.835616 0.545455
vt 0.835616 0.636364
vt 0.835616 0.727273
vt 0.835616 0.818182
vt 0.835616 0.909091
vt 0.835616 1.000000
vt 0.849315 0.090909
vt 0.849315 0.000000
vt 0.849315 0.181818
vt 0.849315 0.272727
vt 0.849315 0.363636
vt 0.849315 0.454545
vt 0.849315 0.545455
vt 0.849315 0.636364
vt 0.849315 0.727273
vt 0.849315 0.818182
vt 0.849315 0.909091
vt 0.849315 1.000000
vt 0.863014 0.090909
vt 0.863014 0.000000
vt 0.863014 0.181818
vt 0.863014 0.272727
vt 0.863014 0.363636
vt 0.863014 0.454545
vt 0.863014 0.545455
vt 0.863014 0.636364
vt 0.863014 0.727273
vt 0.863014 0.818182
vt 0.863014 0.909091
vt 0.863014 1.000000
vt 0.876712 0.090909
vt 0.876712 0.000000
vt 0.876712 0.181818
vt 0.876712 0.272727
vt 0.876712 0.363636
vt 0.876712 0.454545
vt 0.876712 0.545455
vt 0.876712 0.636364
vt 0.876712 0.727273
vt 0.876712 0.818182
vt 0.876712 0.909091
vt 0.876712 1.000000
vt 0.890411 0.090909
vt 0.890411 0.000000
vt 0.890411 0.181818
vt 0.890411 0.272727
vt 0.890411 0.363636
vt 0.890411 0.454545
vt 0.890411 0.545455
vt 0.890411 0.636364
vt 0.890411 0.727273
vt 0.890411 0.818182
vt 0.890411 0.909091
vt 0.890411 1.000000
vt 0.904110 0.090909
vt 0.904110 0.000000
vt 0.904110 0.181818
vt 0.904110 0.272727
vt 0.904110 0.363636
vt 0.904110 0.454545
vt 0.904110 0.545455
vt 0.904110 0.636364
vt 0.904110 0.727273
vt 0.904110 0.818182
vt 0.904110 0.909091
vt 0.904110 1.000000
vt 0.917808 0.090909
vt 0.917808 0.000000
vt 0.917808 0.181818
vt 0.917808 0.272727
vt 0.917808 0.363636
vt 0.917808 0.454545
vt 0.917808 0.545455
vt 0.917808 0.636364
vt 0.917808 0.727273
vt 0.917808 0.818182
vt 0.917808 0.909091
vt 0.917808 1.000000
vt 0.931507 0.090909
vt 0.931507 0.000000
vt 0.931507 0.181818
vt 0.931507 0.272727
vt 0.931507 0.363636
vt 0.931507 0.454545
vt 0.931507 0.545455
vt 0.931507 0.636364
vt 0.931507 0.727273
vt 0.931507 0.818182
vt 0.931507 0.909091
vt 0.931507 1.000000
vt 0.945205 0.090909
vt 0.945205 0.000000
vt 0.945205 0.181818
vt 0.945205 0.272727
vt 0.945205 0.363636
vt 0.945205 0.454545
vt 0.945205 0.545455
vt 0.945205 0.636364
vt 0.945205 0.727273
vt 0.945205 0.818182
vt 0.945205 0.909091
vt 0.945205 1.000000
vt 0.958904 0.090909
vt 0.958904 0.000000
vt 0.958904 0.181818
vt 0.958904 0.272727
vt 0.958904 0.363636
vt 0.958904 0.454545
vt 0.958904 0.545455
vt 0.958904 0.636364
vt 0.958904 0.727273
vt 0.958904 0.818182
vt 0.958904 0.909091
vt 0.958904 1.000000
vt 0.972603 0.090909
vt 0.972603 0.000000
vt 0.972603 0.181818
vt 0.972603 0.272727
vt 0.972603 0.363636
vt 0.972603 0.454545
vt 0.972603 0.545455
vt 0.972603 0.636364
vt 0.972603 0.727273
vt 0.972603 0.818182
vt 0.972603 0.909091
vt 0.972603 1.000000
vt 0.986301 0.090909
vt 0.986301 0.000000
vt 0.986301 0.181818
vt 0.986301 0.272727
vt 0.986301 0.363636
vt 0.986301 0.454545
vt 0.986301 0.545455
vt 0.986301 0.636364
vt 0.986301 0.727273
vt 0.986301 0.818182
vt 0.986301 0.909091
vt 0.986301 1.000000
vt 0.016667 0.090909
vt 0.016667 0.000000
vt 0.016667 0.181818
vt 0.016667 0.272727
vt 0.016667 0.363636
vt 0.016667 0.454545
vt 0.016667 0.545455
vt 0.016667 0.636364
vt 0.016667 0.727273
vt 0.016667 0.818182
vt 0.016667 0.909091
vt 0.016667 1.000000
vt 0.033333 0.090909
vt 0.033333 0.000000
vt 0.033333 0.181818
vt 0.033333 0.272727
vt 0.033333 0.363636
vt 0.033333 0.454545
vt 0.033333 0.545455
vt 0.033333 0.636364
vt 0.033333 0.727273
vt 0.033333 0.818182
vt 0.033333 0.909091
vt 0.033333 1.000000
vt 0.050000 0.090909
vt 0.050000 0.000000
vt 0.050000 0.181818
vt 0.050000 0.272727
vt 0.050000 0.363636
vt 0.050000 0.454545
vt 0.050000 0.545455
vt 0.050000 0.636364
vt 0.050000 0.727273
vt 0.050000 0.818182
vt 0.050000 0.909091
vt 0.050000 1.000000
vt 0.100000 0.090909
vt 0.100000 0.181818
vt 0.100000 0.272727
vt 0.100000 0.363636
vt 0.100000 0.454545
vt 0.100000 0.545455
vt 0.100000 0.636364
vt 0.100000 0.727273
vt 0.100000 0.818182
vt 0.100000 0.909091
vt 0.100000 1.000000
vt 0.116667 0.090909
vt 0.116667 0.000000
vt 0.116667 0.181818
vt 0.116667 0.272727
vt 0.116667 0.363636
vt 0.116667 0.454545
vt 0.116667 0.545455
vt 0.116667 0.636364
vt 0.116667 0.727273
vt 0.116667 0.818182
vt 0.116667 0.909091
vt 0.116667 1.000000
vt 0.150000 0.090909
vt 0.150000 0.000000
vt 0.150000 0.181818
vt 0.150000 0.272727
vt 0.150000 0.363636
vt 0.150000 0.454545
vt 0.150000 0.545455
vt 0.150000 0.636364
vt 0.150000 0.727273
vt 0.150000 0.818182
vt 0.150000 0.909091
vt 0.150000 1.000000
vt 0.183333 0.090909
vt 0.183333 0.000000
vt 0.183333 0.181818
vt 0.183333 0.272727
vt 0.183333 0.363636
vt 0.183333 0.454545
vt 0.183333 0.545455
vt 0.183333 0.636364
vt 0.183333 0.727273
vt 0.183333 0.818182
vt 0.183333 0.909091
vt 0.183333 1.000000
vt 0.216667 0.090909
vt 0.216667 0.000000
vt 0.216667 0.181818
vt 0.216667 0.272727
vt 0.216667 0.363636
vt 0.216667 0.454545
vt 0.216667 0.545455
vt 0.216667 0.636364
vt 0.216667 0.727273
vt 0.216667 0.818182
vt 0.216667 0.909091
vt 0.216667 1.000000
vt 0.233333 0.090909
vt 0.233333 0.000000
vt 0.233333 0.181818
vt 0.233333 0.272727
vt 0.233333 0.363636
vt 0.233333 0.454545
vt 0.233333 0.545455
vt 0.233333 0.636364
vt 0.233333 0.727273
vt 0.233333 0.818182
vt 0.233333 0.909091
vt 0.233333 1.000000
vt 0.283333 0.090909
vt 0.283333 0.000000
vt 0.283333 0.181818
vt 0.283333 0.272727
vt 0.283333 0.363636
vt 0.283333 0.454545
vt 0.283333 0.545455
vt 0.283333 0.636364
vt 0.283333 0.727273
vt 0.283333 0.818182
vt 0.283333 0.909091
vt 0.283333 1.000000
vt 0.300000 0.090909
vt 0.300000 0.181818
vt 0.300000 0.272727
vt 0.300000 0.363636
vt 0.300000 0.454545
vt 0.300000 0.545455
vt 0.300000 0.636364
vt 0.300000 0.727273
vt 0.300000 0.818182
vt 0.300000 0.909091
vt 0.300000 1.000000
vt 0.316667 0.090909
vt 0.316667 0.000000
vt 0.316667 0.181818
vt 0.316667 0.272727
vt 0.316667 0.363636
vt 0.316667 0.454545
vt 0.316667 0.545455
vt 0.316667 0.636364
vt 0.316667 0.727273
vt 0.316667 0.818182
vt 0.316667 0.909091
vt 0.316667 1.000000
vt 0.350000 0.090909
vt 0.350000 0.000000
vt 0.350000 0.181818
vt 0.350000 0.272727
vt 0.350000 0.363636
vt 0.350000 0.454545
vt 0.350000 0.545455
vt 0.350000 0.636364
vt 0.350000 0.727273
vt 0.350000 0.818182
vt 0.350000 0.909091
vt 0.350000 1.000000
vt 0.366667 0.090909
vt 0.366667 0.000000
vt 0.366667 0.181818
vt 0.366667 0.272727
vt 0.366667 0.363636
vt 0.366667 0.454545
vt 0.366667 0.545455
vt 0.366667 0.636364
vt 0.366667 0.727273
vt 0.366667 0.818182
vt 0.366667 0.909091
vt 0.366667 1.000000
vt 0.383333 0.090909
vt 0.383333 0.000000
vt 0.383333 0.181818
vt 0.383333 0.272727
vt 0.383333 0.363636
vt 0.383333 0.454545
vt 0.383333 0.545455
vt 0.383333 0.636364
vt 0.383333 0.727273
vt 0.383333 0.818182
vt 0.383333 0.909091
vt 0.383333 1.000000
vt 0.433333 0.090909
vt 0.433333 0.000000
vt 0.433333 0.181818
vt 0.433333 0.272727
vt 0.433333 0.363636
vt 0.433333 0.454545
vt 0.433333 0.545455
vt 0.433333 0.636364
vt 0.433333 0.727273
vt 0.433333 0.818182
vt 0.433333 0.909091
vt 0.433333 1.000000
vt 0.450000 0.090909
vt 0.450000 0.000000
vt 0.450000 0.181818
vt 0.450000 0.272727
vt 0.450000 0.363636
vt 0.450000 0.454545
vt 0.450000 0.545455
vt 0.450000 0.636364
vt 0.450000 0.727273
vt 0.450000 0.818182
vt 0.450000 0.909091
vt 0.450000 1.000000
vt 0.483333 0.090909
vt 0.483333 0.000000
vt 0.483333 0.181818
vt 0.483333 0.272727
vt 0.483333 0.363636
vt 0.483333 0.454545
vt 0.483333 0.545455
vt 0.483333 0.636364
vt 0.483333 0.727273
vt 0.483333 0.818182
vt 0.483333 0.909091
vt 0.483333 1.000000
vt 0.516667 0.090909
vt 0.516667 0.000000
vt 0.516667 0.181818
vt 0.516667 0.272727
vt 0.516667 0.363636
vt 0.516667 0.454545
vt 0.516667 0.545455
vt 0.516667 0.636364
vt 0.516667 0.727273
vt 0.516667 0.818182
vt 0.516667 0.909091
vt 0.516667 1.000000
vt 0.550000 0.090909
vt 0.550000 0.000000
vt 0.550000 0.181818
vt 0.550000 0.272727
vt 0.550000 0.363636
vt 0.550000 0.454545
vt 0.550000 0.545455
vt 0.550000 0.636364
vt 0.550000 0.727273
vt 0.550000 0.818182
vt 0.550000 0.909091
vt 0.550000 1.000000
vt 0.566667 0.090909
vt 0.566667 0.000000
vt 0.566667 0.181818
vt 0.566667 0.272727
vt 0.566667 0.363636
vt 0.566667 0.454545
vt 0.566667 0.545455
vt 0.566667 0.636364
vt 0.566667 0.727273
vt 0.566667 0.818182
vt 0.566667 0.909091
vt 0.566667 1.000000
vt 0.616667 0.090909
vt 0.616667 0.000000
vt 0.616667 0.181818
vt 0.616667 0.272727
vt 0.616667 0.363636
vt 0.616667 0.454545
vt 0.616667 0.545455
vt 0.616667 0.636364
vt 0.616667 0.727273
vt 0.616667 0.818182
vt 0.616667 0.909091
vt 0.616667 1.000000
vt 0.633333 0.090909
vt 0.633333 0.000000
vt 0.633333 0.181818
vt 0.633333 0.272727
vt 0.633333 0.363636
vt 0.633333 0.454545
vt 0.633333 0.545455
vt 0.633333 0.636364
vt 0.633333 0.727273
vt 0.633333 0.818182
vt 0.633333 0.909091
vt 0.633333 1.000000
vt 0.650000 0.090909
vt 0.650000 0.000000
vt 0.650000 0.181818
vt 0.650000 0.272727
vt 0.650000 0.363636
vt 0.650000 0.454545
vt 0.650000 0.545455
vt 0.650000 0.636364
vt 0.650000 0.727273
vt 0.650000 0.818182
vt 0.650000 0.909091
vt 0.650000 1.000000
vt 0.683333 0.090909
vt 0.683333 0.000000
vt 0.683333 0.181818
vt 0.683333 0.272727
vt 0.683333 0.363636
vt 0.683333 0.454545
vt 0.683333 0.545455
vt 0.683333 0.636364
vt 0.683333 0.727273
vt 0.683333 0.818182
vt 0.683333 0.909091
vt 0.683333 1.000000
vt 0.700000 0.090909
vt 0.700000 0.181818
vt 0.700000 0.272727
vt 0.700000 0.363636
vt 0.700000 0.454545
vt 0.700000 0.545455
vt 0.700000 0.636364
vt 0.700000 0.727273
vt 0.700000 0.818182
vt 0.700000 0.909091
vt 0.700000 1.000000
vt 0.716667 0.090909
vt 0.716667 0.000000
vt 0.716667 0.181818
vt 0.716667 0.272727
vt 0.716667 0.363636
vt 0.716667 0.454545
vt 0.716667 0.545455
vt 0.716667 0.636364
vt 0.716667 0.727273
vt 0.716667 0.818182
vt 0.716667 0.909091
vt 0.716667 1.000000
vt 0.766667 0.090909
vt 0.766667 0.000000
vt 0.766667 0.181818
vt 0.766667 0.272727
vt 0.766667 0.363636
vt 0.766667 0.454545
vt 0.766667 0.545455
vt 0.766667 0.636364
vt 0.766667 0.727273
vt 0.766667 0.818182
vt 0.766667 0.909091
vt 0.766667 1.000000
vt 0.783333 0.090909
vt 0.783333 0.000000
vt 0.783333 0.181818
vt 0.783333 0.272727
vt 0.783333 0.363636
vt 0.783333 0.454545
vt 0.783333 0.545455
vt 0.783333 0.636364
vt 0.783333 0.727273
vt 0.783333 0.818182
vt 0.783333 0.909091
vt 0.783333 1.000000
vt 0.816667 0.090909
vt 0.816667 0.000000
vt 0.816667 0.181818
vt 0.816667 0.272727
vt 0.816667 0.363636
vt 0.816667 0.454545
vt 0.816667 0.545455
vt 0.816667 0.636364
vt 0.816667 0.727273
vt 0.816667 0.818182
vt 0.816667 0.909091
vt 0.816667 1.000000
vt 0.850000 0.090909
vt 0.850000 0.000000
vt 0.850000 0.181818
vt 0.850000 0.272727
vt 0.850000 0.363636
vt 0.850000 0.454545
vt 0.850000 0.545455
vt 0.850000 0.636364
vt 0.850000 0.727273
vt 0.850000 0.818182
vt 0.850000 0.909091
vt 0.850000 1.000000
vt 0.883333 0.090909
vt 0.883333 0.000000
vt 0.883333 0.181818
vt 0.883333 0.272727
vt 0.883333 0.363636
vt 0.883333 0.454545
vt 0.883333 0.545455
vt 0.883333 0.636364
vt 0.883333 0.727273
vt 0.883333 0.818182
vt 0.883333 0.909091
vt 0.883333 1.000000
vt 0.900000 0.090909
vt 0.900000 0.181818
vt 0.900000 0.272727
vt 0.900000 0.363636
vt 0.900000 0.454545
vt 0.900000 0.545455
vt 0.900000 0.636364
vt 0.900000 0.727273
vt 0.900000 0.818182
vt 0.900000 0.909091
vt 0.900000 1.000000
vt 0.950000 0.090909
vt 0.950000 0.000000
vt 0.950000 0.181818
vt 0.950000 0.272727
vt 0.950000 0.363636
vt 0.950000 0.454545
vt 0.950000 0.545455
vt 0.950000 0.636364
vt 0.950000 0.727273
vt 0.950000 0.818182
vt 0.950000 0.909091
vt 0.950000 1.000000
vt 0.966667 0.090909
vt 0.966667 0.000000
vt 0.966667 0.181818
vt 0.966667 0.272727
vt 0.966667 0.363636
vt 0.966667 0.454545
vt 0.966667 0.545455
vt 0.966667 0.636364
vt 0.966667 0.727273
vt 0.966667 0.818182
vt 0.966667 0.909091
vt 0.966667 1.000000
vt 0.983333 0.090909
vt 0.983333 0.000000
vt 0.983333 0.181818
vt 0.983333 0.272727
vt 0.983333 0.363636
vt 0.983333 0.454545
vt 0.983333 0.545455
vt 0.983333 0.636364
vt 0.983333 0.727273
vt 0.983333 0.818182
vt 0.983333 0.909091
vt 0.983333 1.000000
s 0
f 47/1/1 49/2/1 48/3/1
f 46/4/1 49/2/1 47/1/1
f 46/4/1 50/5/1 49/2/1
f 45/6/1 50/5/1 46/4/1
f 45/6/1 51/7/1 50/5/1
f 44/8/1 51/7/1 45/6/1
f 44/8/1 52/9/1 51/7/1
f 43/10/1 52/9/1 44/8/1
f 43/10/1 53/11/1 52/9/1
f 42/12/1 53/11/1 43/10/1
f 42/12/1 54/13/1 53/11/1
f 41/14/1 54/13/1 42/12/1
f 41/14/1 55/15/1 54/13/1
f 40/16/1 110/17/1 41/14/1
f 110/17/1 109/18/1 41/14/1
f 109/18/1 55/15/1 41/14/1
f 108/19/1 55/15/1 109/18/1
f 40/16/1 111/20/1 110/17/1
f 107/21/1 55/15/1 108/19/1
f 107/21/1 56/22/1 55/15/1
f 40/16/1 112/23/1 111/20/1
f 106/24/1 56/22/1 107/21/1
f 40/16/1 113/25/1 112/23/1
f 105/26/1 56/22/1 106/24/1
f 39/27/1 113/25/1 40/16/1
f 39/27/1 114/28/1 113/25/1
f 104/29/1 56/22/1 105/26/1
f 39/27/1 115/30/1 114/28/1
f 103/31/1 56/22/1 104/29/1
f 103/31/1 57/32/1 56/22/1
f 39/27/1 116/33/1 115/30/1
f 38/34/1 116/33/1 39/27/1
f 102/35/1 57/32/1 103/31/1
f 38/34/1 117/36/1 116/33/1
f 101/37/1 57/32/1 102/35/1
f 38/34/1 118/38/1 117/36/1
f 101/37/1 58/39/1 57/32/1
f 37/40/1 118/38/1 38/34/1
f 100/41/1 58/39/1 101/37/1
f 37/40/1 119/42/1 118/38/1
f 99/43/1 58/39/1 100/41/1
f 37/40/1 120/44/1 119/42/1
f 36/45/1 120/44/1 37/40/1
f 99/43/1 59/46/1 58/39/1
f 98/47/1 59/46/1 99/43/1
f 36/45/1 121/48/1 120/44/1
f 97/49/1 59/46/1 98/47/1
f 36/45/1 122/50/1 121/48/1
f 35/51/1 122/50/1 36/45/1
f 97/49/1 60/52/1 59/46/1
f 35/51/1 123/53/1 122/50/1
f 96/54/1 60/52/1 97/49/1
f 95/55/1 60/52/1 96/54/1
f 94/56/1 60/52/1 95/55/1
f 93/57/1 60/52/1 94/56/1
f 34/58/1 123/53/1 35/51/1
f 34/58/1 124/59/1 123/53/1
f 92/60/1 60/52/1 93/57/1
f 91/61/1 60/52/1 92/60/1
f 90/62/1 60/52/1 91/61/1
f 34/58/1 125/63/1 124/59/1
f 89/64/1 60/52/1 90/62/1
f 89/64/1 61/65/1 60/52/1
f 88/66/1 61/65/1 89/64/1
f 87/67/1 61/65/1 88/66/1
f 34/58/1 126/68/1 125/63/1
f 33/69/1 126/68/1 34/58/1
f 86/70/1 61/65/1 87/67/1
f 85/71/1 61/65/1 86/70/1
f 33/69/1 127/72/1 126/68/1
f 84/73/1 61/65/1 85/71/1
f 33/69/1 128/74/1 127/72/1
f 83/75/1 61/65/1 84/73/1
f 32/76/1 128/74/1 33/69/1
f 82/77/1 61/65/1 83/75/1
f 32/76/1 129/78/1 128/74/1
f 81/79/1 61/65/1 82/77/1
f 81/79/1 62/80/1 61/65/1
f 80/81/1 62/80/1 81/79/1
f 32/76/1 130/82/1 129/78/1
f 79/83/1 62/80/1 80/81/1
f 78/84/1 62/80/1 79/83/1
f 32/76/1 131/85/1 130/82/1
f 77/86/1 62/80/1 78/84/1
f 31/87/1 131/85/1 32/76/1
f 31/87/1 132/88/1 131/85/1
f 76/89/1 62/80/1 77/86/1
f 75/90/1 62/80/1 76/89/1
f 31/87/1 133/91/1 132/88/1
f 74/92/1 62/80/1 75/90/1
f 133/91/1 62/80/1 74/92/1
f 31/87/1 62/80/1 133/91/1
f 30/93/1 62/80/1 31/87/1
f 30/93/1 63/94/1 62/80/1
f 29/95/1 63/94/1 30/93/1
f 28/96/1 12/97/1 29/95/1
f 12/97/1 63/94/1 29/95/1
f 28/96/1 13/98/1 12/97/1
f 11/99/1 63/94/1 12/97/1
f 27/100/1 13/98/1 28/96/1
f 11/99/1 64/101/1 63/94/1
f 27/100/1 14/102/1 13/98/1
f 27/100/1 15/103/1 14/102/1
f 27/100/1 16/104/1 15/103/1
f 26/105/1 16/104/1 27/100/1
f 26/105/1 17/106/1 16/104/1
f 26/105/1 18/107/1 17/106/1
f 26/105/1 19/108/1 18/107/1
f 10/109/1 64/101/1 11/99/1
f 25/110/1 19/108/1 26/105/1
f 25/110/1 20/111/1 19/108/1
f 25/110/1 21/112/1 20/111/1
f 25/110/1 22/113/1 21/112/1
f 24/114/1 22/113/1 25/110/1
f 24/114/1 23/115/1 22/113/1
f 9/116/1 64/101/1 10/109/1
f 9/116/1 65/117/1 64/101/1
f 8/118/1 65/117/1 9/116/1
f 8/118/1 66/119/1 65/117/1
f 7/120/1 66/119/1 8/118/1
f 6/121/1 66/119/1 7/120/1
f 6/121/1 67/122/1 66/119/1
f 5/123/1 67/122/1 6/121/1
f 4/124/1 67/122/1 5/123/1
f 4/124/1 68/125/1 67/122/1
f 3/126/1 68/125/1 4/124/1
f 2/127/1 68/125/1 3/126/1
f 2/127/1 69/128/1 68/125/1
f 1/129/1 69/128/1 2/127/1
f 73/130/1 69/128/1 1/129/1
f 73/130/1 70/131/1 69/128/1
f 72/132/1 70/131/1 73/130/1
f 72/132/1 71/133/1 70/131/1
f 156/134/1 158/135/1 157/136/1
f 156/134/1 159/137/1 158/135/1
f 155/138/1 159/137/1 156/134/1
f 155/138/1 160/139/1 159/137/1
f 154/140/1 160/139/1 155/138/1
f 154/140/1 161/141/1 160/139/1
f 153/142/1 161/141/1 154/140/1
f 152/143/1 161/141/1 153/142/1
f 152/143/1 162/144/1 161/141/1
f 151/145/1 162/144/1 152/143/1
f 151/145/1 229/91/1 162/144/1
f 229/91/1 163/146/1 162/144/1
f 151/145/1 182/147/1 229/91/1
f 228/148/1 163/146/1 229/91/1
f 151/145/1 183/149/1 182/147/1
f 227/150/1 163/146/1 228/148/1
f 150/151/1 183/149/1 151/145/1
f 227/150/1 164/152/1 163/146/1
f 150/151/1 184/153/1 183/149/1
f 226/154/1 164/152/1 227/150/1
f 150/151/1 185/155/1 184/153/1
f 225/156/1 164/152/1 226/154/1
f 150/151/1 186/157/1 185/155/1
f 224/158/1 164/152/1 225/156/1
f 149/159/1 186/157/1 150/151/1
f 224/158/1 165/160/1 164/152/1
f 149/159/1 187/161/1 186/157/1
f 223/162/1 165/160/1 224/158/1
f 149/159/1 188/163/1 187/161/1
f 222/164/1 165/160/1 223/162/1
f 148/165/1 188/163/1 149/159/1
f 222/164/1 166/166/1 165/160/1
f 148/165/1 189/167/1 188/163/1
f 221/168/1 166/166/1 222/164/1
f 147/169/1 189/167/1 148/165/1
f 221/168/1 167/170/1 166/166/1
f 147/169/1 190/171/1 189/167/1
f 220/172/1 167/170/1 221/168/1
f 147/169/1 191/173/1 190/171/1
f 219/174/1 167/170/1 220/172/1
f 146/175/1 191/173/1 147/169/1
f 219/174/1 168/176/1 167/170/1
f 146/175/1 192/177/1 191/173/1
f 218/178/1 168/176/1 219/174/1
f 145/179/1 192/177/1 146/175/1
f 218/178/1 169/180/1 168/176/1
f 145/179/1 193/181/1 192/177/1
f 217/182/1 169/180/1 218/178/1
f 144/183/1 193/181/1 145/179/1
f 144/183/1 194/184/1 193/181/1
f 216/185/1 169/180/1 217/182/1
f 216/185/1 170/186/1 169/180/1
f 144/183/1 195/187/1 194/184/1
f 215/188/1 170/186/1 216/185/1
f 143/189/1 195/187/1 144/183/1
f 215/188/1 171/190/1 170/186/1
f 143/189/1 196/191/1 195/187/1
f 214/192/1 171/190/1 215/188/1
f 142/193/1 196/191/1 143/189/1
f 214/192/1 172/194/1 171/190/1
f 213/195/1 172/194/1 214/192/1
f 142/193/1 197/196/1 196/191/1
f 212/197/1 172/194/1 213/195/1
f 142/193/1 198/198/1 197/196/1
f 141/199/1 198/198/1 142/193/1
f 212/197/1 173/200/1 172/194/1
f 211/201/1 173/200/1 212/197/1
f 141/199/1 199/202/1 198/198/1
f 140/203/1 199/202/1 141/199/1
f 211/201/1 174/204/1 173/200/1
f 210/205/1 174/204/1 211/201/1
f 140/203/1 200/206/1 199/202/1
f 209/207/1 174/204/1 210/205/1
f 140/203/1 201/208/1 200/206/1
f 139/209/1 201/208/1 140/203/1
f 209/207/1 175/210/1 174/204/1
f 208/211/1 175/210/1 209/207/1
f 139/209/1 202/212/1 201/208/1
f 207/213/1 175/210/1 208/211/1
f 139/209/1 203/214/1 202/212/1
f 206/215/1 175/210/1 207/213/1
f 139/209/1 204/216/1 203/214/1
f 138/217/1 204/216/1 139/209/1
f 206/215/1 176/218/1 175/210/1
f 205/219/1 176/218/1 206/215/1
f 138/217/1 205/219/1 204/216/1
f 138/217/1 176/218/1 205/219/1
f 137/220/1 176/218/1 138/217/1
f 137/220/1 177/221/1 176/218/1
f 136/222/1 177/221/1 137/220/1
f 136/222/1 178/223/1 177/221/1
f 135/224/1 178/223/1 136/222/1
f 135/224/1 179/225/1 178/223/1
f 134/129/1 179/225/1 135/224/1
f 134/129/1 180/226/1 179/225/1
f 181/227/1 180/226/1 134/129/1
f 252/134/1 254/135/1 253/136/1
f 252/134/1 255/137/1 254/135/1
f 251/138/1 255/137/1 252/134/1
f 251/138/1 256/139/1 255/137/1
f 250/140/1 256/139/1 251/138/1
f 250/140/1 257/141/1 256/139/1
f 249/142/1 257/141/1 250/140/1
f 248/143/1 257/141/1 249/142/1
f 248/143/1 258/144/1 257/141/1
f 247/145/1 258/144/1 248/143/1
f 247/145/1 325/91/1 258/144/1
f 325/91/1 259/146/1 258/144/1
f 247/145/1 278/147/1 325/91/1
f 324/148/1 259/146/1 325/91/1
f 247/145/1 279/149/1 278/147/1
f 323/150/1 259/146/1 324/148/1
f 246/151/1 279/149/1 247/145/1
f 323/150/1 260/152/1 259/146/1
f 246/151/1 280/153/1 279/149/1
f 322/154/1 260/152/1 323/150/1
f 246/151/1 281/155/1 280/153/1
f 321/156/1 260/152/1 322/154/1
f 246/151/1 282/157/1 281/155/1
f 320/158/1 260/152/1 321/156/1
f 245/159/1 282/157/1 246/151/1
f 320/158/1 261/160/1 260/152/1
f 245/159/1 283/161/1 282/157/1
f 319/162/1 261/160/1 320/158/1
f 245/159/1 284/163/1 283/161/1
f 318/164/1 261/160/1 319/162/1
f 244/165/1 284/163/1 245/159/1
f 318/164/1 262/166/1 261/160/1
f 244/165/1 285/167/1 284/163/1
f 317/168/1 262/166/1 318/164/1
f 243/169/1 285/167/1 244/165/1
f 317/168/1 263/170/1 262/166/1
f 243/169/1 286/171/1 285/167/1
f 316/172/1 263/170/1 317/168/1
f 243/169/1 287/173/1 286/171/1
f 315/174/1 263/170/1 316/172/1
f 242/175/1 287/173/1 243/169/1
f 315/174/1 264/176/1 263/170/1
f 242/175/1 288/177/1 287/173/1
f 314/178/1 264/176/1 315/174/1
f 241/179/1 288/177/1 242/175/1
f 314/178/1 265/180/1 264/176/1
f 241/179/1 289/181/1 288/177/1
f 313/182/1 265/180/1 314/178/1
f 240/183/1 289/181/1 241/179/1
f 240/183/1 290/184/1 289/181/1
f 312/185/1 265/180/1 313/182/1
f 312/185/1 266/186/1 265/180/1
f 240/183/1 291/187/1 290/184/1
f 311/188/1 266/186/1 312/185/1
f 239/189/1 291/187/1 240/183/1
f 311/188/1 267/190/1 266/186/1
f 239/189/1 292/191/1 291/187/1
f 310/192/1 267/190/1 311/188/1
f 238/193/1 292/191/1 239/189/1
f 310/192/1 268/194/1 267/190/1
f 309/195/1 268/194/1 310/192/1
f 238/193/1 293/196/1 292/191/1
f 308/197/1 268/194/1 309/195/1
f 238/193/1 294/198/1 293/196/1
f 237/199/1 294/198/1 238/193/1
f 308/197/1 269/200/1 268/194/1
f 307/201/1 269/200/1 308/197/1
f 237/199/1 295/202/1 294/198/1
f 236/203/1 295/202/1 237/199/1
f 307/201/1 270/204/1 269/200/1
f 306/205/1 270/204/1 307/201/1
f 236/203/1 296/206/1 295/202/1
f 305/207/1 270/204/1 306/205/1
f 236/203/1 297/208/1 296/206/1
f 235/209/1 297/208/1 236/203/1
f 305/207/1 271/210/1 270/204/1
f 304/211/1 271/210/1 305/207/1
f 235/209/1 298/212/1 297/208/1
f 303/213/1 271/210/1 304/211/1
f 235/209/1 299/214/1 298/212/1
f 302/215/1 271/210/1 303/213/1
f 235/209/1 300/216/1 299/214/1
f 234/217/1 300/216/1 235/209/1
f 302/215/1 272/218/1 271/210/1
f 301/219/1 272/218/1 302/215/1
f 234/217/1 301/219/1 300/216/1
f 234/217/1 272/218/1 301/219/1
f 233/220/1 272/218/1 234/217/1
f 233/220/1 273/221/1 272/218/1
f 232/222/1 273/221/1 233/220/1
f 232/222/1 274/223/1 273/221/1
f 231/224/1 274/223/1 232/222/1
f 231/224/1 275/225/1 274/223/1
f 230/129/1 275/225/1 231/224/1
f 230/129/1 276/226/1 275/225/1
f 277/227/1 276/226/1 230/129/1
f 348/134/1 350/135/1 349/136/1
f 348/134/1 351/137/1 350/135/1
f 347/138/1 351/137/1 348/134/1
f 347/138/1 352/139/1 351/137/1
f 346/140/1 352/139/1 347/138/1
f 346/140/1 353/141/1 352/139/1
f 345/142/1 353/141/1 346/140/1
f 344/143/1 353/141/1 345/142/1
f 344/143/1 354/144/1 353/141/1
f 343/145/1 354/144/1 344/143/1
f 343/145/1 421/91/1 354/144/1
f 421/91/1 355/146/1 354/144/1
f 343/145/1 374/147/1 421/91/1
f 420/148/1 355/146/1 421/91/1
f 343/145/1 375/149/1 374/147/1
f 419/150/1 355/146/1 420/148/1
f 342/151/1 375/149/1 343/145/1
f 419/150/1 356/152/1 355/146/1
f 342/151/1 376/153/1 375/149/1
f 418/154/1 356/152/1 419/150/1
f 342/151/1 377/155/1 376/153/1
f 417/156/1 356/152/1 418/154/1
f 342/151/1 378/157/1 377/155/1
f 416/158/1 356/152/1 417/156/1
f 341/159/1 378/157/1 342/151/1
f 416/158/1 357/160/1 356/152/1
f 341/159/1 379/161/1 378/157/1
f 415/162/1 357/160/1 416/158/1
f 341/159/1 380/163/1 379/161/1
f 414/164/1 357/160/1 415/162/1
f 340/165/1 380/163/1 341/159/1
f 414/164/1 358/166/1 357/160/1
f 340/165/1 381/167/1 380/163/1
f 413/168/1 358/166/1 414/164/1
f 339/169/1 381/167/1 340/165/1
f 413/168/1 359/170/1 358/166/1
f 339/169/1 382/171/1 381/167/1
f 412/172/1 359/170/1 413/168/1
f 339/169/1 383/173/1 382/171/1
f 411/174/1 359/170/1 412/172/1
f 338/175/1 383/173/1 339/169/1
f 411/174/1 360/176/1 359/170/1
f 338/175/1 384/177/1 383/173/1
f 410/178/1 360/176/1 411/174/1
f 337/179/1 384/177/1 338/175/1
f 410/178/1 361/180/1 360/176/1
f 337/179/1 385/181/1 384/177/1
f 409/182/1 361/180/1 410/178/1
f 336/183/1 385/181/1 337/179/1
f 336/183/1 386/184/1 385/181/1
f 408/185/1 361/180/1 409/182/1
f 408/185/1 362/186/1 361/180/1
f 336/183/1 387/187/1 386/184/1
f 407/188/1 362/186/1 408/185/1
f 335/189/1 387/187/1 336/183/1
f 407/188/1 363/190/1 362/186/1
f 335/189/1 388/191/1 387/187/1
f 406/192/1 363/190/1 407/188/1
f 334/193/1 388/191/1 335/189/1
f 406/192/1 364/194/1 363/190/1
f 405/195/1 364/194/1 406/192/1
f 334/193/1 389/196/1 388/191/1
f 404/197/1 364/194/1 405/195/1
f 334/193/1 390/198/1 389/196/1
f 333/199/1 390/198/1 334/193/1
f 404/197/1 365/200/1 364/194/1
f 403/201/1 365/200/1 404/197/1
f 333/199/1 391/202/1 390/198/1
f 332/203/1 391/202/1 333/199/1
f 403/201/1 366/204/1 365/200/1
f 402/205/1 366/204/1 403/201/1
f 332/203/1 392/206/1 391/202/1
f 401/207/1 366/204/1 402/205/1
f 332/203/1 393/208/1 392/206/1
f 331/209/1 393/208/1 332/203/1
f 401/207/1 367/210/1 366/204/1
f 400/211/1 367/210/1 401/207/1
f 331/209/1 394/212/1 393/208/1
f 399/213/1 367/210/1 400/211/1
f 331/209/1 395/214/1 394/212/1
f 398/215/1 367/210/1 399/213/1
f 331/209/1 396/216/1 395/214/1
f 330/217/1 396/216/1 331/209/1
f 398/215/1 368/218/1 367/210/1
f 397/219/1 368/218/1 398/215/1
f 330/217/1 397/219/1 396/216/1
f 330/217/1 368/218/1 397/219/1
f 329/220/1 368/218/1 330/217/1
f 329/220/1 369/221/1 368/218/1
f 328/222/1 369/221/1 329/220/1
f 328/222/1 370/223/1 369/221/1
f 327/224/1 370/223/1 328/222/1
f 327/224/1 371/225/1 370/223/1
f 326/129/1 371/225/1 327/224/1
f 326/129/1 372/226/1 371/225/1
f 373/227/1 372/226/1 326/129/1
f 425/228/1 427/122/1 426/194/1
f 425/228/1 428/173/1 427/122/1
f 428/173/1 430/205/1 429/229/1
f 428/173/1 431/230/1 430/205/1
f 425/228/1 423/231/1 428/173/1
f 423/231/1 431/230/1 428/173/1
f 423/231/1 432/91/1 431/230/1
f 425/228/1 424/142/1 423/231/1
f 422/129/1 432/91/1 423/231/1
f 456/232/1 458/233/1 457/234/1
f 456/232/1 459/235/1 458/233/1
f 507/236/1 509/237/1 508/238/1
f 507/236/1 510/91/1 509/237/1
f 506/239/1 510/91/1 507/236/1
f 456/232/1 460/240/1 459/235/1
f 505/241/1 510/91/1 506/239/1
f 505/241/1 433/129/1 510/91/1
f 456/232/1 461/2/1 460/240/1
f 455/242/1 461/2/1 456/232/1
f 504/243/1 433/129/1 505/241/1
f 455/242/1 462/244/1 461/2/1
f 503/48/1 433/129/1 504/243/1
f 455/242/1 463/245/1 462/244/1
f 503/48/1 434/246/1 433/129/1
f 502/247/1 434/246/1 503/48/1
f 455/242/1 464/248/1 463/245/1
f 454/40/1 464/248/1 455/242/1
f 501/249/1 434/246/1 502/247/1
f 454/40/1 465/250/1 464/248/1
f 500/251/1 434/246/1 501/249/1
f 454/40/1 466/252/1 465/250/1
f 500/251/1 435/253/1 434/246/1
f 499/254/1 435/253/1 500/251/1
f 454/40/1 467/255/1 466/252/1
f 498/256/1 435/253/1 499/254/1
f 453/257/1 467/255/1 454/40/1
f 453/257/1 468/65/1 467/255/1
f 497/258/1 435/253/1 498/256/1
f 453/257/1 469/259/1 468/65/1
f 453/257/1 470/260/1 469/259/1
f 496/18/1 435/253/1 497/258/1
f 496/18/1 436/261/1 435/253/1
f 453/257/1 471/262/1 470/260/1
f 495/263/1 436/261/1 496/18/1
f 453/257/1 472/264/1 471/262/1
f 452/265/1 472/264/1 453/257/1
f 494/266/1 436/261/1 495/263/1
f 452/265/1 473/267/1 472/264/1
f 493/268/1 436/261/1 494/266/1
f 493/268/1 437/269/1 436/261/1
f 452/265/1 474/270/1 473/267/1
f 492/271/1 437/269/1 493/268/1
f 491/272/1 437/269/1 492/271/1
f 452/265/1 475/130/1 474/270/1
f 490/273/1 437/269/1 491/272/1
f 452/265/1 476/274/1 475/130/1
f 451/275/1 476/274/1 452/265/1
f 489/49/1 437/269/1 490/273/1
f 451/275/1 477/276/1 476/274/1
f 488/277/1 437/269/1 489/49/1
f 451/275/1 478/278/1 477/276/1
f 488/277/1 438/279/1 437/269/1
f 487/280/1 438/279/1 488/277/1
f 451/275/1 479/281/1 478/278/1
f 486/282/1 438/279/1 487/280/1
f 451/275/1 480/283/1 479/281/1
f 485/284/1 438/279/1 486/282/1
f 451/275/1 481/285/1 480/283/1
f 484/286/1 438/279/1 485/284/1
f 451/275/1 482/71/1 481/285/1
f 483/287/1 438/279/1 484/286/1
f 451/275/1 483/287/1 482/71/1
f 451/275/1 438/279/1 483/287/1
f 450/288/1 438/279/1 451/275/1
f 450/288/1 439/289/1 438/279/1
f 449/290/1 439/289/1 450/288/1
f 449/290/1 440/98/1 439/289/1
f 448/291/1 440/98/1 449/290/1
f 448/291/1 441/292/1 440/98/1
f 447/110/1 441/292/1 448/291/1
f 447/110/1 442/293/1 441/292/1
f 446/294/1 442/293/1 447/110/1
f 446/294/1 443/295/1 442/293/1
f 445/296/1 443/295/1 446/294/1
f 445/296/1 444/297/1 443/295/1
f 519/276/1 521/277/1 520/298/1
f 519/276/1 517/252/1 521/277/1
f 517/252/1 516/299/1 521/277/1
f 516/299/1 522/300/1 521/277/1
f 522/300/1 524/301/1 523/254/1
f 522/300/1 513/297/1 524/301/1
f 513/297/1 512/302/1 524/301/1
f 512/302/1 525/91/1 524/301/1
f 519/276/1 518/122/1 517/252/1
f 515/242/1 522/300/1 516/299/1
f 522/300/1 514/303/1 513/297/1
f 511/129/1 525/91/1 512/302/1
f 515/242/1 514/303/1 522/300/1
f 572/1/2 573/3/2 574/2/2
f 571/4/2 572/1/2 574/2/2
f 571/4/2 574/2/2 575/5/2
f 570/6/2 571/4/2 575/5/2
f 570/6/2 575/5/2 576/7/2
f 569/8/2 570/6/2 576/7/2
f 569/8/2 576/7/2 577/9/2
f 568/10/2 569/8/2 577/9/2
f 568/10/2 577/9/2 578/11/2
f 567/12/2 568/10/2 578/11/2
f 567/12/2 578/11/2 579/13/2
f 566/14/2 567/12/2 579/13/2
f 566/14/2 579/13/2 580/15/2
f 565/16/2 566/14/2 635/17/2
f 635/17/2 566/14/2 634/18/2
f 634/18/2 566/14/2 580/15/2
f 633/19/2 634/18/2 580/15/2
f 565/16/2 635/17/2 636/20/2
f 632/21/2 633/19/2 580/15/2
f 632/21/2 580/15/2 581/22/2
f 565/16/2 636/20/2 637/23/2
f 631/24/2 632/21/2 581/22/2
f 565/16/2 637/23/2 638/25/2
f 630/26/2 631/24/2 581/22/2
f 564/27/2 565/16/2 638/25/2
f 564/27/2 638/25/2 639/28/2
f 629/29/2 630/26/2 581/22/2
f 564/27/2 639/28/2 640/30/2
f 628/31/2 629/29/2 581/22/2
f 628/31/2 581/22/2 582/32/2
f 564/27/2 640/30/2 641/33/2
f 563/34/2 564/27/2 641/33/2
f 627/35/2 628/31/2 582/32/2
f 563/34/2 641/33/2 642/36/2
f 626/37/2 627/35/2 582/32/2
f 563/34/2 642/36/2 643/38/2
f 626/37/2 582/32/2 583/39/2
f 562/40/2 563/34/2 643/38/2
f 625/41/2 626/37/2 583/39/2
f 562/40/2 643/38/2 644/42/2
f 624/43/2 625/41/2 583/39/2
f 562/40/2 644/42/2 645/44/2
f 561/45/2 562/40/2 645/44/2
f 624/43/2 583/39/2 584/46/2
f 623/47/2 624/43/2 584/46/2
f 561/45/2 645/44/2 646/48/2
f 622/49/2 623/47/2 584/46/2
f 561/45/2 646/48/2 647/50/2
f 560/51/2 561/45/2 647/50/2
f 622/49/2 584/46/2 585/52/2
f 560/51/2 647/50/2 648/53/2
f 621/54/2 622/49/2 585/52/2
f 620/55/2 621/54/2 585/52/2
f 619/56/2 620/55/2 585/52/2
f 618/57/2 619/56/2 585/52/2
f 559/58/2 560/51/2 648/53/2
f 559/58/2 648/53/2 649/59/2
f 617/60/2 618/57/2 585/52/2
f 616/61/2 617/60/2 585/52/2
f 615/62/2 616/61/2 585/52/2
f 559/58/2 649/59/2 650/63/2
f 614/64/2 615/62/2 585/52/2
f 614/64/2 585/52/2 586/65/2
f 613/66/2 614/64/2 586/65/2
f 612/67/2 613/66/2 586/65/2
f 559/58/2 650/63/2 651/68/2
f 558/69/2 559/58/2 651/68/2
f 611/70/2 612/67/2 586/65/2
f 610/71/2 611/70/2 586/65/2
f 558/69/2 651/68/2 652/72/2
f 609/73/2 610/71/2 586/65/2
f 558/69/2 652/72/2 653/74/2
f 608/75/2 609/73/2 586/65/2
f 557/76/2 558/69/2 653/74/2
f 607/77/2 608/75/2 586/65/2
f 557/76/2 653/74/2 654/78/2
f 606/79/2 607/77/2 586/65/2
f 606/79/2 586/65/2 587/80/2
f 605/81/2 606/79/2 587/80/2
f 557/76/2 654/78/2 655/82/2
f 604/83/2 605/81/2 587/80/2
f 603/84/2 604/83/2 587/80/2
f 557/76/2 655/82/2 656/85/2
f 602/86/2 603/84/2 587/80/2
f 556/87/2 557/76/2 656/85/2
f 556/87/2 656/85/2 657/88/2
f 601/89/2 602/86/2 587/80/2
f 600/90/2 601/89/2 587/80/2
f 556/87/2 657/88/2 658/91/2
f 599/92/2 600/90/2 587/80/2
f 658/91/2 599/92/2 587/80/2
f 556/87/2 658/91/2 587/80/2
f 555/93/2 556/87/2 587/80/2
f 555/93/2 587/80/2 588/94/2
f 554/95/2 555/93/2 588/94/2
f 553/96/2 554/95/2 537/97/2
f 537/97/2 554/95/2 588/94/2
f 553/96/2 537/97/2 538/98/2
f 536/99/2 537/97/2 588/94/2
f 552/100/2 553/96/2 538/98/2
f 536/99/2 588/94/2 589/101/2
f 552/100/2 538/98/2 539/102/2
f 552/100/2 539/102/2 540/103/2
f 552/100/2 540/103/2 541/104/2
f 551/105/2 552/100/2 541/104/2
f 551/105/2 541/104/2 542/106/2
f 551/105/2 542/106/2 543/107/2
f 551/105/2 543/107/2 544/108/2
f 535/109/2 536/99/2 589/101/2
f 550/110/2 551/105/2 544/108/2
f 550/110/2 544/108/2 545/111/2
f 550/110/2 545/111/2 546/112/2
f 550/110/2 546/112/2 547/113/2
f 549/114/2 550/110/2 547/113/2
f 549/114/2 547/113/2 548/115/2
f 534/116/2 535/109/2 589/101/2
f 534/116/2 589/101/2 590/117/2
f 533/118/2 534/116/2 590/117/2
f 533/118/2 590/117/2 591/119/2
f 532/120/2 533/118/2 591/119/2
f 531/121/2 532/120/2 591/119/2
f 531/121/2 591/119/2 592/122/2
f 530/123/2 531/121/2 592/122/2
f 529/124/2 530/123/2 592/122/2
f 529/124/2 592/122/2 593/125/2
f 528/126/2 529/124/2 593/125/2
f 527/127/2 528/126/2 593/125/2
f 527/127/2 593/125/2 594/128/2
f 526/129/2 527/127/2 594/128/2
f 598/130/2 526/129/2 594/128/2
f 598/130/2 594/128/2 595/131/2
f 597/132/2 598/130/2 595/131/2
f 597/132/2 595/131/2 596/133/2
f 681/134/2 682/136/2 683/135/2
f 681/134/2 683/135/2 684/137/2
f 680/138/2 681/134/2 684/137/2
f 680/138/2 684/137/2 685/139/2
f 679/140/2 680/138/2 685/139/2
f 679/140/2 685/139/2 686/141/2
f 678/142/2 679/140/2 686/141/2
f 677/143/2 678/142/2 686/141/2
f 677/143/2 686/141/2 687/144/2
f 676/145/2 677/143/2 687/144/2
f 676/145/2 687/144/2 754/91/2
f 754/91/2 687/144/2 688/146/2
f 676/145/2 754/91/2 707/147/2
f 753/148/2 754/91/2 688/146/2
f 676/145/2 707/147/2 708/149/2
f 752/150/2 753/148/2 688/146/2
f 675/151/2 676/145/2 708/149/2
f 752/150/2 688/146/2 689/152/2
f 675/151/2 708/149/2 709/153/2
f 751/154/2 752/150/2 689/152/2
f 675/151/2 709/153/2 710/155/2
f 750/156/2 751/154/2 689/152/2
f 675/151/2 710/155/2 711/157/2
f 749/158/2 750/156/2 689/152/2
f 674/159/2 675/151/2 711/157/2
f 749/158/2 689/152/2 690/160/2
f 674/159/2 711/157/2 712/161/2
f 748/162/2 749/158/2 690/160/2
f 674/159/2 712/161/2 713/163/2
f 747/164/2 748/162/2 690/160/2
f 673/165/2 674/159/2 713/163/2
f 747/164/2 690/160/2 691/166/2
f 673/165/2 713/163/2 714/167/2
f 746/168/2 747/164/2 691/166/2
f 672/169/2 673/165/2 714/167/2
f 746/168/2 691/166/2 692/170/2
f 672/169/2 714/167/2 715/171/2
f 745/172/2 746/168/2 692/170/2
f 672/169/2 715/171/2 716/173/2
f 744/174/2 745/172/2 692/170/2
f 671/175/2 672/169/2 716/173/2
f 744/174/2 692/170/2 693/176/2
f 671/175/2 716/173/2 717/177/2
f 743/178/2 744/174/2 693/176/2
f 670/179/2 671/175/2 717/177/2
f 743/178/2 693/176/2 694/180/2
f 670/179/2 717/177/2 718/181/2
f 742/182/2 743/178/2 694/180/2
f 669/183/2 670/179/2 718/181/2
f 669/183/2 718/181/2 719/184/2
f 741/185/2 742/182/2 694/180/2
f 741/185/2 694/180/2 695/186/2
f 669/183/2 719/184/2 720/187/2
f 740/188/2 741/185/2 695/186/2
f 668/189/2 669/183/2 720/187/2
f 740/188/2 695/186/2 696/190/2
f 668/189/2 720/187/2 721/191/2
f 739/192/2 740/188/2 696/190/2
f 667/193/2 668/189/2 721/191/2
f 739/192/2 696/190/2 697/194/2
f 738/195/2 739/192/2 697/194/2
f 667/193/2 721/191/2 722/196/2
f 737/197/2 738/195/2 697/194/2
f 667/193/2 722/196/2 723/198/2
f 666/199/2 667/193/2 723/198/2
f 737/197/2 697/194/2 698/200/2
f 736/201/2 737/197/2 698/200/2
f 666/199/2 723/198/2 724/202/2
f 665/203/2 666/199/2 724/202/2
f 736/201/2 698/200/2 699/204/2
f 735/205/2 736/201/2 699/204/2
f 665/203/2 724/202/2 725/206/2
f 734/207/2 735/205/2 699/204/2
f 665/203/2 725/206/2 726/208/2
f 664/209/2 665/203/2 726/208/2
f 734/207/2 699/204/2 700/210/2
f 733/211/2 734/207/2 700/210/2
f 664/209/2 726/208/2 727/212/2
f 732/213/2 733/211/2 700/210/2
f 664/209/2 727/212/2 728/214/2
f 731/215/2 732/213/2 700/210/2
f 664/209/2 728/214/2 729/216/2
f 663/217/2 664/209/2 729/216/2
f 731/215/2 700/210/2 701/218/2
f 730/219/2 731/215/2 701/218/2
f 663/217/2 729/216/2 730/219/2
f 663/217/2 730/219/2 701/218/2
f 662/220/2 663/217/2 701/218/2
f 662/220/2 701/218/2 702/221/2
f 661/222/2 662/220/2 702/221/2
f 661/222/2 702/221/2 703/223/2
f 660/224/2 661/222/2 703/223/2
f 660/224/2 703/223/2 704/225/2
f 659/129/2 660/224/2 704/225/2
f 659/129/2 704/225/2 705/226/2
f 706/227/2 659/129/2 705/226/2
f 777/134/2 778/136/2 779/135/2
f 777/134/2 779/135/2 780/137/2
f 776/138/2 777/134/2 780/137/2
f 776/138/2 780/137/2 781/139/2
f 775/140/2 776/138/2 781/139/2
f 775/140/2 781/139/2 782/141/2
f 774/142/2 775/140/2 782/141/2
f 773/143/2 774/142/2 782/141/2
f 773/143/2 782/141/2 783/144/2
f 772/145/2 773/143/2 783/144/2
f 772/145/2 783/144/2 850/91/2
f 850/91/2 783/144/2 784/146/2
f 772/145/2 850/91/2 803/147/2
f 849/148/2 850/91/2 784/146/2
f 772/145/2 803/147/2 804/149/2
f 848/150/2 849/148/2 784/146/2
f 771/151/2 772/145/2 804/149/2
f 848/150/2 784/146/2 785/152/2
f 771/151/2 804/149/2 805/153/2
f 847/154/2 848/150/2 785/152/2
f 771/151/2 805/153/2 806/155/2
f 846/156/2 847/154/2 785/152/2
f 771/151/2 806/155/2 807/157/2
f 845/158/2 846/156/2 785/152/2
f 770/159/2 771/151/2 807/157/2
f 845/158/2 785/152/2 786/160/2
f 770/159/2 807/157/2 808/161/2
f 844/162/2 845/158/2 786/160/2
f 770/159/2 808/161/2 809/163/2
f 843/164/2 844/162/2 786/160/2
f 769/165/2 770/159/2 809/163/2
f 843/164/2 786/160/2 787/166/2
f 769/165/2 809/163/2 810/167/2
f 842/168/2 843/164/2 787/166/2
f 768/169/2 769/165/2 810/167/2
f 842/168/2 787/166/2 788/170/2
f 768/169/2 810/167/2 811/171/2
f 841/172/2 842/168/2 788/170/2
f 768/169/2 811/171/2 812/173/2
f 840/174/2 841/172/2 788/170/2
f 767/175/2 768/169/2 812/173/2
f 840/174/2 788/170/2 789/176/2
f 767/175/2 812/173/2 813/177/2
f 839/178/2 840/174/2 789/176/2
f 766/179/2 767/175/2 813/177/2
f 839/178/2 789/176/2 790/180/2
f 766/179/2 813/177/2 814/181/2
f 838/182/2 839/178/2 790/180/2
f 765/183/2 766/179/2 814/181/2
f 765/183/2 814/181/2 815/184/2
f 837/185/2 838/182/2 790/180/2
f 837/185/2 790/180/2 791/186/2
f 765/183/2 815/184/2 816/187/2
f 836/188/2 837/185/2 791/186/2
f 764/189/2 765/183/2 816/187/2
f 836/188/2 791/186/2 792/190/2
f 764/189/2 816/187/2 817/191/2
f 835/192/2 836/188/2 792/190/2
f 763/193/2 764/189/2 817/191/2
f 835/192/2 792/190/2 793/194/2
f 834/195/2 835/192/2 793/194/2
f 763/193/2 817/191/2 818/196/2
f 833/197/2 834/195/2 793/194/2
f 763/193/2 818/196/2 819/198/2
f 762/199/2 763/193/2 819/198/2
f 833/197/2 793/194/2 794/200/2
f 832/201/2 833/197/2 794/200/2
f 762/199/2 819/198/2 820/202/2
f 761/203/2 762/199/2 820/202/2
f 832/201/2 794/200/2 795/204/2
f 831/205/2 832/201/2 795/204/2
f 761/203/2 820/202/2 821/206/2
f 830/207/2 831/205/2 795/204/2
f 761/203/2 821/206/2 822/208/2
f 760/209/2 761/203/2 822/208/2
f 830/207/2 795/204/2 796/210/2
f 829/211/2 830/207/2 796/210/2
f 760/209/2 822/208/2 823/212/2
f 828/213/2 829/211/2 796/210/2
f 760/209/2 823/212/2 824/214/2
f 827/215/2 828/213/2 796/210/2
f 760/209/2 824/214/2 825/216/2
f 759/217/2 760/209/2 825/216/2
f 827/215/2 796/210/2 797/218/2
f 826/219/2 827/215/2 797/218/2
f 759/217/2 825/216/2 826/219/2
f 759/217/2 826/219/2 797/218/2
f 758/220/2 759/217/2 797/218/2
f 758/220/2 797/218/2 798/221/2
f 757/222/2 758/220/2 798/221/2
f 757/222/2 798/221/2 799/223/2
f 756/224/2 757/222/2 799/223/2
f 756/224/2 799/223/2 800/225/2
f 755/129/2 756/224/2 800/225/2
f 755/129/2 800/225/2 801/226/2
f 802/227/2 755/129/2 801/226/2
f 873/134/2 874/136/2 875/135/2
f 873/134/2 875/135/2 876/137/2
f 872/138/2 873/134/2 876/137/2
f 872/138/2 876/137/2 877/139/2
f 871/140/2 872/138/2 877/139/2
f 871/140/2 877/139/2 878/141/2
f 870/142/2 871/140/2 878/141/2
f 869/143/2 870/142/2 878/141/2
f 869/143/2 878/141/2 879/144/2
f 868/145/2 869/143/2 879/144/2
f 868/145/2 879/144/2 946/91/2
f 946/91/2 879/144/2 880/146/2
f 868/145/2 946/91/2 899/147/2
f 945/148/2 946/91/2 880/146/2
f 868/145/2 899/147/2 900/149/2
f 944/150/2 945/148/2 880/146/2
f 867/151/2 868/145/2 900/149/2
f 944/150/2 880/146/2 881/152/2
f 867/151/2 900/149/2 901/153/2
f 943/154/2 944/150/2 881/152/2
f 867/151/2 901/153/2 902/155/2
f 942/156/2 943/154/2 881/152/2
f 867/151/2 902/155/2 903/157/2
f 941/158/2 942/156/2 881/152/2
f 866/159/2 867/151/2 903/157/2
f 941/158/2 881/152/2 882/160/2
f 866/159/2 903/157/2 904/161/2
f 940/162/2 941/158/2 882/160/2
f 866/159/2 904/161/2 905/163/2
f 939/164/2 940/162/2 882/160/2
f 865/165/2 866/159/2 905/163/2
f 939/164/2 882/160/2 883/166/2
f 865/165/2 905/163/2 906/167/2
f 938/168/2 939/164/2 883/166/2
f 864/169/2 865/165/2 906/167/2
f 938/168/2 883/166/2 884/170/2
f 864/169/2 906/167/2 907/171/2
f 937/172/2 938/168/2 884/170/2
f 864/169/2 907/171/2 908/173/2
f 936/174/2 937/172/2 884/170/2
f 863/175/2 864/169/2 908/173/2
f 936/174/2 884/170/2 885/176/2
f 863/175/2 908/173/2 909/177/2
f 935/178/2 936/174/2 885/176/2
f 862/179/2 863/175/2 909/177/2
f 935/178/2 885/176/2 886/180/2
f 862/179/2 909/177/2 910/181/2
f 934/182/2 935/178/2 886/180/2
f 861/183/2 862/179/2 910/181/2
f 861/183/2 910/181/2 911/184/2
f 933/185/2 934/182/2 886/180/2
f 933/185/2 886/180/2 887/186/2
f 861/183/2 911/184/2 912/187/2
f 932/188/2 933/185/2 887/186/2
f 860/189/2 861/183/2 912/187/2
f 932/188/2 887/186/2 888/190/2
f 860/189/2 912/187/2 913/191/2
f 931/192/2 932/188/2 888/190/2
f 859/193/2 860/189/2 913/191/2
f 931/192/2 888/190/2 889/194/2
f 930/195/2 931/192/2 889/194/2
f 859/193/2 913/191/2 914/196/2
f 929/197/2 930/195/2 889/194/2
f 859/193/2 914/196/2 915/198/2
f 858/199/2 859/193/2 915/198/2
f 929/197/2 889/194/2 890/200/2
f 928/201/2 929/197/2 890/200/2
f 858/199/2 915/198/2 916/202/2
f 857/203/2 858/199/2 916/202/2
f 928/201/2 890/200/2 891/204/2
f 927/205/2 928/201/2 891/204/2
f 857/203/2 916/202/2 917/206/2
f 926/207/2 927/205/2 891/204/2
f 857/203/2 917/206/2 918/208/2
f 856/209/2 857/203/2 918/208/2
f 926/207/2 891/204/2 892/210/2
f 925/211/2 926/207/2 892/210/2
f 856/209/2 918/208/2 919/212/2
f 924/213/2 925/211/2 892/210/2
f 856/209/2 919/212/2 920/214/2
f 923/215/2 924/213/2 892/210/2
f 856/209/2 920/214/2 921/216/2
f 855/217/2 856/209/2 921/216/2
f 923/215/2 892/210/2 893/218/2
f 922/219/2 923/215/2 893/218/2
f 855/217/2 921/216/2 922/219/2
f 855/217/2 922/219/2 893/218/2
f 854/220/2 855/217/2 893/218/2
f 854/220/2 893/218/2 894/221/2
f 853/222/2 854/220/2 894/221/2
f 853/222/2 894/221/2 895/223/2
f 852/224/2 853/222/2 895/223/2
f 852/224/2 895/223/2 896/225/2
f 851/129/2 852/224/2 896/225/2
f 851/129/2 896/225/2 897/226/2
f 898/227/2 851/129/2 897/226/2
f 950/228/2 951/194/2 952/122/2
f 950/228/2 952/122/2 953/173/2
f 953/173/2 954/229/2 955/205/2
f 953/173/2 955/205/2 956/230/2
f 950/228/2 953/173/2 948/231/2
f 948/231/2 953/173/2 956/230/2
f 948/231/2 956/230/2 957/91/2
f 950/228/2 948/231/2 949/142/2
f 947/129/2 948/231/2 957/91/2
f 981/232/2 982/234/2 983/233/2
f 981/232/2 983/233/2 984/235/2
f 1032/236/2 1033/238/2 1034/237/2
f 1032/236/2 1034/237/2 1035/91/2
f 1031/239/2 1032/236/2 1035/91/2
f 981/232/2 984/235/2 985/240/2
f 1030/241/2 1031/239/2 1035/91/2
f 1030/241/2 1035/91/2 958/129/2
f 981/232/2 985/240/2 986/2/2
f 980/242/2 981/232/2 986/2/2
f 1029/243/2 1030/241/2 958/129/2
f 980/242/2 986/2/2 987/244/2
f 1028/48/2 1029/243/2 958/129/2
f 980/242/2 987/244/2 988/245/2
f 1028/48/2 958/129/2 959/246/2
f 1027/247/2 1028/48/2 959/246/2
f 980/242/2 988/245/2 989/248/2
f 979/40/2 980/242/2 989/248/2
f 1026/249/2 1027/247/2 959/246/2
f 979/40/2 989/248/2 990/250/2
f 1025/251/2 1026/249/2 959/246/2
f 979/40/2 990/250/2 991/252/2
f 1025/251/2 959/246/2 960/253/2
f 1024/254/2 1025/251/2 960/253/2
f 979/40/2 991/252/2 992/255/2
f 1023/256/2 1024/254/2 960/253/2
f 978/257/2 979/40/2 992/255/2
f 978/257/2 992/255/2 993/65/2
f 1022/258/2 1023/256/2 960/253/2
f 978/257/2 993/65/2 994/259/2
f 978/257/2 994/259/2 995/260/2
f 1021/18/2 1022/258/2 960/253/2
f 1021/18/2 960/253/2 961/261/2
f 978/257/2 995/260/2 996/262/2
f 1020/263/2 1021/18/2 961/261/2
f 978/257/2 996/262/2 997/264/2
f 977/265/2 978/257/2 997/264/2
f 1019/266/2 1020/263/2 961/261/2
f 977/265/2 997/264/2 998/267/2
f 1018/268/2 1019/266/2 961/261/2
f 1018/268/2 961/261/2 962/269/2
f 977/265/2 998/267/2 999/270/2
f 1017/271/2 1018/268/2 962/269/2
f 1016/272/2 1017/271/2 962/269/2
f 977/265/2 999/270/2 1000/130/2
f 1015/273/2 1016/272/2 962/269/2
f 977/265/2 1000/130/2 1001/274/2
f 976/275/2 977/265/2 1001/274/2
f 1014/49/2 1015/273/2 962/269/2
f 976/275/2 1001/274/2 1002/276/2
f 1013/277/2 1014/49/2 962/269/2
f 976/275/2 1002/276/2 1003/278/2
f 1013/277/2 962/269/2 963/279/2
f 1012/280/2 1013/277/2 963/279/2
f 976/275/2 1003/278/2 1004/281/2
f 1011/282/2 1012/280/2 963/279/2
f 976/275/2 1004/281/2 1005/283/2
f 1010/284/2 1011/282/2 963/279/2
f 976/275/2 1005/283/2 1006/285/2
f 1009/286/2 1010/284/2 963/279/2
f 976/275/2 1006/285/2 1007/71/2
f 1008/287/2 1009/286/2 963/279/2
f 976/275/2 1007/71/2 1008/287/2
f 976/275/2 1008/287/2 963/279/2
f 975/288/2 976/275/2 963/279/2
f 975/288/2 963/279/2 964/289/2
f 974/290/2 975/288/2 964/289/2
f 974/290/2 964/289/2 965/98/2
f 973/291/2 974/290/2 965/98/2
f 973/291/2 965/98/2 966/292/2
f 972/110/2 973/291/2 966/292/2
f 972/110/2 966/292/2 967/293/2
f 971/294/2 972/110/2 967/293/2
f 971/294/2 967/293/2 968/295/2
f 970/296/2 971/294/2 968/295/2
f 970/296/2 968/295/2 969/297/2
f 1044/276/2 1045/298/2 1046/277/2
f 1044/276/2 1046/277/2 1042/252/2
f 1042/252/2 1046/277/2 1041/299/2
f 1041/299/2 1046/277/2 1047/300/2
f 1047/300/2 1048/254/2 1049/301/2
f 1047/300/2 1049/301/2 1038/297/2
f 1038/297/2 1049/301/2 1037/302/2
f 1037/302/2 1049/301/2 1050/91/2
f 1044/276/2 1042/252/2 1043/122/2
f 1040/242/2 1041/299/2 1047/300/2
f 1047/300/2 1038/297/2 1039/303/2
f 1036/129/2 1037/302/2 1050/91/2
f 1040/242/2 1047/300/2 1039/303/2
s 1
f 1052/304/3 1064/305/4 1063/306/5 1051/129/6
f 1053/307/7 1065/308/8 1064/305/4 1052/304/3
f 1054/309/9 1066/310/10 1065/308/8 1053/307/7
f 1055/311/11 1067/312/12 1066/310/10 1054/309/9
f 1056/313/13 1068/314/14 1067/312/12 1055/311/11
f 1057/315/15 1069/316/16 1068/314/14 1056/313/13
f 1058/317/17 1070/318/18 1069/316/16 1057/315/15
f 1059/319/19 1071/320/20 1070/318/18 1058/317/17
f 1060/321/21 1072/322/22 1071/320/20 1059/319/19
f 1061/323/23 1073/324/24 1072/322/22 1060/321/21
f 1062/325/25 1074/326/5 1073/324/24 1061/323/23
f 1064/305/4 1076/327/26 1075/328/27 1063/306/5
f 1065/308/8 1077/329/28 1076/327/26 1064/305/4
f 1066/310/10 1078/330/29 1077/329/28 1065/308/8
f 1067/312/12 1079/331/30 1078/330/29 1066/310/10
f 1068/314/14 1080/332/31 1079/331/30 1067/312/12
f 1069/316/16 1081/333/32 1080/332/31 1068/314/14
f 1070/318/18 1082/334/33 1081/333/32 1069/316/16
f 1071/320/20 1083/335/34 1082/334/33 1070/318/18
f 1072/322/22 1084/336/35 1083/335/34 1071/320/20
f 1073/324/24 1085/337/36 1084/336/35 1072/322/22
f 1074/326/5 1086/338/27 1085/337/36 1073/324/24
f 1076/327/26 1088/339/37 1087/142/38 1075/328/27
f 1077/329/28 1089/340/39 1088/339/37 1076/327/26
f 1078/330/29 1090/341/40 1089/340/39 1077/329/28
f 1079/331/30 1091/342/41 1090/341/40 1078/330/29
f 1080/332/31 1092/343/42 1091/342/41 1079/331/30
f 1081/333/32 1093/344/43 1092/343/42 1080/332/31
f 1082/334/33 1094/345/44 1093/344/43 1081/333/32
f 1083/335/34 1095/346/45 1094/345/44 1082/334/33
f 1084/336/35 1096/347/46 1095/346/45 1083/335/34
f 1085/337/36 1097/348/47 1096/347/46 1084/336/35
f 1086/338/27 1098/349/48 1097/348/47 1085/337/36
f 1088/339/37 1100/350/49 1099/351/50 1087/142/38
f 1089/340/39 1101/352/51 1100/350/49 1088/339/37
f 1090/341/40 1102/353/52 1101/352/51 1089/340/39
f 1091/342/41 1103/354/53 1102/353/52 1090/341/40
f 1092/343/42 1104/355/54 1103/354/53 1091/342/41
f 1093/344/43 1105/356/55 1104/355/54 1092/343/42
f 1094/345/44 1106/357/56 1105/356/55 1093/344/43
f 1095/346/45 1107/358/57 1106/357/56 1094/345/44
f 1096/347/46 1108/359/58 1107/358/57 1095/346/45
f 1097/348/47 1109/360/59 1108/359/58 1096/347/46
f 1098/349/48 1110/361/60 1109/360/59 1097/348/47
f 1100/350/49 1112/362/61 1111/6/62 1099/351/50
f 1101/352/51 1113/363/63 1112/362/61 1100/350/49
f 1102/353/52 1114/364/64 1113/363/63 1101/352/51
f 1103/354/53 1115/365/65 1114/364/64 1102/353/52
f 1104/355/54 1116/366/66 1115/365/65 1103/354/53
f 1105/356/55 1117/367/67 1116/366/66 1104/355/54
f 1106/357/56 1118/368/68 1117/367/67 1105/356/55
f 1107/358/57 1119/369/69 1118/368/68 1106/357/56
f 1108/359/58 1120/370/70 1119/369/69 1107/358/57
f 1109/360/59 1121/371/71 1120/370/70 1108/359/58
f 1110/361/60 1122/372/62 1121/371/71 1109/360/59
f 1112/362/61 1124/373/72 1123/194/73 1111/6/62
f 1113/363/63 1125/374/74 1124/373/72 1112/362/61
f 1114/364/64 1126/375/75 1125/374/74 1113/363/63
f 1115/365/65 1127/376/76 1126/375/75 1114/364/64
f 1116/366/66 1128/377/77 1127/376/76 1115/365/65
f 1117/367/67 1129/378/78 1128/377/77 1116/366/66
f 1118/368/68 1130/379/79 1129/378/78 1117/367/67
f 1119/369/69 1131/380/80 1130/379/79 1118/368/68
f 1120/370/70 1132/381/81 1131/380/80 1119/369/69
f 1121/371/71 1133/382/82 1132/381/81 1120/370/70
f 1122/372/62 1134/383/73 1133/382/82 1121/371/71
f 1124/373/72 1136/384/83 1135/385/84 1123/194/73
f 1125/374/74 1137/386/85 1136/384/83 1124/373/72
f 1126/375/75 1138/387/86 1137/386/85 1125/374/74
f 1127/376/76 1139/388/87 1138/387/86 1126/375/75
f 1128/377/77 1140/389/88 1139/388/87 1127/376/76
f 1129/378/78 1141/390/89 1140/389/88 1128/377/77
f 1130/379/79 1142/391/90 1141/390/89 1129/378/78
f 1131/380/80 1143/392/91 1142/391/90 1130/379/79
f 1132/381/81 1144/393/92 1143/392/91 1131/380/80
f 1133/382/82 1145/394/93 1144/393/92 1132/381/81
f 1134/383/73 1146/395/94 1145/394/93 1133/382/82
f 1136/384/83 1148/396/3 1147/397/6 1135/385/84
f 1137/386/85 1149/398/7 1148/396/3 1136/384/83
f 1138/387/86 1150/399/9 1149/398/7 1137/386/85
f 1139/388/87 1151/400/95 1150/399/9 1138/387/86
f 1140/389/88 1152/401/13 1151/400/95 1139/388/87
f 1141/390/89 1153/402/15 1152/401/13 1140/389/88
f 1142/391/90 1154/403/96 1153/402/15 1141/390/89
f 1143/392/91 1155/404/19 1154/403/96 1142/391/90
f 1144/393/92 1156/405/21 1155/404/19 1143/392/91
f 1145/394/93 1157/406/23 1156/405/21 1144/393/92
f 1146/395/94 1158/407/25 1157/406/23 1145/394/93
f 1148/396/3 1160/408/97 1159/173/98 1147/397/6
f 1149/398/7 1161/409/99 1160/408/97 1148/396/3
f 1150/399/9 1162/410/100 1161/409/99 1149/398/7
f 1151/400/95 1163/411/101 1162/410/100 1150/399/9
f 1152/401/13 1164/412/102 1163/411/101 1151/400/95
f 1153/402/15 1165/413/103 1164/412/102 1152/401/13
f 1154/403/96 1166/414/104 1165/413/103 1153/402/15
f 1155/404/19 1167/415/105 1166/414/104 1154/403/96
f 1156/405/21 1168/416/106 1167/415/105 1155/404/19
f 1157/406/23 1169/417/107 1168/416/106 1156/405/21
f 1158/407/25 1170/418/108 1169/417/107 1157/406/23
f 1160/408/97 1172/419/109 1171/64/110 1159/173/98
f 1161/409/99 1173/420/111 1172/419/109 1160/408/97
f 1162/410/100 1174/421/112 1173/420/111 1161/409/99
f 1163/411/101 1175/422/113 1174/421/112 1162/410/100
f 1164/412/102 1176/423/114 1175/422/113 1163/411/101
f 1165/413/103 1177/424/115 1176/423/114 1164/412/102
f 1166/414/104 1178/425/116 1177/424/115 1165/413/103
f 1167/415/105 1179/426/117 1178/425/116 1166/414/104
f 1168/416/106 1180/427/118 1179/426/117 1167/415/105
f 1169/417/107 1181/428/119 1180/427/118 1168/416/106
f 1170/418/108 1182/429/120 1181/428/119 1169/417/107
f 1172/419/109 1184/430/121 1183/431/122 1171/64/110
f 1173/420/111 1185/432/123 1184/430/121 1172/419/109
f 1174/421/112 1186/433/124 1185/432/123 1173/420/111
f 1175/422/113 1187/434/125 1186/433/124 1174/421/112
f 1176/423/114 1188/435/126 1187/434/125 1175/422/113
f 1177/424/115 1189/436/127 1188/435/126 1176/423/114
f 1178/425/116 1190/437/128 1189/436/127 1177/424/115
f 1179/426/117 1191/438/129 1190/437/128 1178/425/116
f 1180/427/118 1192/439/130 1191/438/129 1179/426/117
f 1181/428/119 1193/440/131 1192/439/130 1180/427/118
f 1182/429/120 1194/441/132 1193/440/131 1181/428/119
f 1184/430/121 1196/442/133 1195/205/134 1183/431/122
f 1185/432/123 1197/443/135 1196/442/133 1184/430/121
f 1186/433/124 1198/444/136 1197/443/135 1185/432/123
f 1187/434/125 1199/445/137 1198/444/136 1186/433/124
f 1188/435/126 1200/446/138 1199/445/137 1187/434/125
f 1189/436/127 1201/447/139 1200/446/138 1188/435/126
f 1190/437/128 1202/448/140 1201/447/139 1189/436/127
f 1191/438/129 1203/449/141 1202/448/140 1190/437/128
f 1192/439/130 1204/450/142 1203/449/141 1191/438/129
f 1193/440/131 1205/451/143 1204/450/142 1192/439/130
f 1194/441/132 1206/452/144 1205/451/143 1193/440/131
f 1196/442/133 1208/453/145 1207/454/146 1195/205/134
f 1197/443/135 1209/455/147 1208/453/145 1196/442/133
f 1198/444/136 1210/456/148 1209/455/147 1197/443/135
f 1199/445/137 1211/457/149 1210/456/148 1198/444/136
f 1200/446/138 1212/458/150 1211/457/149 1199/445/137
f 1201/447/139 1213/459/151 1212/458/150 1200/446/138
f 1202/448/140 1214/460/152 1213/459/151 1201/447/139
f 1203/449/141 1215/461/153 1214/460/152 1202/448/140
f 1204/450/142 1216/462/154 1215/461/153 1203/449/141
f 1205/451/143 1217/463/155 1216/462/154 1204/450/142
f 1206/452/144 1218/464/156 1217/463/155 1205/451/143
f 1208/453/145 1220/465/83 1219/466/84 1207/454/146
f 1209/455/147 1221/467/85 1220/465/83 1208/453/145
f 1210/456/148 1222/468/86 1221/467/85 1209/455/147
f 1211/457/149 1223/469/157 1222/468/86 1210/456/148
f 1212/458/150 1224/470/88 1223/469/157 1211/457/149
f 1213/459/151 1225/471/89 1224/470/88 1212/458/150
f 1214/460/152 1226/472/158 1225/471/89 1213/459/151
f 1215/461/153 1227/473/91 1226/472/158 1214/460/152
f 1216/462/154 1228/474/92 1227/473/91 1215/461/153
f 1217/463/155 1229/475/93 1228/474/92 1216/462/154
f 1218/464/156 1230/476/94 1229/475/93 1217/463/155
f 1220/465/83 1052/477/3 1051/91/6 1219/466/84
f 1221/467/85 1053/478/7 1052/477/3 1220/465/83
f 1222/468/86 1054/479/9 1053/478/7 1221/467/85
f 1223/469/157 1055/480/11 1054/479/9 1222/468/86
f 1224/470/88 1056/481/13 1055/480/11 1223/469/157
f 1225/471/89 1057/482/15 1056/481/13 1224/470/88
f 1226/472/158 1058/483/17 1057/482/15 1225/471/89
f 1227/473/91 1059/484/19 1058/483/17 1226/472/158
f 1228/474/92 1060/485/21 1059/484/19 1227/473/91
f 1229/475/93 1061/486/23 1060/485/21 1228/474/92
f 1230/476/94 1062/487/25 1061/486/23 1229/475/93
f 1232/304/159 1244/488/160 1243/489/161 1231/129/162
f 1233/307/163 1245/490/164 1244/488/160 1232/304/159
f 1234/309/165 1246/491/166 1245/490/164 1233/307/163
f 1235/311/167 1247/492/168 1246/491/166 1234/309/165
f 1236/313/169 1248/493/170 1247/492/168 1235/311/167
f 1237/315/171 1249/494/172 1248/493/170 1236/313/169
f 1238/317/173 1250/495/174 1249/494/172 1237/315/171
f 1239/319/175 1251/496/176 1250/495/174 1238/317/173
f 1240/321/177 1252/497/178 1251/496/176 1239/319/175
f 1241/323/179 1253/498/180 1252/497/178 1240/321/177
f 1242/325/181 1254/499/182 1253/498/180 1241/323/179
f 1244/488/160 1256/500/183 1255/501/184 1243/489/161
f 1245/490/164 1257/502/185 1256/500/183 1244/488/160
f 1246/491/166 1258/503/186 1257/502/185 1245/490/164
f 1247/492/168 1259/504/187 1258/503/186 1246/491/166
f 1248/493/170 1260/505/188 1259/504/187 1247/492/168
f 1249/494/172 1261/506/189 1260/505/188 1248/493/170
f 1250/495/174 1262/507/190 1261/506/189 1249/494/172
f 1251/496/176 1263/508/191 1262/507/190 1250/495/174
f 1252/497/178 1264/509/192 1263/508/191 1251/496/176
f 1253/498/180 1265/510/193 1264/509/192 1252/497/178
f 1254/499/182 1266/511/194 1265/510/193 1253/498/180
f 1256/500/183 1268/512/195 1267/513/196 1255/501/184
f 1257/502/185 1269/514/197 1268/512/195 1256/500/183
f 1258/503/186 1270/515/198 1269/514/197 1257/502/185
f 1259/504/187 1271/516/199 1270/515/198 1258/503/186
f 1260/505/188 1272/517/200 1271/516/199 1259/504/187
f 1261/506/189 1273/518/201 1272/517/200 1260/505/188
f 1262/507/190 1274/519/202 1273/518/201 1261/506/189
f 1263/508/191 1275/520/203 1274/519/202 1262/507/190
f 1264/509/192 1276/521/204 1275/520/203 1263/508/191
f 1265/510/193 1277/522/205 1276/521/204 1264/509/192
f 1266/511/194 1278/523/206 1277/522/205 1265/510/193
f 1268/512/195 1280/524/207 1279/525/208 1267/513/196
f 1269/514/197 1281/526/209 1280/524/207 1268/512/195
f 1270/515/198 1282/527/210 1281/526/209 1269/514/197
f 1271/516/199 1283/528/211 1282/527/210 1270/515/198
f 1272/517/200 1284/529/212 1283/528/211 1271/516/199
f 1273/518/201 1285/530/213 1284/529/212 1272/517/200
f 1274/519/202 1286/531/214 1285/530/213 1273/518/201
f 1275/520/203 1287/532/215 1286/531/214 1274/519/202
f 1276/521/204 1288/533/216 1287/532/215 1275/520/203
f 1277/522/205 1289/534/217 1288/533/216 1276/521/204
f 1278/523/206 1290/535/218 1289/534/217 1277/522/205
f 1280/524/207 1292/536/219 1291/537/220 1279/525/208
f 1281/526/209 1293/538/221 1292/536/219 1280/524/207
f 1282/527/210 1294/539/222 1293/538/221 1281/526/209
f 1283/528/211 1295/540/223 1294/539/222 1282/527/210
f 1284/529/212 1296/541/224 1295/540/223 1283/528/211
f 1285/530/213 1297/542/225 1296/541/224 1284/529/212
f 1286/531/214 1298/543/226 1297/542/225 1285/530/213
f 1287/532/215 1299/544/227 1298/543/226 1286/531/214
f 1288/533/216 1300/545/228 1299/544/227 1287/532/215
f 1289/534/217 1301/546/229 1300/545/228 1288/533/216
f 1290/535/218 1302/547/230 1301/546/229 1289/534/217
f 1292/536/219 1304/548/231 1303/549/232 1291/537/220
f 1293/538/221 1305/550/233 1304/548/231 1292/536/219
f 1294/539/222 1306/551/234 1305/550/233 1293/538/221
f 1295/540/223 1307/552/235 1306/551/234 1294/539/222
f 1296/541/224 1308/553/236 1307/552/235 1295/540/223
f 1297/542/225 1309/554/237 1308/553/236 1296/541/224
f 1298/543/226 1310/555/238 1309/554/237 1297/542/225
f 1299/544/227 1311/556/239 1310/555/238 1298/543/226
f 1300/545/228 1312/557/240 1311/556/239 1299/544/227
f 1301/546/229 1313/558/241 1312/557/240 1300/545/228
f 1302/547/230 1314/559/242 1313/558/241 1301/546/229
f 1304/548/231 1316/560/243 1315/561/244 1303/549/232
f 1305/550/233 1317/562/245 1316/560/243 1304/548/231
f 1306/551/234 1318/563/246 1317/562/245 1305/550/233
f 1307/552/235 1319/564/247 1318/563/246 1306/551/234
f 1308/553/236 1320/565/248 1319/564/247 1307/552/235
f 1309/554/237 1321/566/249 1320/565/248 1308/553/236
f 1310/555/238 1322/567/250 1321/566/249 1309/554/237
f 1311/556/239 1323/568/251 1322/567/250 1310/555/238
f 1312/557/240 1324/569/252 1323/568/251 1311/556/239
f 1313/558/241 1325/570/253 1324/569/252 1312/557/240
f 1314/559/242 1326/571/254 1325/570/253 1313/558/241
f 1316/560/243 1328/572/255 1327/573/256 1315/561/244
f 1317/562/245 1329/574/257 1328/572/255 1316/560/243
f 1318/563/246 1330/575/258 1329/574/257 1317/562/245
f 1319/564/247 1331/576/259 1330/575/258 1318/563/246
f 1320/565/248 1332/577/260 1331/576/259 1319/564/247
f 1321/566/249 1333/578/261 1332/577/260 1320/565/248
f 1322/567/250 1334/579/262 1333/578/261 1321/566/249
f 1323/568/251 1335/580/263 1334/579/262 1322/567/250
f 1324/569/252 1336/581/264 1335/580/263 1323/568/251
f 1325/570/253 1337/582/265 1336/581/264 1324/569/252
f 1326/571/254 1338/583/266 1337/582/265 1325/570/253
f 1328/572/255 1340/584/267 1339/585/268 1327/573/256
f 1329/574/257 1341/586/269 1340/584/267 1328/572/255
f 1330/575/258 1342/587/270 1341/586/269 1329/574/257
f 1331/576/259 1343/588/271 1342/587/270 1330/575/258
f 1332/577/260 1344/589/272 1343/588/271 1331/576/259
f 1333/578/261 1345/590/273 1344/589/272 1332/577/260
f 1334/579/262 1346/591/274 1345/590/273 1333/578/261
f 1335/580/263 1347/592/275 1346/591/274 1334/579/262
f 1336/581/264 1348/593/276 1347/592/275 1335/580/263
f 1337/582/265 1349/594/277 1348/593/276 1336/581/264
f 1338/583/266 1350/595/278 1349/594/277 1337/582/265
f 1340/584/267 1352/596/279 1351/597/280 1339/585/268
f 1341/586/269 1353/598/281 1352/596/279 1340/584/267
f 1342/587/270 1354/599/282 1353/598/281 1341/586/269
f 1343/588/271 1355/600/283 1354/599/282 1342/587/270
f 1344/589/272 1356/601/284 1355/600/283 1343/588/271
f 1345/590/273 1357/602/285 1356/601/284 1344/589/272
f 1346/591/274 1358/603/286 1357/602/285 1345/590/273
f 1347/592/275 1359/604/287 1358/603/286 1346/591/274
f 1348/593/276 1360/605/288 1359/604/287 1347/592/275
f 1349/594/277 1361/606/289 1360/605/288 1348/593/276
f 1350/595/278 1362/607/290 1361/606/289 1349/594/277
f 1352/596/279 1364/608/291 1363/609/292 1351/597/280
f 1353/598/281 1365/610/293 1364/608/291 1352/596/279
f 1354/599/282 1366/611/294 1365/610/293 1353/598/281
f 1355/600/283 1367/612/295 1366/611/294 1354/599/282
f 1356/601/284 1368/613/296 1367/612/295 1355/600/283
f 1357/602/285 1369/614/297 1368/613/296 1356/601/284
f 1358/603/286 1370/615/298 1369/614/297 1357/602/285
f 1359/604/287 1371/616/299 1370/615/298 1358/603/286
f 1360/605/288 1372/617/300 1371/616/299 1359/604/287
f 1361/606/289 1373/618/301 1372/617/300 1360/605/288
f 1362/607/290 1374/619/302 1373/618/301 1361/606/289
f 1364/608/291 1376/620/303 1375/621/304 1363/609/292
f 1365/610/293 1377/622/305 1376/620/303 1364/608/291
f 1366/611/294 1378/623/306 1377/622/305 1365/610/293
f 1367/612/295 1379/624/307 1378/623/306 1366/611/294
f 1368/613/296 1380/625/308 1379/624/307 1367/612/295
f 1369/614/297 1381/626/309 1380/625/308 1368/613/296
f 1370/615/298 1382/627/310 1381/626/309 1369/614/297
f 1371/616/299 1383/628/311 1382/627/310 1370/615/298
f 1372/617/300 1384/629/312 1383/628/311 1371/616/299
f 1373/618/301 1385/630/313 1384/629/312 1372/617/300
f 1374/619/302 1386/631/314 1385/630/313 1373/618/301
f 1376/620/303 1388/632/315 1387/115/316 1375/621/304
f 1377/622/305 1389/633/317 1388/632/315 1376/620/303
f 1378/623/306 1390/634/318 1389/633/317 1377/622/305
f 1379/624/307 1391/635/319 1390/634/318 1378/623/306
f 1380/625/308 1392/636/320 1391/635/319 1379/624/307
f 1381/626/309 1393/637/321 1392/636/320 1380/625/308
f 1382/627/310 1394/638/322 1393/637/321 1381/626/309
f 1383/628/311 1395/639/323 1394/638/322 1382/627/310
f 1384/629/312 1396/640/324 1395/639/323 1383/628/311
f 1385/630/313 1397/641/325 1396/640/324 1384/629/312
f 1386/631/314 1398/642/326 1397/641/325 1385/630/313
f 1388/632/315 1400/643/327 1399/644/328 1387/115/316
f 1389/633/317 1401/645/329 1400/643/327 1388/632/315
f 1390/634/318 1402/646/330 1401/645/329 1389/633/317
f 1391/635/319 1403/647/331 1402/646/330 1390/634/318
f 1392/636/320 1404/648/332 1403/647/331 1391/635/319
f 1393/637/321 1405/649/333 1404/648/332 1392/636/320
f 1394/638/322 1406/650/334 1405/649/333 1393/637/321
f 1395/639/323 1407/651/335 1406/650/334 1394/638/322
f 1396/640/324 1408/652/336 1407/651/335 1395/639/323
f 1397/641/325 1409/653/337 1408/652/336 1396/640/324
f 1398/642/326 1410/654/338 1409/653/337 1397/641/325
f 1400/643/327 1412/655/339 1411/656/340 1399/644/328
f 1401/645/329 1413/657/341 1412/655/339 1400/643/327
f 1402/646/330 1414/658/342 1413/657/341 1401/645/329
f 1403/647/331 1415/659/343 1414/658/342 1402/646/330
f 1404/648/332 1416/660/344 1415/659/343 1403/647/331
f 1405/649/333 1417/661/345 1416/660/344 1404/648/332
f 1406/650/334 1418/662/346 1417/661/345 1405/649/333
f 1407/651/335 1419/663/347 1418/662/346 1406/650/334
f 1408/652/336 1420/664/348 1419/663/347 1407/651/335
f 1409/653/337 1421/665/349 1420/664/348 1408/652/336
f 1410/654/338 1422/666/350 1421/665/349 1409/653/337
f 1412/655/339 1424/667/351 1423/668/352 1411/656/340
f 1413/657/341 1425/669/353 1424/667/351 1412/655/339
f 1414/658/342 1426/670/354 1425/669/353 1413/657/341
f 1415/659/343 1427/671/355 1426/670/354 1414/658/342
f 1416/660/344 1428/672/356 1427/671/355 1415/659/343
f 1417/661/345 1429/673/357 1428/672/356 1416/660/344
f 1418/662/346 1430/674/358 1429/673/357 1417/661/345
f 1419/663/347 1431/675/359 1430/674/358 1418/662/346
f 1420/664/348 1432/676/360 1431/675/359 1419/663/347
f 1421/665/349 1433/677/361 1432/676/360 1420/664/348
f 1422/666/350 1434/678/362 1433/677/361 1421/665/349
f 1424/667/351 1436/679/363 1435/680/364 1423/668/352
f 1425/669/353 1437/681/365 1436/679/363 1424/667/351
f 1426/670/354 1438/682/366 1437/681/365 1425/669/353
f 1427/671/355 1439/683/367 1438/682/366 1426/670/354
f 1428/672/356 1440/684/368 1439/683/367 1427/671/355
f 1429/673/357 1441/685/369 1440/684/368 1428/672/356
f 1430/674/358 1442/686/370 1441/685/369 1429/673/357
f 1431/675/359 1443/687/371 1442/686/370 1430/674/358
f 1432/676/360 1444/688/372 1443/687/371 1431/675/359
f 1433/677/361 1445/689/373 1444/688/372 1432/676/360
f 1434/678/362 1446/690/374 1445/689/373 1433/677/361
f 1436/679/363 1448/691/375 1447/692/376 1435/680/364
f 1437/681/365 1449/693/377 1448/691/375 1436/679/363
f 1438/682/366 1450/694/378 1449/693/377 1437/681/365
f 1439/683/367 1451/695/379 1450/694/378 1438/682/366
f 1440/684/368 1452/696/380 1451/695/379 1439/683/367
f 1441/685/369 1453/697/381 1452/696/380 1440/684/368
f 1442/686/370 1454/698/382 1453/697/381 1441/685/369
f 1443/687/371 1455/699/383 1454/698/382 1442/686/370
f 1444/688/372 1456/700/384 1455/699/383 1443/687/371
f 1445/689/373 1457/701/385 1456/700/384 1444/688/372
f 1446/690/374 1458/702/386 1457/701/385 1445/689/373
f 1448/691/375 1460/703/387 1459/704/388 1447/692/376
f 1449/693/377 1461/705/389 1460/703/387 1448/691/375
f 1450/694/378 1462/706/390 1461/705/389 1449/693/377
f 1451/695/379 1463/707/391 1462/706/390 1450/694/378
f 1452/696/380 1464/708/392 1463/707/391 1451/695/379
f 1453/697/381 1465/709/393 1464/708/392 1452/696/380
f 1454/698/382 1466/710/394 1465/709/393 1453/697/381
f 1455/699/383 1467/711/395 1466/710/394 1454/698/382
f 1456/700/384 1468/712/396 1467/711/395 1455/699/383
f 1457/701/385 1469/713/397 1468/712/396 1456/700/384
f 1458/702/386 1470/714/398 1469/713/397 1457/701/385
f 1460/703/387 1472/715/399 1471/716/400 1459/704/388
f 1461/705/389 1473/717/401 1472/715/399 1460/703/387
f 1462/706/390 1474/718/402 1473/717/401 1461/705/389
f 1463/707/391 1475/719/403 1474/718/402 1462/706/390
f 1464/708/392 1476/720/404 1475/719/403 1463/707/391
f 1465/709/393 1477/721/405 1476/720/404 1464/708/392
f 1466/710/394 1478/722/406 1477/721/405 1465/709/393
f 1467/711/395 1479/723/407 1478/722/406 1466/710/394
f 1468/712/396 1480/724/408 1479/723/407 1467/711/395
f 1469/713/397 1481/725/409 1480/724/408 1468/712/396
f 1470/714/398 1482/726/410 1481/725/409 1469/713/397
f 1472/715/399 1484/727/411 1483/728/412 1471/716/400
f 1473/717/401 1485/729/413 1484/727/411 1472/715/399
f 1474/718/402 1486/730/414 1485/729/413 1473/717/401
f 1475/719/403 1487/731/415 1486/730/414 1474/718/402
f 1476/720/404 1488/732/416 1487/731/415 1475/719/403
f 1477/721/405 1489/733/417 1488/732/416 1476/720/404
f 1478/722/406 1490/734/418 1489/733/417 1477/721/405
f 1479/723/407 1491/735/419 1490/734/418 1478/722/406
f 1480/724/408 1492/736/420 1491/735/419 1479/723/407
f 1481/725/409 1493/737/421 1492/736/420 1480/724/408
f 1482/726/410 1494/738/422 1493/737/421 1481/725/409
f 1484/727/411 1496/739/423 1495/740/424 1483/728/412
f 1485/729/413 1497/741/425 1496/739/423 1484/727/411
f 1486/730/414 1498/742/426 1497/741/425 1485/729/413
f 1487/731/415 1499/743/427 1498/742/426 1486/730/414
f 1488/732/416 1500/744/428 1499/743/427 1487/731/415
f 1489/733/417 1501/745/429 1500/744/428 1488/732/416
f 1490/734/418 1502/746/430 1501/745/429 1489/733/417
f 1491/735/419 1503/747/431 1502/746/430 1490/734/418
f 1492/736/420 1504/748/432 1503/747/431 1491/735/419
f 1493/737/421 1505/749/433 1504/748/432 1492/736/420
f 1494/738/422 1506/750/434 1505/749/433 1493/737/421
f 1496/739/423 1508/751/435 1507/752/436 1495/740/424
f 1497/741/425 1509/753/437 1508/751/435 1496/739/423
f 1498/742/426 1510/754/438 1509/753/437 1497/741/425
f 1499/743/427 1511/755/439 1510/754/438 1498/742/426
f 1500/744/428 1512/756/440 1511/755/439 1499/743/427
f 1501/745/429 1513/757/441 1512/756/440 1500/744/428
f 1502/746/430 1514/758/442 1513/757/441 1501/745/429
f 1503/747/431 1515/759/443 1514/758/442 1502/746/430
f 1504/748/432 1516/760/444 1515/759/443 1503/747/431
f 1505/749/433 1517/761/445 1516/760/444 1504/748/432
f 1506/750/434 1518/762/446 1517/761/445 1505/749/433
f 1508/751/435 1520/763/97 1519/764/98 1507/752/436
f 1509/753/437 1521/765/99 1520/763/97 1508/751/435
f 1510/754/438 1522/766/100 1521/765/99 1509/753/437
f 1511/755/439 1523/767/447 1522/766/100 1510/754/438
f 1512/756/440 1524/768/102 1523/767/447 1511/755/439
f 1513/757/441 1525/769/103 1524/768/102 1512/756/440
f 1514/758/442 1526/770/448 1525/769/103 1513/757/441
f 1515/759/443 1527/771/105 1526/770/448 1514/758/442
f 1516/760/444 1528/772/106 1527/771/105 1515/759/443
f 1517/761/445 1529/773/107 1528/772/106 1516/760/444
f 1518/762/446 1530/774/108 1529/773/107 1517/761/445
f 1520/763/97 1532/775/145 1531/776/146 1519/764/98
f 1521/765/99 1533/777/147 1532/775/145 1520/763/97
f 1522/766/100 1534/778/148 1533/777/147 1521/765/99
f 1523/767/447 1535/779/149 1534/778/148 1522/766/100
f 1524/768/102 1536/780/150 1535/779/149 1523/767/447
f 1525/769/103 1537/781/151 1536/780/150 1524/768/102
f 1526/770/448 1538/782/152 1537/781/151 1525/769/103
f 1527/771/105 1539/783/153 1538/782/152 1526/770/448
f 1528/772/106 1540/784/154 1539/783/153 1527/771/105
f 1529/773/107 1541/785/155 1540/784/154 1528/772/106
f 1530/774/108 1542/786/156 1541/785/155 1529/773/107
f 1532/775/145 1544/362/449 1543/6/450 1531/776/146
f 1533/777/147 1545/363/451 1544/362/449 1532/775/145
f 1534/778/148 1546/364/452 1545/363/451 1533/777/147
f 1535/779/149 1547/365/453 1546/364/452 1534/778/148
f 1536/780/150 1548/366/454 1547/365/453 1535/779/149
f 1537/781/151 1549/367/455 1548/366/454 1536/780/150
f 1538/782/152 1550/368/456 1549/367/455 1537/781/151
f 1539/783/153 1551/369/457 1550/368/456 1538/782/152
f 1540/784/154 1552/370/458 1551/369/457 1539/783/153
f 1541/785/155 1553/371/459 1552/370/458 1540/784/154
f 1542/786/156 1554/372/460 1553/371/459 1541/785/155
f 1544/362/449 1556/787/461 1555/788/462 1543/6/450
f 1545/363/451 1557/789/463 1556/787/461 1544/362/449
f 1546/364/452 1558/790/464 1557/789/463 1545/363/451
f 1547/365/453 1559/791/465 1558/790/464 1546/364/452
f 1548/366/454 1560/792/466 1559/791/465 1547/365/453
f 1549/367/455 1561/793/467 1560/792/466 1548/366/454
f 1550/368/456 1562/794/468 1561/793/467 1549/367/455
f 1551/369/457 1563/795/469 1562/794/468 1550/368/456
f 1552/370/458 1564/796/470 1563/795/469 1551/369/457
f 1553/371/459 1565/797/471 1564/796/470 1552/370/458
f 1554/372/460 1566/798/472 1565/797/471 1553/371/459
f 1556/787/461 1568/799/473 1567/800/474 1555/788/462
f 1557/789/463 1569/801/475 1568/799/473 1556/787/461
f 1558/790/464 1570/802/476 1569/801/475 1557/789/463
f 1559/791/465 1571/803/477 1570/802/476 1558/790/464
f 1560/792/466 1572/804/478 1571/803/477 1559/791/465
f 1561/793/467 1573/805/479 1572/804/478 1560/792/466
f 1562/794/468 1574/806/480 1573/805/479 1561/793/467
f 1563/795/469 1575/807/481 1574/806/480 1562/794/468
f 1564/796/470 1576/808/482 1575/807/481 1563/795/469
f 1565/797/471 1577/809/483 1576/808/482 1564/796/470
f 1566/798/472 1578/810/484 1577/809/483 1565/797/471
f 1568/799/473 1580/811/485 1579/812/486 1567/800/474
f 1569/801/475 1581/813/487 1580/811/485 1568/799/473
f 1570/802/476 1582/814/488 1581/813/487 1569/801/475
f 1571/803/477 1583/815/489 1582/814/488 1570/802/476
f 1572/804/478 1584/816/490 1583/815/489 1571/803/477
f 1573/805/479 1585/817/491 1584/816/490 1572/804/478
f 1574/806/480 1586/818/492 1585/817/491 1573/805/479
f 1575/807/481 1587/819/493 1586/818/492 1574/806/480
f 1576/808/482 1588/820/494 1587/819/493 1575/807/481
f 1577/809/483 1589/821/495 1588/820/494 1576/808/482
f 1578/810/484 1590/822/496 1589/821/495 1577/809/483
f 1580/811/485 1592/823/497 1591/824/498 1579/812/486
f 1581/813/487 1593/825/499 1592/823/497 1580/811/485
f 1582/814/488 1594/826/500 1593/825/499 1581/813/487
f 1583/815/489 1595/827/501 1594/826/500 1582/814/488
f 1584/816/490 1596/828/502 1595/827/501 1583/815/489
f 1585/817/491 1597/829/503 1596/828/502 1584/816/490
f 1586/818/492 1598/830/504 1597/829/503 1585/817/491
f 1587/819/493 1599/831/505 1598/830/504 1586/818/492
f 1588/820/494 1600/832/506 1599/831/505 1587/819/493
f 1589/821/495 1601/833/507 1600/832/506 1588/820/494
f 1590/822/496 1602/834/508 1601/833/507 1589/821/495
f 1592/823/497 1604/835/509 1603/836/510 1591/824/498
f 1593/825/499 1605/837/511 1604/835/509 1592/823/497
f 1594/826/500 1606/838/512 1605/837/511 1593/825/499
f 1595/827/501 1607/839/513 1606/838/512 1594/826/500
f 1596/828/502 1608/840/514 1607/839/513 1595/827/501
f 1597/829/503 1609/841/515 1608/840/514 1596/828/502
f 1598/830/504 1610/842/516 1609/841/515 1597/829/503
f 1599/831/505 1611/843/517 1610/842/516 1598/830/504
f 1600/832/506 1612/844/518 1611/843/517 1599/831/505
f 1601/833/507 1613/845/519 1612/844/518 1600/832/506
f 1602/834/508 1614/846/520 1613/845/519 1601/833/507
f 1604/835/509 1616/847/521 1615/848/522 1603/836/510
f 1605/837/511 1617/849/523 1616/847/521 1604/835/509
f 1606/838/512 1618/850/524 1617/849/523 1605/837/511
f 1607/839/513 1619/851/525 1618/850/524 1606/838/512
f 1608/840/514 1620/852/526 1619/851/525 1607/839/513
f 1609/841/515 1621/853/527 1620/852/526 1608/840/514
f 1610/842/516 1622/854/528 1621/853/527 1609/841/515
f 1611/843/517 1623/855/529 1622/854/528 1610/842/516
f 1612/844/518 1624/856/530 1623/855/529 1611/843/517
f 1613/845/519 1625/857/531 1624/856/530 1612/844/518
f 1614/846/520 1626/858/532 1625/857/531 1613/845/519
f 1616/847/521 1628/859/533 1627/860/534 1615/848/522
f 1617/849/523 1629/861/535 1628/859/533 1616/847/521
f 1618/850/524 1630/862/536 1629/861/535 1617/849/523
f 1619/851/525 1631/863/537 1630/862/536 1618/850/524
f 1620/852/526 1632/864/538 1631/863/537 1619/851/525
f 1621/853/527 1633/865/539 1632/864/538 1620/852/526
f 1622/854/528 1634/866/540 1633/865/539 1621/853/527
f 1623/855/529 1635/867/541 1634/866/540 1622/854/528
f 1624/856/530 1636/868/542 1635/867/541 1623/855/529
f 1625/857/531 1637/869/543 1636/868/542 1624/856/530
f 1626/858/532 1638/870/544 1637/869/543 1625/857/531
f 1628/859/533 1640/871/545 1639/872/546 1627/860/534
f 1629/861/535 1641/873/547 1640/871/545 1628/859/533
f 1630/862/536 1642/874/548 1641/873/547 1629/861/535
f 1631/863/537 1643/875/549 1642/874/548 1630/862/536
f 1632/864/538 1644/876/550 1643/875/549 1631/863/537
f 1633/865/539 1645/877/551 1644/876/550 1632/864/538
f 1634/866/540 1646/878/552 1645/877/551 1633/865/539
f 1635/867/541 1647/879/553 1646/878/552 1634/866/540
f 1636/868/542 1648/880/554 1647/879/553 1635/867/541
f 1637/869/543 1649/881/555 1648/880/554 1636/868/542
f 1638/870/544 1650/882/556 1649/881/555 1637/869/543
f 1640/871/545 1652/883/557 1651/884/558 1639/872/546
f 1641/873/547 1653/885/559 1652/883/557 1640/871/545
f 1642/874/548 1654/886/560 1653/885/559 1641/873/547
f 1643/875/549 1655/887/561 1654/886/560 1642/874/548
f 1644/876/550 1656/888/562 1655/887/561 1643/875/549
f 1645/877/551 1657/889/563 1656/888/562 1644/876/550
f 1646/878/552 1658/890/564 1657/889/563 1645/877/551
f 1647/879/553 1659/891/565 1658/890/564 1646/878/552
f 1648/880/554 1660/892/566 1659/891/565 1647/879/553
f 1649/881/555 1661/893/567 1660/892/566 1648/880/554
f 1650/882/556 1662/894/568 1661/893/567 1649/881/555
f 1652/883/557 1664/895/569 1663/896/570 1651/884/558
f 1653/885/559 1665/897/571 1664/895/569 1652/883/557
f 1654/886/560 1666/898/572 1665/897/571 1653/885/559
f 1655/887/561 1667/899/573 1666/898/572 1654/886/560
f 1656/888/562 1668/900/574 1667/899/573 1655/887/561
f 1657/889/563 1669/901/575 1668/900/574 1656/888/562
f 1658/890/564 1670/902/576 1669/901/575 1657/889/563
f 1659/891/565 1671/903/577 1670/902/576 1658/890/564
f 1660/892/566 1672/904/578 1671/903/577 1659/891/565
f 1661/893/567 1673/905/579 1672/904/578 1660/892/566
f 1662/894/568 1674/906/580 1673/905/579 1661/893/567
f 1664/895/569 1676/907/581 1675/908/582 1663/896/570
f 1665/897/571 1677/909/583 1676/907/581 1664/895/569
f 1666/898/572 1678/910/584 1677/909/583 1665/897/571
f 1667/899/573 1679/911/585 1678/910/584 1666/898/572
f 1668/900/574 1680/912/586 1679/911/585 1667/899/573
f 1669/901/575 1681/913/587 1680/912/586 1668/900/574
f 1670/902/576 1682/914/588 1681/913/587 1669/901/575
f 1671/903/577 1683/915/589 1682/914/588 1670/902/576
f 1672/904/578 1684/916/590 1683/915/589 1671/903/577
f 1673/905/579 1685/917/591 1684/916/590 1672/904/578
f 1674/906/580 1686/918/592 1685/917/591 1673/905/579
f 1676/907/581 1688/919/593 1687/920/594 1675/908/582
f 1677/909/583 1689/921/595 1688/919/593 1676/907/581
f 1678/910/584 1690/922/596 1689/921/595 1677/909/583
f 1679/911/585 1691/923/597 1690/922/596 1678/910/584
f 1680/912/586 1692/924/598 1691/923/597 1679/911/585
f 1681/913/587 1693/925/599 1692/924/598 1680/912/586
f 1682/914/588 1694/926/600 1693/925/599 1681/913/587
f 1683/915/589 1695/927/601 1694/926/600 1682/914/588
f 1684/916/590 1696/928/602 1695/927/601 1683/915/589
f 1685/917/591 1697/929/603 1696/928/602 1684/916/590
f 1686/918/592 1698/930/604 1697/929/603 1685/917/591
f 1688/919/593 1700/931/605 1699/122/606 1687/920/594
f 1689/921/595 1701/932/607 1700/931/605 1688/919/593
f 1690/922/596 1702/933/608 1701/932/607 1689/921/595
f 1691/923/597 1703/934/609 1702/933/608 1690/922/596
f 1692/924/598 1704/935/610 1703/934/609 1691/923/597
f 1693/925/599 1705/936/611 1704/935/610 1692/924/598
f 1694/926/600 1706/937/612 1705/936/611 1693/925/599
f 1695/927/601 1707/938/613 1706/937/612 1694/926/600
f 1696/928/602 1708/939/614 1707/938/613 1695/927/601
f 1697/929/603 1709/940/615 1708/939/614 1696/928/602
f 1698/930/604 1710/941/616 1709/940/615 1697/929/603
f 1700/931/605 1712/942/617 1711/943/618 1699/122/606
f 1701/932/607 1713/944/619 1712/942/617 1700/931/605
f 1702/933/608 1714/945/620 1713/944/619 1701/932/607
f 1703/934/609 1715/946/621 1714/945/620 1702/933/608
f 1704/935/610 1716/947/622 1715/946/621 1703/934/609
f 1705/936/611 1717/948/623 1716/947/622 1704/935/610
f 1706/937/612 1718/949/624 1717/948/623 1705/936/611
f 1707/938/613 1719/950/625 1718/949/624 1706/937/612
f 1708/939/614 1720/951/626 1719/950/625 1707/938/613
f 1709/940/615 1721/952/627 1720/951/626 1708/939/614
f 1710/941/616 1722/953/628 1721/952/627 1709/940/615
f 1712/942/617 1724/954/629 1723/955/630 1711/943/618
f 1713/944/619 1725/956/631 1724/954/629 1712/942/617
f 1714/945/620 1726/957/632 1725/956/631 1713/944/619
f 1715/946/621 1727/958/633 1726/957/632 1714/945/620
f 1716/947/622 1728/959/634 1727/958/633 1715/946/621
f 1717/948/623 1729/960/635 1728/959/634 1716/947/622
f 1718/949/624 1730/961/636 1729/960/635 1717/948/623
f 1719/950/625 1731/962/637 1730/961/636 1718/949/624
f 1720/951/626 1732/963/638 1731/962/637 1719/950/625
f 1721/952/627 1733/964/639 1732/963/638 1720/951/626
f 1722/953/628 1734/965/640 1733/964/639 1721/952/627
f 1724/954/629 1736/966/641 1735/967/642 1723/955/630
f 1725/956/631 1737/968/643 1736/966/641 1724/954/629
f 1726/957/632 1738/969/644 1737/968/643 1725/956/631
f 1727/958/633 1739/970/645 1738/969/644 1726/957/632
f 1728/959/634 1740/971/646 1739/970/645 1727/958/633
f 1729/960/635 1741/972/647 1740/971/646 1728/959/634
f 1730/961/636 1742/973/648 1741/972/647 1729/960/635
f 1731/962/637 1743/974/649 1742/973/648 1730/961/636
f 1732/963/638 1744/975/650 1743/974/649 1731/962/637
f 1733/964/639 1745/976/651 1744/975/650 1732/963/638
f 1734/965/640 1746/977/652 1745/976/651 1733/964/639
f 1736/966/641 1748/978/653 1747/979/654 1735/967/642
f 1737/968/643 1749/980/655 1748/978/653 1736/966/641
f 1738/969/644 1750/981/656 1749/980/655 1737/968/643
f 1739/970/645 1751/982/657 1750/981/656 1738/969/644
f 1740/971/646 1752/983/658 1751/982/657 1739/970/645
f 1741/972/647 1753/984/659 1752/983/658 1740/971/646
f 1742/973/648 1754/985/660 1753/984/659 1741/972/647
f 1743/974/649 1755/986/661 1754/985/660 1742/973/648
f 1744/975/650 1756/987/662 1755/986/661 1743/974/649
f 1745/976/651 1757/988/663 1756/987/662 1744/975/650
f 1746/977/652 1758/989/664 1757/988/663 1745/976/651
f 1748/978/653 1760/990/665 1759/991/666 1747/979/654
f 1749/980/655 1761/992/667 1760/990/665 1748/978/653
f 1750/981/656 1762/993/668 1761/992/667 1749/980/655
f 1751/982/657 1763/994/669 1762/993/668 1750/981/656
f 1752/983/658 1764/995/670 1763/994/669 1751/982/657
f 1753/984/659 1765/996/671 1764/995/670 1752/983/658
f 1754/985/660 1766/997/672 1765/996/671 1753/984/659
f 1755/986/661 1767/998/673 1766/997/672 1754/985/660
f 1756/987/662 1768/999/674 1767/998/673 1755/986/661
f 1757/988/663 1769/1000/675 1768/999/674 1756/987/662
f 1758/989/664 1770/1001/676 1769/1000/675 1757/988/663
f 1760/990/665 1772/1002/677 1771/1003/678 1759/991/666
f 1761/992/667 1773/1004/679 1772/1002/677 1760/990/665
f 1762/993/668 1774/1005/680 1773/1004/679 1761/992/667
f 1763/994/669 1775/1006/681 1774/1005/680 1762/993/668
f 1764/995/670 1776/1007/682 1775/1006/681 1763/994/669
f 1765/996/671 1777/1008/683 1776/1007/682 1764/995/670
f 1766/997/672 1778/1009/684 1777/1008/683 1765/996/671
f 1767/998/673 1779/1010/685 1778/1009/684 1766/997/672
f 1768/999/674 1780/1011/686 1779/1010/685 1767/998/673
f 1769/1000/675 1781/1012/687 1780/1011/686 1768/999/674
f 1770/1001/676 1782/1013/688 1781/1012/687 1769/1000/675
f 1772/1002/677 1784/1014/689 1783/1015/690 1771/1003/678
f 1773/1004/679 1785/1016/691 1784/1014/689 1772/1002/677
f 1774/1005/680 1786/1017/692 1785/1016/691 1773/1004/679
f 1775/1006/681 1787/1018/693 1786/1017/692 1774/1005/680
f 1776/1007/682 1788/1019/694 1787/1018/693 1775/1006/681
f 1777/1008/683 1789/1020/695 1788/1019/694 1776/1007/682
f 1778/1009/684 1790/1021/696 1789/1020/695 1777/1008/683
f 1779/1010/685 1791/1022/697 1790/1021/696 1778/1009/684
f 1780/1011/686 1792/1023/698 1791/1022/697 1779/1010/685
f 1781/1012/687 1793/1024/699 1792/1023/698 1780/1011/686
f 1782/1013/688 1794/1025/700 1793/1024/699 1781/1012/687
f 1784/1014/689 1796/1026/701 1795/1027/702 1783/1015/690
f 1785/1016/691 1797/1028/703 1796/1026/701 1784/1014/689
f 1786/1017/692 1798/1029/704 1797/1028/703 1785/1016/691
f 1787/1018/693 1799/1030/705 1798/1029/704 1786/1017/692
f 1788/1019/694 1800/1031/706 1799/1030/705 1787/1018/693
f 1789/1020/695 1801/1032/707 1800/1031/706 1788/1019/694
f 1790/1021/696 1802/1033/708 1801/1032/707 1789/1020/695
f 1791/1022/697 1803/1034/709 1802/1033/708 1790/1021/696
f 1792/1023/698 1804/1035/710 1803/1034/709 1791/1022/697
f 1793/1024/699 1805/1036/711 1804/1035/710 1792/1023/698
f 1794/1025/700 1806/1037/712 1805/1036/711 1793/1024/699
f 1796/1026/701 1808/1038/713 1807/1039/714 1795/1027/702
f 1797/1028/703 1809/1040/715 1808/1038/713 1796/1026/701
f 1798/1029/704 1810/1041/716 1809/1040/715 1797/1028/703
f 1799/1030/705 1811/1042/717 1810/1041/716 1798/1029/704
f 1800/1031/706 1812/1043/718 1811/1042/717 1799/1030/705
f 1801/1032/707 1813/1044/719 1812/1043/718 1800/1031/706
f 1802/1033/708 1814/1045/720 1813/1044/719 1801/1032/707
f 1803/1034/709 1815/1046/721 1814/1045/720 1802/1033/708
f 1804/1035/710 1816/1047/722 1815/1046/721 1803/1034/709
f 1805/1036/711 1817/1048/723 1816/1047/722 1804/1035/710
f 1806/1037/712 1818/1049/724 1817/1048/723 1805/1036/711
f 1808/1038/713 1820/1050/725 1819/1051/726 1807/1039/714
f 1809/1040/715 1821/1052/727 1820/1050/725 1808/1038/713
f 1810/1041/716 1822/1053/728 1821/1052/727 1809/1040/715
f 1811/1042/717 1823/1054/729 1822/1053/728 1810/1041/716
f 1812/1043/718 1824/1055/730 1823/1054/729 1811/1042/717
f 1813/1044/719 1825/1056/731 1824/1055/730 1812/1043/718
f 1814/1045/720 1826/1057/732 1825/1056/731 1813/1044/719
f 1815/1046/721 1827/1058/733 1826/1057/732 1814/1045/720
f 1816/1047/722 1828/1059/734 1827/1058/733 1815/1046/721
f 1817/1048/723 1829/1060/735 1828/1059/734 1816/1047/722
f 1818/1049/724 1830/1061/736 1829/1060/735 1817/1048/723
f 1820/1050/725 1832/1062/737 1831/1063/738 1819/1051/726
f 1821/1052/727 1833/1064/739 1832/1062/737 1820/1050/725
f 1822/1053/728 1834/1065/740 1833/1064/739 1821/1052/727
f 1823/1054/729 1835/1066/741 1834/1065/740 1822/1053/728
f 1824/1055/730 1836/1067/742 1835/1066/741 1823/1054/729
f 1825/1056/731 1837/1068/743 1836/1067/742 1824/1055/730
f 1826/1057/732 1838/1069/744 1837/1068/743 1825/1056/731
f 1827/1058/733 1839/1070/745 1838/1069/744 1826/1057/732
f 1828/1059/734 1840/1071/746 1839/1070/745 1827/1058/733
f 1829/1060/735 1841/1072/747 1840/1071/746 1828/1059/734
f 1830/1061/736 1842/1073/748 1841/1072/747 1829/1060/735
f 1832/1062/737 1844/1074/749 1843/1075/750 1831/1063/738
f 1833/1064/739 1845/1076/751 1844/1074/749 1832/1062/737
f 1834/1065/740 1846/1077/752 1845/1076/751 1833/1064/739
f 1835/1066/741 1847/1078/753 1846/1077/752 1834/1065/740
f 1836/1067/742 1848/1079/754 1847/1078/753 1835/1066/741
f 1837/1068/743 1849/1080/755 1848/1079/754 1836/1067/742
f 1838/1069/744 1850/1081/756 1849/1080/755 1837/1068/743
f 1839/1070/745 1851/1082/757 1850/1081/756 1838/1069/744
f 1840/1071/746 1852/1083/758 1851/1082/757 1839/1070/745
f 1841/1072/747 1853/1084/759 1852/1083/758 1840/1071/746
f 1842/1073/748 1854/1085/760 1853/1084/759 1841/1072/747
f 1844/1074/749 1856/419/761 1855/64/762 1843/1075/750
f 1845/1076/751 1857/420/763 1856/419/761 1844/1074/749
f 1846/1077/752 1858/421/764 1857/420/763 1845/1076/751
f 1847/1078/753 1859/422/765 1858/421/764 1846/1077/752
f 1848/1079/754 1860/423/766 1859/422/765 1847/1078/753
f 1849/1080/755 1861/424/767 1860/423/766 1848/1079/754
f 1850/1081/756 1862/425/768 1861/424/767 1849/1080/755
f 1851/1082/757 1863/426/769 1862/425/768 1850/1081/756
f 1852/1083/758 1864/427/770 1863/426/769 1851/1082/757
f 1853/1084/759 1865/428/771 1864/427/770 1852/1083/758
f 1854/1085/760 1866/429/772 1865/428/771 1853/1084/759
f 1856/419/761 1868/1086/773 1867/1087/774 1855/64/762
f 1857/420/763 1869/1088/775 1868/1086/773 1856/419/761
f 1858/421/764 1870/1089/776 1869/1088/775 1857/420/763
f 1859/422/765 1871/1090/777 1870/1089/776 1858/421/764
f 1860/423/766 1872/1091/778 1871/1090/777 1859/422/765
f 1861/424/767 1873/1092/779 1872/1091/778 1860/423/766
f 1862/425/768 1874/1093/780 1873/1092/779 1861/424/767
f 1863/426/769 1875/1094/781 1874/1093/780 1862/425/768
f 1864/427/770 1876/1095/782 1875/1094/781 1863/426/769
f 1865/428/771 1877/1096/783 1876/1095/782 1864/427/770
f 1866/429/772 1878/1097/784 1877/1096/783 1865/428/771
f 1868/1086/773 1880/1098/785 1879/1099/786 1867/1087/774
f 1869/1088/775 1881/1100/787 1880/1098/785 1868/1086/773
f 1870/1089/776 1882/1101/788 1881/1100/787 1869/1088/775
f 1871/1090/777 1883/1102/789 1882/1101/788 1870/1089/776
f 1872/1091/778 1884/1103/790 1883/1102/789 1871/1090/777
f 1873/1092/779 1885/1104/791 1884/1103/790 1872/1091/778
f 1874/1093/780 1886/1105/792 1885/1104/791 1873/1092/779
f 1875/1094/781 1887/1106/793 1886/1105/792 1874/1093/780
f 1876/1095/782 1888/1107/794 1887/1106/793 1875/1094/781
f 1877/1096/783 1889/1108/795 1888/1107/794 1876/1095/782
f 1878/1097/784 1890/1109/796 1889/1108/795 1877/1096/783
f 1880/1098/785 1892/1110/797 1891/1111/798 1879/1099/786
f 1881/1100/787 1893/1112/799 1892/1110/797 1880/1098/785
f 1882/1101/788 1894/1113/800 1893/1112/799 1881/1100/787
f 1883/1102/789 1895/1114/801 1894/1113/800 1882/1101/788
f 1884/1103/790 1896/1115/802 1895/1114/801 1883/1102/789
f 1885/1104/791 1897/1116/803 1896/1115/802 1884/1103/790
f 1886/1105/792 1898/1117/804 1897/1116/803 1885/1104/791
f 1887/1106/793 1899/1118/805 1898/1117/804 1886/1105/792
f 1888/1107/794 1900/1119/806 1899/1118/805 1887/1106/793
f 1889/1108/795 1901/1120/807 1900/1119/806 1888/1107/794
f 1890/1109/796 1902/1121/808 1901/1120/807 1889/1108/795
f 1892/1110/797 1904/1122/809 1903/1123/810 1891/1111/798
f 1893/1112/799 1905/1124/811 1904/1122/809 1892/1110/797
f 1894/1113/800 1906/1125/812 1905/1124/811 1893/1112/799
f 1895/1114/801 1907/1126/813 1906/1125/812 1894/1113/800
f 1896/1115/802 1908/1127/814 1907/1126/813 1895/1114/801
f 1897/1116/803 1909/1128/815 1908/1127/814 1896/1115/802
f 1898/1117/804 1910/1129/816 1909/1128/815 1897/1116/803
f 1899/1118/805 1911/1130/817 1910/1129/816 1898/1117/804
f 1900/1119/806 1912/1131/818 1911/1130/817 1899/1118/805
f 1901/1120/807 1913/1132/819 1912/1131/818 1900/1119/806
f 1902/1121/808 1914/1133/820 1913/1132/819 1901/1120/807
f 1904/1122/809 1916/1134/821 1915/1135/822 1903/1123/810
f 1905/1124/811 1917/1136/823 1916/1134/821 1904/1122/809
f 1906/1125/812 1918/1137/824 1917/1136/823 1905/1124/811
f 1907/1126/813 1919/1138/825 1918/1137/824 1906/1125/812
f 1908/1127/814 1920/1139/826 1919/1138/825 1907/1126/813
f 1909/1128/815 1921/1140/827 1920/1139/826 1908/1127/814
f 1910/1129/816 1922/1141/828 1921/1140/827 1909/1128/815
f 1911/1130/817 1923/1142/829 1922/1141/828 1910/1129/816
f 1912/1131/818 1924/1143/830 1923/1142/829 1911/1130/817
f 1913/1132/819 1925/1144/831 1924/1143/830 1912/1131/818
f 1914/1133/820 1926/1145/832 1925/1144/831 1913/1132/819
f 1916/1134/821 1928/1146/833 1927/1147/834 1915/1135/822
f 1917/1136/823 1929/1148/835 1928/1146/833 1916/1134/821
f 1918/1137/824 1930/1149/836 1929/1148/835 1917/1136/823
f 1919/1138/825 1931/1150/837 1930/1149/836 1918/1137/824
f 1920/1139/826 1932/1151/838 1931/1150/837 1919/1138/825
f 1921/1140/827 1933/1152/839 1932/1151/838 1920/1139/826
f 1922/1141/828 1934/1153/840 1933/1152/839 1921/1140/827
f 1923/1142/829 1935/1154/841 1934/1153/840 1922/1141/828
f 1924/1143/830 1936/1155/842 1935/1154/841 1923/1142/829
f 1925/1144/831 1937/1156/843 1936/1155/842 1924/1143/830
f 1926/1145/832 1938/1157/844 1937/1156/843 1925/1144/831
f 1928/1146/833 1940/1158/845 1939/1159/846 1927/1147/834
f 1929/1148/835 1941/1160/847 1940/1158/845 1928/1146/833
f 1930/1149/836 1942/1161/848 1941/1160/847 1929/1148/835
f 1931/1150/837 1943/1162/849 1942/1161/848 1930/1149/836
f 1932/1151/838 1944/1163/850 1943/1162/849 1931/1150/837
f 1933/1152/839 1945/1164/851 1944/1163/850 1932/1151/838
f 1934/1153/840 1946/1165/852 1945/1164/851 1933/1152/839
f 1935/1154/841 1947/1166/853 1946/1165/852 1934/1153/840
f 1936/1155/842 1948/1167/854 1947/1166/853 1935/1154/841
f 1937/1156/843 1949/1168/855 1948/1167/854 1936/1155/842
f 1938/1157/844 1950/1169/856 1949/1168/855 1937/1156/843
f 1940/1158/845 1952/1170/857 1951/1171/858 1939/1159/846
f 1941/1160/847 1953/1172/859 1952/1170/857 1940/1158/845
f 1942/1161/848 1954/1173/860 1953/1172/859 1941/1160/847
f 1943/1162/849 1955/1174/861 1954/1173/860 1942/1161/848
f 1944/1163/850 1956/1175/862 1955/1174/861 1943/1162/849
f 1945/1164/851 1957/1176/863 1956/1175/862 1944/1163/850
f 1946/1165/852 1958/1177/864 1957/1176/863 1945/1164/851
f 1947/1166/853 1959/1178/865 1958/1177/864 1946/1165/852
f 1948/1167/854 1960/1179/866 1959/1178/865 1947/1166/853
f 1949/1168/855 1961/1180/867 1960/1179/866 1948/1167/854
f 1950/1169/856 1962/1181/868 1961/1180/867 1949/1168/855
f 1952/1170/857 1964/1182/869 1963/1183/870 1951/1171/858
f 1953/1172/859 1965/1184/871 1964/1182/869 1952/1170/857
f 1954/1173/860 1966/1185/872 1965/1184/871 1953/1172/859
f 1955/1174/861 1967/1186/873 1966/1185/872 1954/1173/860
f 1956/1175/862 1968/1187/874 1967/1186/873 1955/1174/861
f 1957/1176/863 1969/1188/875 1968/1187/874 1956/1175/862
f 1958/1177/864 1970/1189/876 1969/1188/875 1957/1176/863
f 1959/1178/865 1971/1190/877 1970/1189/876 1958/1177/864
f 1960/1179/866 1972/1191/878 1971/1190/877 1959/1178/865
f 1961/1180/867 1973/1192/879 1972/1191/878 1960/1179/866
f 1962/1181/868 1974/1193/880 1973/1192/879 1961/1180/867
f 1964/1182/869 1976/1194/881 1975/1195/882 1963/1183/870
f 1965/1184/871 1977/1196/883 1976/1194/881 1964/1182/869
f 1966/1185/872 1978/1197/884 1977/1196/883 1965/1184/871
f 1967/1186/873 1979/1198/885 1978/1197/884 1966/1185/872
f 1968/1187/874 1980/1199/886 1979/1198/885 1967/1186/873
f 1969/1188/875 1981/1200/887 1980/1199/886 1968/1187/874
f 1970/1189/876 1982/1201/888 1981/1200/887 1969/1188/875
f 1971/1190/877 1983/1202/889 1982/1201/888 1970/1189/876
f 1972/1191/878 1984/1203/890 1983/1202/889 1971/1190/877
f 1973/1192/879 1985/1204/891 1984/1203/890 1972/1191/878
f 1974/1193/880 1986/1205/892 1985/1204/891 1973/1192/879
f 1976/1194/881 1988/1206/893 1987/1207/894 1975/1195/882
f 1977/1196/883 1989/1208/895 1988/1206/893 1976/1194/881
f 1978/1197/884 1990/1209/896 1989/1208/895 1977/1196/883
f 1979/1198/885 1991/1210/897 1990/1209/896 1978/1197/884
f 1980/1199/886 1992/1211/898 1991/1210/897 1979/1198/885
f 1981/1200/887 1993/1212/899 1992/1211/898 1980/1199/886
f 1982/1201/888 1994/1213/900 1993/1212/899 1981/1200/887
f 1983/1202/889 1995/1214/901 1994/1213/900 1982/1201/888
f 1984/1203/890 1996/1215/902 1995/1214/901 1983/1202/889
f 1985/1204/891 1997/1216/903 1996/1215/902 1984/1203/890
f 1986/1205/892 1998/1217/904 1997/1216/903 1985/1204/891
f 1988/1206/893 2000/1218/905 1999/1219/906 1987/1207/894
f 1989/1208/895 2001/1220/907 2000/1218/905 1988/1206/893
f 1990/1209/896 2002/1221/908 2001/1220/907 1989/1208/895
f 1991/1210/897 2003/1222/909 2002/1221/908 1990/1209/896
f 1992/1211/898 2004/1223/910 2003/1222/909 1991/1210/897
f 1993/1212/899 2005/1224/911 2004/1223/910 1992/1211/898
f 1994/1213/900 2006/1225/912 2005/1224/911 1993/1212/899
f 1995/1214/901 2007/1226/913 2006/1225/912 1994/1213/900
f 1996/1215/902 2008/1227/914 2007/1226/913 1995/1214/901
f 1997/1216/903 2009/1228/915 2008/1227/914 1996/1215/902
f 1998/1217/904 2010/1229/916 2009/1228/915 1997/1216/903
f 2000/1218/905 2012/1230/917 2011/20/918 1999/1219/906
f 2001/1220/907 2013/1231/919 2012/1230/917 2000/1218/905
f 2002/1221/908 2014/1232/920 2013/1231/919 2001/1220/907
f 2003/1222/909 2015/1233/921 2014/1232/920 2002/1221/908
f 2004/1223/910 2016/1234/922 2015/1233/921 2003/1222/909
f 2005/1224/911 2017/1235/923 2016/1234/922 2004/1223/910
f 2006/1225/912 2018/1236/924 2017/1235/923 2005/1224/911
f 2007/1226/913 2019/1237/925 2018/1236/924 2006/1225/912
f 2008/1227/914 2020/1238/926 2019/1237/925 2007/1226/913
f 2009/1228/915 2021/1239/927 2020/1238/926 2008/1227/914
f 2010/1229/916 2022/1240/928 2021/1239/927 2009/1228/915
f 2012/1230/917 2024/1241/929 2023/1242/930 2011/20/918
f 2013/1231/919 2025/1243/931 2024/1241/929 2012/1230/917
f 2014/1232/920 2026/1244/932 2025/1243/931 2013/1231/919
f 2015/1233/921 2027/1245/933 2026/1244/932 2014/1232/920
f 2016/1234/922 2028/1246/934 2027/1245/933 2015/1233/921
f 2017/1235/923 2029/1247/935 2028/1246/934 2016/1234/922
f 2018/1236/924 2030/1248/936 2029/1247/935 2017/1235/923
f 2019/1237/925 2031/1249/937 2030/1248/936 2018/1236/924
f 2020/1238/926 2032/1250/938 2031/1249/937 2019/1237/925
f 2021/1239/927 2033/1251/939 2032/1250/938 2020/1238/926
f 2022/1240/928 2034/1252/940 2033/1251/939 2021/1239/927
f 2024/1241/929 2036/1253/941 2035/1254/942 2023/1242/930
f 2025/1243/931 2037/1255/943 2036/1253/941 2024/1241/929
f 2026/1244/932 2038/1256/944 2037/1255/943 2025/1243/931
f 2027/1245/933 2039/1257/945 2038/1256/944 2026/1244/932
f 2028/1246/934 2040/1258/946 2039/1257/945 2027/1245/933
f 2029/1247/935 2041/1259/947 2040/1258/946 2028/1246/934
f 2030/1248/936 2042/1260/948 2041/1259/947 2029/1247/935
f 2031/1249/937 2043/1261/949 2042/1260/948 2030/1248/936
f 2032/1250/938 2044/1262/950 2043/1261/949 2031/1249/937
f 2033/1251/939 2045/1263/951 2044/1262/950 2032/1250/938
f 2034/1252/940 2046/1264/952 2045/1263/951 2033/1251/939
f 2036/1253/941 2048/1265/953 2047/1266/954 2035/1254/942
f 2037/1255/943 2049/1267/955 2048/1265/953 2036/1253/941
f 2038/1256/944 2050/1268/956 2049/1267/955 2037/1255/943
f 2039/1257/945 2051/1269/957 2050/1268/956 2038/1256/944
f 2040/1258/946 2052/1270/958 2051/1269/957 2039/1257/945
f 2041/1259/947 2053/1271/959 2052/1270/958 2040/1258/946
f 2042/1260/948 2054/1272/960 2053/1271/959 2041/1259/947
f 2043/1261/949 2055/1273/961 2054/1272/960 2042/1260/948
f 2044/1262/950 2056/1274/962 2055/1273/961 2043/1261/949
f 2045/1263/951 2057/1275/963 2056/1274/962 2044/1262/950
f 2046/1264/952 2058/1276/964 2057/1275/963 2045/1263/951
f 2048/1265/953 2060/1277/965 2059/1278/966 2047/1266/954
f 2049/1267/955 2061/1279/967 2060/1277/965 2048/1265/953
f 2050/1268/956 2062/1280/968 2061/1279/967 2049/1267/955
f 2051/1269/957 2063/1281/969 2062/1280/968 2050/1268/956
f 2052/1270/958 2064/1282/970 2063/1281/969 2051/1269/957
f 2053/1271/959 2065/1283/971 2064/1282/970 2052/1270/958
f 2054/1272/960 2066/1284/972 2065/1283/971 2053/1271/959
f 2055/1273/961 2067/1285/973 2066/1284/972 2054/1272/960
f 2056/1274/962 2068/1286/974 2067/1285/973 2055/1273/961
f 2057/1275/963 2069/1287/975 2068/1286/974 2056/1274/962
f 2058/1276/964 2070/1288/976 2069/1287/975 2057/1275/963
f 2060/1277/965 2072/1289/977 2071/1290/978 2059/1278/966
f 2061/1279/967 2073/1291/979 2072/1289/977 2060/1277/965
f 2062/1280/968 2074/1292/980 2073/1291/979 2061/1279/967
f 2063/1281/969 2075/1293/981 2074/1292/980 2062/1280/968
f 2064/1282/970 2076/1294/982 2075/1293/981 2063/1281/969
f 2065/1283/971 2077/1295/983 2076/1294/982 2064/1282/970
f 2066/1284/972 2078/1296/984 2077/1295/983 2065/1283/971
f 2067/1285/973 2079/1297/985 2078/1296/984 2066/1284/972
f 2068/1286/974 2080/1298/986 2079/1297/985 2067/1285/973
f 2069/1287/975 2081/1299/987 2080/1298/986 2068/1286/974
f 2070/1288/976 2082/1300/988 2081/1299/987 2069/1287/975
f 2072/1289/977 2084/1301/989 2083/1302/990 2071/1290/978
f 2073/1291/979 2085/1303/991 2084/1301/989 2072/1289/977
f 2074/1292/980 2086/1304/992 2085/1303/991 2073/1291/979
f 2075/1293/981 2087/1305/993 2086/1304/992 2074/1292/980
f 2076/1294/982 2088/1306/994 2087/1305/993 2075/1293/981
f 2077/1295/983 2089/1307/995 2088/1306/994 2076/1294/982
f 2078/1296/984 2090/1308/996 2089/1307/995 2077/1295/983
f 2079/1297/985 2091/1309/997 2090/1308/996 2078/1296/984
f 2080/1298/986 2092/1310/998 2091/1309/997 2079/1297/985
f 2081/1299/987 2093/1311/999 2092/1310/998 2080/1298/986
f 2082/1300/988 2094/1312/1000 2093/1311/999 2081/1299/987
f 2084/1301/989 2096/1313/1001 2095/1314/1002 2083/1302/990
f 2085/1303/991 2097/1315/1003 2096/1313/1001 2084/1301/989
f 2086/1304/992 2098/1316/1004 2097/1315/1003 2085/1303/991
f 2087/1305/993 2099/1317/1005 2098/1316/1004 2086/1304/992
f 2088/1306/994 2100/1318/1006 2099/1317/1005 2087/1305/993
f 2089/1307/995 2101/1319/1007 2100/1318/1006 2088/1306/994
f 2090/1308/996 2102/1320/1008 2101/1319/1007 2089/1307/995
f 2091/1309/997 2103/1321/1009 2102/1320/1008 2090/1308/996
f 2092/1310/998 2104/1322/1010 2103/1321/1009 2091/1309/997
f 2093/1311/999 2105/1323/1011 2104/1322/1010 2092/1310/998
f 2094/1312/1000 2106/1324/1012 2105/1323/1011 2093/1311/999
f 2096/1313/1001 2108/1325/1013 2107/1326/1014 2095/1314/1002
f 2097/1315/1003 2109/1327/1015 2108/1325/1013 2096/1313/1001
f 2098/1316/1004 2110/1328/1016 2109/1327/1015 2097/1315/1003
f 2099/1317/1005 2111/1329/1017 2110/1328/1016 2098/1316/1004
f 2100/1318/1006 2112/1330/1018 2111/1329/1017 2099/1317/1005
f 2101/1319/1007 2113/1331/1019 2112/1330/1018 2100/1318/1006
f 2102/1320/1008 2114/1332/1020 2113/1331/1019 2101/1319/1007
f 2103/1321/1009 2115/1333/1021 2114/1332/1020 2102/1320/1008
f 2104/1322/1010 2116/1334/1022 2115/1333/1021 2103/1321/1009
f 2105/1323/1011 2117/1335/1023 2116/1334/1022 2104/1322/1010
f 2106/1324/1012 2118/1336/1024 2117/1335/1023 2105/1323/1011
f 2108/1325/1013 2120/1337/1025 2119/1338/1026 2107/1326/1014
f 2109/1327/1015 2121/1339/1027 2120/1337/1025 2108/1325/1013
f 2110/1328/1016 2122/1340/1028 2121/1339/1027 2109/1327/1015
f 2111/1329/1017 2123/1341/1029 2122/1340/1028 2110/1328/1016
f 2112/1330/1018 2124/1342/1030 2123/1341/1029 2111/1329/1017
f 2113/1331/1019 2125/1343/1031 2124/1342/1030 2112/1330/1018
f 2114/1332/1020 2126/1344/1032 2125/1343/1031 2113/1331/1019
f 2115/1333/1021 2127/1345/1033 2126/1344/1032 2114/1332/1020
f 2116/1334/1022 2128/1346/1034 2127/1345/1033 2115/1333/1021
f 2117/1335/1023 2129/1347/1035 2128/1346/1034 2116/1334/1022
f 2118/1336/1024 2130/1348/1036 2129/1347/1035 2117/1335/1023
f 2120/1337/1025 2132/1349/97 2131/1350/98 2119/1338/1026
f 2121/1339/1027 2133/1351/99 2132/1349/97 2120/1337/1025
f 2122/1340/1028 2134/1352/100 2133/1351/99 2121/1339/1027
f 2123/1341/1029 2135/1353/447 2134/1352/100 2122/1340/1028
f 2124/1342/1030 2136/1354/102 2135/1353/447 2123/1341/1029
f 2125/1343/1031 2137/1355/103 2136/1354/102 2124/1342/1030
f 2126/1344/1032 2138/1356/448 2137/1355/103 2125/1343/1031
f 2127/1345/1033 2139/1357/105 2138/1356/448 2126/1344/1032
f 2128/1346/1034 2140/1358/106 2139/1357/105 2127/1345/1033
f 2129/1347/1035 2141/1359/107 2140/1358/106 2128/1346/1034
f 2130/1348/1036 2142/1360/108 2141/1359/107 2129/1347/1035
f 2132/1349/97 2144/1361/145 2143/1362/146 2131/1350/98
f 2133/1351/99 2145/1363/147 2144/1361/145 2132/1349/97
f 2134/1352/100 2146/1364/148 2145/1363/147 2133/1351/99
f 2135/1353/447 2147/1365/149 2146/1364/148 2134/1352/100
f 2136/1354/102 2148/1366/150 2147/1365/149 2135/1353/447
f 2137/1355/103 2149/1367/151 2148/1366/150 2136/1354/102
f 2138/1356/448 2150/1368/152 2149/1367/151 2137/1355/103
f 2139/1357/105 2151/1369/153 2150/1368/152 2138/1356/448
f 2140/1358/106 2152/1370/154 2151/1369/153 2139/1357/105
f 2141/1359/107 2153/1371/155 2152/1370/154 2140/1358/106
f 2142/1360/108 2154/1372/156 2153/1371/155 2141/1359/107
f 2144/1361/145 2156/1373/1037 2155/1374/1038 2143/1362/146
f 2145/1363/147 2157/1375/1039 2156/1373/1037 2144/1361/145
f 2146/1364/148 2158/1376/1040 2157/1375/1039 2145/1363/147
f 2147/1365/149 2159/1377/1041 2158/1376/1040 2146/1364/148
f 2148/1366/150 2160/1378/1042 2159/1377/1041 2147/1365/149
f 2149/1367/151 2161/1379/1043 2160/1378/1042 2148/1366/150
f 2150/1368/152 2162/1380/1044 2161/1379/1043 2149/1367/151
f 2151/1369/153 2163/1381/1045 2162/1380/1044 2150/1368/152
f 2152/1370/154 2164/1382/1046 2163/1381/1045 2151/1369/153
f 2153/1371/155 2165/1383/1047 2164/1382/1046 2152/1370/154
f 2154/1372/156 2166/1384/1048 2165/1383/1047 2153/1371/155
f 2156/1373/1037 1232/477/159 1231/91/162 2155/1374/1038
f 2157/1375/1039 1233/478/163 1232/477/159 2156/1373/1037
f 2158/1376/1040 1234/479/165 1233/478/163 2157/1375/1039
f 2159/1377/1041 1235/480/167 1234/479/165 2158/1376/1040
f 2160/1378/1042 1236/481/169 1235/480/167 2159/1377/1041
f 2161/1379/1043 1237/482/171 1236/481/169 2160/1378/1042
f 2162/1380/1044 1238/483/173 1237/482/171 2161/1379/1043
f 2163/1381/1045 1239/484/175 1238/483/173 2162/1380/1044
f 2164/1382/1046 1240/485/177 1239/484/175 2163/1381/1045
f 2165/1383/1047 1241/486/179 1240/485/177 2164/1382/1046
f 2166/1384/1048 1242/487/181 1241/486/179 2165/1383/1047
f 2168/304/1049 2180/1385/1050 2179/98/1051 2167/129/1052
f 2169/307/1053 2181/1386/1054 2180/1385/1050 2168/304/1049
f 2170/309/1055 2182/1387/1056 2181/1386/1054 2169/307/1053
f 2171/311/1057 2183/1388/1058 2182/1387/1056 2170/309/1055
f 2172/313/1059 2184/1389/1060 2183/1388/1058 2171/311/1057
f 2173/315/1061 2185/1390/1062 2184/1389/1060 2172/313/1059
f 2174/317/1063 2186/1391/1064 2185/1390/1062 2173/315/1061
f 2175/319/1065 2187/1392/1066 2186/1391/1064 2174/317/1063
f 2176/321/1067 2188/1393/1068 2187/1392/1066 2175/319/1065
f 2177/323/1069 2189/1394/1070 2188/1393/1068 2176/321/1067
f 2178/325/1071 2190/1395/1072 2189/1394/1070 2177/323/1069
f 2180/1385/1050 2192/1396/83 2191/110/84 2179/98/1051
f 2181/1386/1054 2193/1397/85 2192/1396/83 2180/1385/1050
f 2182/1387/1056 2194/1398/86 2193/1397/85 2181/1386/1054
f 2183/1388/1058 2195/1399/87 2194/1398/86 2182/1387/1056
f 2184/1389/1060 2196/1400/88 2195/1399/87 2183/1388/1058
f 2185/1390/1062 2197/1401/89 2196/1400/88 2184/1389/1060
f 2186/1391/1064 2198/1402/90 2197/1401/89 2185/1390/1062
f 2187/1392/1066 2199/1403/91 2198/1402/90 2186/1391/1064
f 2188/1393/1068 2200/1404/92 2199/1403/91 2187/1392/1066
f 2189/1394/1070 2201/1405/93 2200/1404/92 2188/1393/1068
f 2190/1395/1072 2202/1406/94 2201/1405/93 2189/1394/1070
f 2192/1396/83 2204/1407/3 2203/40/6 2191/110/84
f 2193/1397/85 2205/1408/7 2204/1407/3 2192/1396/83
f 2194/1398/86 2206/1409/9 2205/1408/7 2193/1397/85
f 2195/1399/87 2207/1410/95 2206/1409/9 2194/1398/86
f 2196/1400/88 2208/1411/13 2207/1410/95 2195/1399/87
f 2197/1401/89 2209/1412/15 2208/1411/13 2196/1400/88
f 2198/1402/90 2210/1413/96 2209/1412/15 2197/1401/89
f 2199/1403/91 2211/1414/19 2210/1413/96 2198/1402/90
f 2200/1404/92 2212/1415/21 2211/1414/19 2199/1403/91
f 2201/1405/93 2213/1416/23 2212/1415/21 2200/1404/92
f 2202/1406/94 2214/1417/25 2213/1416/23 2201/1405/93
f 2204/1407/3 2216/1418/97 2215/2/98 2203/40/6
f 2205/1408/7 2217/1419/99 2216/1418/97 2204/1407/3
f 2206/1409/9 2218/1420/100 2217/1419/99 2205/1408/7
f 2207/1410/95 2219/1421/447 2218/1420/100 2206/1409/9
f 2208/1411/13 2220/1422/102 2219/1421/447 2207/1410/95
f 2209/1412/15 2221/1423/103 2220/1422/102 2208/1411/13
f 2210/1413/96 2222/1424/448 2221/1423/103 2209/1412/15
f 2211/1414/19 2223/1425/105 2222/1424/448 2210/1413/96
f 2212/1415/21 2224/1426/106 2223/1425/105 2211/1414/19
f 2213/1416/23 2225/1427/107 2224/1426/106 2212/1415/21
f 2214/1417/25 2226/1428/108 2225/1427/107 2213/1416/23
f 2216/1418/97 2228/1429/145 2227/65/146 2215/2/98
f 2217/1419/99 2229/1430/147 2228/1429/145 2216/1418/97
f 2218/1420/100 2230/1431/148 2229/1430/147 2217/1419/99
f 2219/1421/447 2231/1432/149 2230/1431/148 2218/1420/100
f 2220/1422/102 2232/1433/150 2231/1432/149 2219/1421/447
f 2221/1423/103 2233/1434/151 2232/1433/150 2220/1422/102
f 2222/1424/448 2234/1435/152 2233/1434/151 2221/1423/103
f 2223/1425/105 2235/1436/153 2234/1435/152 2222/1424/448
f 2224/1426/106 2236/1437/154 2235/1436/153 2223/1425/105
f 2225/1427/107 2237/1438/155 2236/1437/154 2224/1426/106
f 2226/1428/108 2238/1439/156 2237/1438/155 2225/1427/107
f 2228/1429/145 2240/1440/1073 2239/130/1074 2227/65/146
f 2229/1430/147 2241/1441/1075 2240/1440/1073 2228/1429/145
f 2230/1431/148 2242/1442/1076 2241/1441/1075 2229/1430/147
f 2231/1432/149 2243/1443/1077 2242/1442/1076 2230/1431/148
f 2232/1433/150 2244/1444/1078 2243/1443/1077 2231/1432/149
f 2233/1434/151 2245/1445/1079 2244/1444/1078 2232/1433/150
f 2234/1435/152 2246/1446/1080 2245/1445/1079 2233/1434/151
f 2235/1436/153 2247/1447/1081 2246/1446/1080 2234/1435/152
f 2236/1437/154 2248/1448/1082 2247/1447/1081 2235/1436/153
f 2237/1438/155 2249/1449/1083 2248/1448/1082 2236/1437/154
f 2238/1439/156 2250/1450/1084 2249/1449/1083 2237/1438/155
f 2240/1440/1073 2252/1451/1085 2251/71/1086 2239/130/1074
f 2241/1441/1075 2253/1452/1087 2252/1451/1085 2240/1440/1073
f 2242/1442/1076 2254/1453/1088 2253/1452/1087 2241/1441/1075
f 2243/1443/1077 2255/1454/1089 2254/1453/1088 2242/1442/1076
f 2244/1444/1078 2256/1455/1090 2255/1454/1089 2243/1443/1077
f 2245/1445/1079 2257/1456/1091 2256/1455/1090 2244/1444/1078
f 2246/1446/1080 2258/1457/1092 2257/1456/1091 2245/1445/1079
f 2247/1447/1081 2259/1458/1093 2258/1457/1092 2246/1446/1080
f 2248/1448/1082 2260/1459/1094 2259/1458/1093 2247/1447/1081
f 2249/1449/1083 2261/1460/1095 2260/1459/1094 2248/1448/1082
f 2250/1450/1084 2262/1461/1096 2261/1460/1095 2249/1449/1083
f 2252/1451/1085 2264/1462/1097 2263/49/1098 2251/71/1086
f 2253/1452/1087 2265/1463/1099 2264/1462/1097 2252/1451/1085
f 2254/1453/1088 2266/1464/1100 2265/1463/1099 2253/1452/1087
f 2255/1454/1089 2267/1465/1101 2266/1464/1100 2254/1453/1088
f 2256/1455/1090 2268/1466/1102 2267/1465/1101 2255/1454/1089
f 2257/1456/1091 2269/1467/1103 2268/1466/1102 2256/1455/1090
f 2258/1457/1092 2270/1468/1104 2269/1467/1103 2257/1456/1091
f 2259/1458/1093 2271/1469/1105 2270/1468/1104 2258/1457/1092
f 2260/1459/1094 2272/1470/1106 2271/1469/1105 2259/1458/1093
f 2261/1460/1095 2273/1471/1107 2272/1470/1106 2260/1459/1094
f 2262/1461/1096 2274/1472/1108 2273/1471/1107 2261/1460/1095
f 2264/1462/1097 2276/1473/1109 2275/18/1110 2263/49/1098
f 2265/1463/1099 2277/1474/1111 2276/1473/1109 2264/1462/1097
f 2266/1464/1100 2278/1475/1112 2277/1474/1111 2265/1463/1099
f 2267/1465/1101 2279/1476/1113 2278/1475/1112 2266/1464/1100
f 2268/1466/1102 2280/1477/1114 2279/1476/1113 2267/1465/1101
f 2269/1467/1103 2281/1478/1115 2280/1477/1114 2268/1466/1102
f 2270/1468/1104 2282/1479/1116 2281/1478/1115 2269/1467/1103
f 2271/1469/1105 2283/1480/1117 2282/1479/1116 2270/1468/1104
f 2272/1470/1106 2284/1481/1118 2283/1480/1117 2271/1469/1105
f 2273/1471/1107 2285/1482/1119 2284/1481/1118 2272/1470/1106
f 2274/1472/1108 2286/1483/1120 2285/1482/1119 2273/1471/1107
f 2276/1473/1109 2288/1484/1121 2287/48/1122 2275/18/1110
f 2277/1474/1111 2289/1485/1123 2288/1484/1121 2276/1473/1109
f 2278/1475/1112 2290/1486/1124 2289/1485/1123 2277/1474/1111
f 2279/1476/1113 2291/1487/1125 2290/1486/1124 2278/1475/1112
f 2280/1477/1114 2292/1488/1126 2291/1487/1125 2279/1476/1113
f 2281/1478/1115 2293/1489/1127 2292/1488/1126 2280/1477/1114
f 2282/1479/1116 2294/1490/1128 2293/1489/1127 2281/1478/1115
f 2283/1480/1117 2295/1491/1129 2294/1490/1128 2282/1479/1116
f 2284/1481/1118 2296/1492/1130 2295/1491/1129 2283/1480/1117
f 2285/1482/1119 2297/1493/1131 2296/1492/1130 2284/1481/1118
f 2286/1483/1120 2298/1494/1132 2297/1493/1131 2285/1482/1119
f 2288/1484/1121 2168/477/1049 2167/91/1052 2287/48/1122
f 2289/1485/1123 2169/478/1053 2168/477/1049 2288/1484/1121
f 2290/1486/1124 2170/479/1055 2169/478/1053 2289/1485/1123
f 2291/1487/1125 2171/480/1057 2170/479/1055 2290/1486/1124
f 2292/1488/1126 2172/481/1059 2171/480/1057 2291/1487/1125
f 2293/1489/1127 2173/482/1061 2172/481/1059 2292/1488/1126
f 2294/1490/1128 2174/483/1063 2173/482/1061 2293/1489/1127
f 2295/1491/1129 2175/484/1065 2174/483/1063 2294/1490/1128
f 2296/1492/1130 2176/485/1067 2175/484/1065 2295/1491/1129
f 2297/1493/1131 2177/486/1069 2176/485/1067 2296/1492/1130
f 2298/1494/1132 2178/487/1071 2177/486/1069 2297/1493/1131
f 2300/304/1133 2312/1495/1134 2311/1496/1135 2299/129/1136
f 2301/307/1137 2313/1497/1138 2312/1495/1134 2300/304/1133
f 2302/309/1139 2314/1498/1140 2313/1497/1138 2301/307/1137
f 2303/311/1141 2315/1499/1142 2314/1498/1140 2302/309/1139
f 2304/313/1143 2316/1500/1144 2315/1499/1142 2303/311/1141
f 2305/315/1145 2317/1501/1146 2316/1500/1144 2304/313/1143
f 2306/317/1147 2318/1502/1148 2317/1501/1146 2305/315/1145
f 2307/319/1149 2319/1503/1150 2318/1502/1148 2306/317/1147
f 2308/321/1151 2320/1504/1152 2319/1503/1150 2307/319/1149
f 2309/323/1153 2321/1505/1154 2320/1504/1152 2308/321/1151
f 2310/325/1155 2322/1506/1156 2321/1505/1154 2309/323/1153
f 2312/1495/1134 2324/1507/1157 2323/1508/1158 2311/1496/1135
f 2313/1497/1138 2325/1509/1159 2324/1507/1157 2312/1495/1134
f 2314/1498/1140 2326/1510/1160 2325/1509/1159 2313/1497/1138
f 2315/1499/1142 2327/1511/1161 2326/1510/1160 2314/1498/1140
f 2316/1500/1144 2328/1512/1162 2327/1511/1161 2315/1499/1142
f 2317/1501/1146 2329/1513/1163 2328/1512/1162 2316/1500/1144
f 2318/1502/1148 2330/1514/1164 2329/1513/1163 2317/1501/1146
f 2319/1503/1150 2331/1515/1165 2330/1514/1164 2318/1502/1148
f 2320/1504/1152 2332/1516/1166 2331/1515/1165 2319/1503/1150
f 2321/1505/1154 2333/1517/1167 2332/1516/1166 2320/1504/1152
f 2322/1506/1156 2334/1518/1168 2333/1517/1167 2321/1505/1154
f 2324/1507/1157 2336/1519/1169 2335/1520/1170 2323/1508/1158
f 2325/1509/1159 2337/1521/1171 2336/1519/1169 2324/1507/1157
f 2326/1510/1160 2338/1522/1172 2337/1521/1171 2325/1509/1159
f 2327/1511/1161 2339/1523/1173 2338/1522/1172 2326/1510/1160
f 2328/1512/1162 2340/1524/1174 2339/1523/1173 2327/1511/1161
f 2329/1513/1163 2341/1525/1175 2340/1524/1174 2328/1512/1162
f 2330/1514/1164 2342/1526/1176 2341/1525/1175 2329/1513/1163
f 2331/1515/1165 2343/1527/1177 2342/1526/1176 2330/1514/1164
f 2332/1516/1166 2344/1528/1178 2343/1527/1177 2331/1515/1165
f 2333/1517/1167 2345/1529/1179 2344/1528/1178 2332/1516/1166
f 2334/1518/1168 2346/1530/1180 2345/1529/1179 2333/1517/1167
f 2336/1519/1169 2348/1531/1181 2347/97/1182 2335/1520/1170
f 2337/1521/1171 2349/1532/1183 2348/1531/1181 2336/1519/1169
f 2338/1522/1172 2350/1533/1184 2349/1532/1183 2337/1521/1171
f 2339/1523/1173 2351/1534/1185 2350/1533/1184 2338/1522/1172
f 2340/1524/1174 2352/1535/1186 2351/1534/1185 2339/1523/1173
f 2341/1525/1175 2353/1536/1187 2352/1535/1186 2340/1524/1174
f 2342/1526/1176 2354/1537/1188 2353/1536/1187 2341/1525/1175
f 2343/1527/1177 2355/1538/1189 2354/1537/1188 2342/1526/1176
f 2344/1528/1178 2356/1539/1190 2355/1538/1189 2343/1527/1177
f 2345/1529/1179 2357/1540/1191 2356/1539/1190 2344/1528/1178
f 2346/1530/1180 2358/1541/1192 2357/1540/1191 2345/1529/1179
f 2348/1531/1181 2360/1542/1193 2359/1543/1194 2347/97/1182
f 2349/1532/1183 2361/1544/1195 2360/1542/1193 2348/1531/1181
f 2350/1533/1184 2362/1545/1196 2361/1544/1195 2349/1532/1183
f 2351/1534/1185 2363/1546/1197 2362/1545/1196 2350/1533/1184
f 2352/1535/1186 2364/1547/1198 2363/1546/1197 2351/1534/1185
f 2353/1536/1187 2365/1548/1199 2364/1547/1198 2352/1535/1186
f 2354/1537/1188 2366/1549/1200 2365/1548/1199 2353/1536/1187
f 2355/1538/1189 2367/1550/1201 2366/1549/1200 2354/1537/1188
f 2356/1539/1190 2368/1551/1202 2367/1550/1201 2355/1538/1189
f 2357/1540/1191 2369/1552/1203 2368/1551/1202 2356/1539/1190
f 2358/1541/1192 2370/1553/1204 2369/1552/1203 2357/1540/1191
f 2360/1542/1193 2372/1554/1205 2371/1555/1206 2359/1543/1194
f 2361/1544/1195 2373/1556/1207 2372/1554/1205 2360/1542/1193
f 2362/1545/1196 2374/1557/1208 2373/1556/1207 2361/1544/1195
f 2363/1546/1197 2375/1558/1209 2374/1557/1208 2362/1545/1196
f 2364/1547/1198 2376/1559/1210 2375/1558/1209 2363/1546/1197
f 2365/1548/1199 2377/1560/1211 2376/1559/1210 2364/1547/1198
f 2366/1549/1200 2378/1561/1212 2377/1560/1211 2365/1548/1199
f 2367/1550/1201 2379/1562/1213 2378/1561/1212 2366/1549/1200
f 2368/1551/1202 2380/1563/1214 2379/1562/1213 2367/1550/1201
f 2369/1552/1203 2381/1564/1215 2380/1563/1214 2368/1551/1202
f 2370/1553/1204 2382/1565/1216 2381/1564/1215 2369/1552/1203
f 2372/1554/1205 2384/1566/1217 2383/1567/1218 2371/1555/1206
f 2373/1556/1207 2385/1568/1219 2384/1566/1217 2372/1554/1205
f 2374/1557/1208 2386/1569/1220 2385/1568/1219 2373/1556/1207
f 2375/1558/1209 2387/1570/1221 2386/1569/1220 2374/1557/1208
f 2376/1559/1210 2388/1571/1222 2387/1570/1221 2375/1558/1209
f 2377/1560/1211 2389/1572/1223 2388/1571/1222 2376/1559/1210
f 2378/1561/1212 2390/1573/1224 2389/1572/1223 2377/1560/1211
f 2379/1562/1213 2391/1574/1225 2390/1573/1224 2378/1561/1212
f 2380/1563/1214 2392/1575/1226 2391/1574/1225 2379/1562/1213
f 2381/1564/1215 2393/1576/1227 2392/1575/1226 2380/1563/1214
f 2382/1565/1216 2394/1577/1228 2393/1576/1227 2381/1564/1215
f 2384/1566/1217 2396/632/1229 2395/115/1230 2383/1567/1218
f 2385/1568/1219 2397/633/1231 2396/632/1229 2384/1566/1217
f 2386/1569/1220 2398/634/1232 2397/633/1231 2385/1568/1219
f 2387/1570/1221 2399/635/1233 2398/634/1232 2386/1569/1220
f 2388/1571/1222 2400/636/1234 2399/635/1233 2387/1570/1221
f 2389/1572/1223 2401/637/1235 2400/636/1234 2388/1571/1222
f 2390/1573/1224 2402/638/1236 2401/637/1235 2389/1572/1223
f 2391/1574/1225 2403/639/1237 2402/638/1236 2390/1573/1224
f 2392/1575/1226 2404/640/1238 2403/639/1237 2391/1574/1225
f 2393/1576/1227 2405/641/1239 2404/640/1238 2392/1575/1226
f 2394/1577/1228 2406/642/1240 2405/641/1239 2393/1576/1227
f 2396/632/1229 2408/1578/1241 2407/1579/1242 2395/115/1230
f 2397/633/1231 2409/1580/1243 2408/1578/1241 2396/632/1229
f 2398/634/1232 2410/1581/1244 2409/1580/1243 2397/633/1231
f 2399/635/1233 2411/1582/1245 2410/1581/1244 2398/634/1232
f 2400/636/1234 2412/1583/1246 2411/1582/1245 2399/635/1233
f 2401/637/1235 2413/1584/1247 2412/1583/1246 2400/636/1234
f 2402/638/1236 2414/1585/1248 2413/1584/1247 2401/637/1235
f 2403/639/1237 2415/1586/1249 2414/1585/1248 2402/638/1236
f 2404/640/1238 2416/1587/1250 2415/1586/1249 2403/639/1237
f 2405/641/1239 2417/1588/1251 2416/1587/1250 2404/640/1238
f 2406/642/1240 2418/1589/1252 2417/1588/1251 2405/641/1239
f 2408/1578/1241 2420/1590/1253 2419/1591/1254 2407/1579/1242
f 2409/1580/1243 2421/1592/1255 2420/1590/1253 2408/1578/1241
f 2410/1581/1244 2422/1593/1256 2421/1592/1255 2409/1580/1243
f 2411/1582/1245 2423/1594/1257 2422/1593/1256 2410/1581/1244
f 2412/1583/1246 2424/1595/1258 2423/1594/1257 2411/1582/1245
f 2413/1584/1247 2425/1596/1259 2424/1595/1258 2412/1583/1246
f 2414/1585/1248 2426/1597/1260 2425/1596/1259 2413/1584/1247
f 2415/1586/1249 2427/1598/1261 2426/1597/1260 2414/1585/1248
f 2416/1587/1250 2428/1599/1262 2427/1598/1261 2415/1586/1249
f 2417/1588/1251 2429/1600/1263 2428/1599/1262 2416/1587/1250
f 2418/1589/1252 2430/1601/1264 2429/1600/1263 2417/1588/1251
f 2420/1590/1253 2432/1602/1265 2431/1603/1266 2419/1591/1254
f 2421/1592/1255 2433/1604/1267 2432/1602/1265 2420/1590/1253
f 2422/1593/1256 2434/1605/1268 2433/1604/1267 2421/1592/1255
f 2423/1594/1257 2435/1606/1269 2434/1605/1268 2422/1593/1256
f 2424/1595/1258 2436/1607/1270 2435/1606/1269 2423/1594/1257
f 2425/1596/1259 2437/1608/1271 2436/1607/1270 2424/1595/1258
f 2426/1597/1260 2438/1609/1272 2437/1608/1271 2425/1596/1259
f 2427/1598/1261 2439/1610/1273 2438/1609/1272 2426/1597/1260
f 2428/1599/1262 2440/1611/1274 2439/1610/1273 2427/1598/1261
f 2429/1600/1263 2441/1612/1275 2440/1611/1274 2428/1599/1262
f 2430/1601/1264 2442/1613/1276 2441/1612/1275 2429/1600/1263
f 2432/1602/1265 2444/1614/1277 2443/58/1278 2431/1603/1266
f 2433/1604/1267 2445/1615/1279 2444/1614/1277 2432/1602/1265
f 2434/1605/1268 2446/1616/1280 2445/1615/1279 2433/1604/1267
f 2435/1606/1269 2447/1617/1281 2446/1616/1280 2434/1605/1268
f 2436/1607/1270 2448/1618/1282 2447/1617/1281 2435/1606/1269
f 2437/1608/1271 2449/1619/1283 2448/1618/1282 2436/1607/1270
f 2438/1609/1272 2450/1620/1284 2449/1619/1283 2437/1608/1271
f 2439/1610/1273 2451/1621/1285 2450/1620/1284 2438/1609/1272
f 2440/1611/1274 2452/1622/1286 2451/1621/1285 2439/1610/1273
f 2441/1612/1275 2453/1623/1287 2452/1622/1286 2440/1611/1274
f 2442/1613/1276 2454/1624/1288 2453/1623/1287 2441/1612/1275
f 2444/1614/1277 2456/1625/1289 2455/1626/1290 2443/58/1278
f 2445/1615/1279 2457/1627/1291 2456/1625/1289 2444/1614/1277
f 2446/1616/1280 2458/1628/1292 2457/1627/1291 2445/1615/1279
f 2447/1617/1281 2459/1629/1293 2458/1628/1292 2446/1616/1280
f 2448/1618/1282 2460/1630/1294 2459/1629/1293 2447/1617/1281
f 2449/1619/1283 2461/1631/1295 2460/1630/1294 2448/1618/1282
f 2450/1620/1284 2462/1632/1296 2461/1631/1295 2449/1619/1283
f 2451/1621/1285 2463/1633/1297 2462/1632/1296 2450/1620/1284
f 2452/1622/1286 2464/1634/1298 2463/1633/1297 2451/1621/1285
f 2453/1623/1287 2465/1635/1299 2464/1634/1298 2452/1622/1286
f 2454/1624/1288 2466/1636/1300 2465/1635/1299 2453/1623/1287
f 2456/1625/1289 2468/1637/1301 2467/1638/1302 2455/1626/1290
f 2457/1627/1291 2469/1639/1303 2468/1637/1301 2456/1625/1289
f 2458/1628/1292 2470/1640/1304 2469/1639/1303 2457/1627/1291
f 2459/1629/1293 2471/1641/1305 2470/1640/1304 2458/1628/1292
f 2460/1630/1294 2472/1642/1306 2471/1641/1305 2459/1629/1293
f 2461/1631/1295 2473/1643/1307 2472/1642/1306 2460/1630/1294
f 2462/1632/1296 2474/1644/1308 2473/1643/1307 2461/1631/1295
f 2463/1633/1297 2475/1645/1309 2474/1644/1308 2462/1632/1296
f 2464/1634/1298 2476/1646/1310 2475/1645/1309 2463/1633/1297
f 2465/1635/1299 2477/1647/1311 2476/1646/1310 2464/1634/1298
f 2466/1636/1300 2478/1648/1312 2477/1647/1311 2465/1635/1299
f 2468/1637/1301 2480/1649/1313 2479/1650/1314 2467/1638/1302
f 2469/1639/1303 2481/1651/1315 2480/1649/1313 2468/1637/1301
f 2470/1640/1304 2482/1652/1316 2481/1651/1315 2469/1639/1303
f 2471/1641/1305 2483/1653/1317 2482/1652/1316 2470/1640/1304
f 2472/1642/1306 2484/1654/1318 2483/1653/1317 2471/1641/1305
f 2473/1643/1307 2485/1655/1319 2484/1654/1318 2472/1642/1306
f 2474/1644/1308 2486/1656/1320 2485/1655/1319 2473/1643/1307
f 2475/1645/1309 2487/1657/1321 2486/1656/1320 2474/1644/1308
f 2476/1646/1310 2488/1658/1322 2487/1657/1321 2475/1645/1309
f 2477/1647/1311 2489/1659/1323 2488/1658/1322 2476/1646/1310
f 2478/1648/1312 2490/1660/1324 2489/1659/1323 2477/1647/1311
f 2480/1649/1313 2492/362/1325 2491/6/1326 2479/1650/1314
f 2481/1651/1315 2493/363/1327 2492/362/1325 2480/1649/1313
f 2482/1652/1316 2494/364/1328 2493/363/1327 2481/1651/1315
f 2483/1653/1317 2495/365/1329 2494/364/1328 2482/1652/1316
f 2484/1654/1318 2496/366/1330 2495/365/1329 2483/1653/1317
f 2485/1655/1319 2497/367/1331 2496/366/1330 2484/1654/1318
f 2486/1656/1320 2498/368/1332 2497/367/1331 2485/1655/1319
f 2487/1657/1321 2499/369/1333 2498/368/1332 2486/1656/1320
f 2488/1658/1322 2500/370/1334 2499/369/1333 2487/1657/1321
f 2489/1659/1323 2501/371/1335 2500/370/1334 2488/1658/1322
f 2490/1660/1324 2502/372/1336 2501/371/1335 2489/1659/1323
f 2492/362/1325 2504/1661/1337 2503/1662/1338 2491/6/1326
f 2493/363/1327 2505/1663/1339 2504/1661/1337 2492/362/1325
f 2494/364/1328 2506/1664/1340 2505/1663/1339 2493/363/1327
f 2495/365/1329 2507/1665/1341 2506/1664/1340 2494/364/1328
f 2496/366/1330 2508/1666/1342 2507/1665/1341 2495/365/1329
f 2497/367/1331 2509/1667/1343 2508/1666/1342 2496/366/1330
f 2498/368/1332 2510/1668/1344 2509/1667/1343 2497/367/1331
f 2499/369/1333 2511/1669/1345 2510/1668/1344 2498/368/1332
f 2500/370/1334 2512/1670/1346 2511/1669/1345 2499/369/1333
f 2501/371/1335 2513/1671/1347 2512/1670/1346 2500/370/1334
f 2502/372/1336 2514/1672/1348 2513/1671/1347 2501/371/1335
f 2504/1661/1337 2516/1673/1349 2515/1674/1350 2503/1662/1338
f 2505/1663/1339 2517/1675/1351 2516/1673/1349 2504/1661/1337
f 2506/1664/1340 2518/1676/1352 2517/1675/1351 2505/1663/1339
f 2507/1665/1341 2519/1677/1353 2518/1676/1352 2506/1664/1340
f 2508/1666/1342 2520/1678/1354 2519/1677/1353 2507/1665/1341
f 2509/1667/1343 2521/1679/1355 2520/1678/1354 2508/1666/1342
f 2510/1668/1344 2522/1680/1356 2521/1679/1355 2509/1667/1343
f 2511/1669/1345 2523/1681/1357 2522/1680/1356 2510/1668/1344
f 2512/1670/1346 2524/1682/1358 2523/1681/1357 2511/1669/1345
f 2513/1671/1347 2525/1683/1359 2524/1682/1358 2512/1670/1346
f 2514/1672/1348 2526/1684/1360 2525/1683/1359 2513/1671/1347
f 2516/1673/1349 2528/1685/1361 2527/1686/1362 2515/1674/1350
f 2517/1675/1351 2529/1687/1363 2528/1685/1361 2516/1673/1349
f 2518/1676/1352 2530/1688/1364 2529/1687/1363 2517/1675/1351
f 2519/1677/1353 2531/1689/1365 2530/1688/1364 2518/1676/1352
f 2520/1678/1354 2532/1690/1366 2531/1689/1365 2519/1677/1353
f 2521/1679/1355 2533/1691/1367 2532/1690/1366 2520/1678/1354
f 2522/1680/1356 2534/1692/1368 2533/1691/1367 2521/1679/1355
f 2523/1681/1357 2535/1693/1369 2534/1692/1368 2522/1680/1356
f 2524/1682/1358 2536/1694/1370 2535/1693/1369 2523/1681/1357
f 2525/1683/1359 2537/1695/1371 2536/1694/1370 2524/1682/1358
f 2526/1684/1360 2538/1696/1372 2537/1695/1371 2525/1683/1359
f 2528/1685/1361 2540/1697/1373 2539/22/1374 2527/1686/1362
f 2529/1687/1363 2541/1698/1375 2540/1697/1373 2528/1685/1361
f 2530/1688/1364 2542/1699/1376 2541/1698/1375 2529/1687/1363
f 2531/1689/1365 2543/1700/1377 2542/1699/1376 2530/1688/1364
f 2532/1690/1366 2544/1701/1378 2543/1700/1377 2531/1689/1365
f 2533/1691/1367 2545/1702/1379 2544/1701/1378 2532/1690/1366
f 2534/1692/1368 2546/1703/1380 2545/1702/1379 2533/1691/1367
f 2535/1693/1369 2547/1704/1381 2546/1703/1380 2534/1692/1368
f 2536/1694/1370 2548/1705/1382 2547/1704/1381 2535/1693/1369
f 2537/1695/1371 2549/1706/1383 2548/1705/1382 2536/1694/1370
f 2538/1696/1372 2550/1707/1384 2549/1706/1383 2537/1695/1371
f 2540/1697/1373 2552/1708/1385 2551/1709/1386 2539/22/1374
f 2541/1698/1375 2553/1710/1387 2552/1708/1385 2540/1697/1373
f 2542/1699/1376 2554/1711/1388 2553/1710/1387 2541/1698/1375
f 2543/1700/1377 2555/1712/1389 2554/1711/1388 2542/1699/1376
f 2544/1701/1378 2556/1713/1390 2555/1712/1389 2543/1700/1377
f 2545/1702/1379 2557/1714/1391 2556/1713/1390 2544/1701/1378
f 2546/1703/1380 2558/1715/1392 2557/1714/1391 2545/1702/1379
f 2547/1704/1381 2559/1716/1393 2558/1715/1392 2546/1703/1380
f 2548/1705/1382 2560/1717/1394 2559/1716/1393 2547/1704/1381
f 2549/1706/1383 2561/1718/1395 2560/1717/1394 2548/1705/1382
f 2550/1707/1384 2562/1719/1396 2561/1718/1395 2549/1706/1383
f 2552/1708/1385 2564/1720/1397 2563/1721/1398 2551/1709/1386
f 2553/1710/1387 2565/1722/1399 2564/1720/1397 2552/1708/1385
f 2554/1711/1388 2566/1723/1400 2565/1722/1399 2553/1710/1387
f 2555/1712/1389 2567/1724/1401 2566/1723/1400 2554/1711/1388
f 2556/1713/1390 2568/1725/1402 2567/1724/1401 2555/1712/1389
f 2557/1714/1391 2569/1726/1403 2568/1725/1402 2556/1713/1390
f 2558/1715/1392 2570/1727/1404 2569/1726/1403 2557/1714/1391
f 2559/1716/1393 2571/1728/1405 2570/1727/1404 2558/1715/1392
f 2560/1717/1394 2572/1729/1406 2571/1728/1405 2559/1716/1393
f 2561/1718/1395 2573/1730/1407 2572/1729/1406 2560/1717/1394
f 2562/1719/1396 2574/1731/1408 2573/1730/1407 2561/1718/1395
f 2564/1720/1397 2576/1732/1409 2575/1733/1410 2563/1721/1398
f 2565/1722/1399 2577/1734/1411 2576/1732/1409 2564/1720/1397
f 2566/1723/1400 2578/1735/1412 2577/1734/1411 2565/1722/1399
f 2567/1724/1401 2579/1736/1413 2578/1735/1412 2566/1723/1400
f 2568/1725/1402 2580/1737/1414 2579/1736/1413 2567/1724/1401
f 2569/1726/1403 2581/1738/1415 2580/1737/1414 2568/1725/1402
f 2570/1727/1404 2582/1739/1416 2581/1738/1415 2569/1726/1403
f 2571/1728/1405 2583/1740/1417 2582/1739/1416 2570/1727/1404
f 2572/1729/1406 2584/1741/1418 2583/1740/1417 2571/1728/1405
f 2573/1730/1407 2585/1742/1419 2584/1741/1418 2572/1729/1406
f 2574/1731/1408 2586/1743/1420 2585/1742/1419 2573/1730/1407
f 2576/1732/1409 2588/931/1421 2587/122/1422 2575/1733/1410
f 2577/1734/1411 2589/932/1423 2588/931/1421 2576/1732/1409
f 2578/1735/1412 2590/933/1424 2589/932/1423 2577/1734/1411
f 2579/1736/1413 2591/934/1425 2590/933/1424 2578/1735/1412
f 2580/1737/1414 2592/935/1426 2591/934/1425 2579/1736/1413
f 2581/1738/1415 2593/936/1427 2592/935/1426 2580/1737/1414
f 2582/1739/1416 2594/937/1428 2593/936/1427 2581/1738/1415
f 2583/1740/1417 2595/938/1429 2594/937/1428 2582/1739/1416
f 2584/1741/1418 2596/939/1430 2595/938/1429 2583/1740/1417
f 2585/1742/1419 2597/940/1431 2596/939/1430 2584/1741/1418
f 2586/1743/1420 2598/941/1432 2597/940/1431 2585/1742/1419
f 2588/931/1421 2600/1744/1433 2599/1745/1434 2587/122/1422
f 2589/932/1423 2601/1746/1435 2600/1744/1433 2588/931/1421
f 2590/933/1424 2602/1747/1436 2601/1746/1435 2589/932/1423
f 2591/934/1425 2603/1748/1437 2602/1747/1436 2590/933/1424
f 2592/935/1426 2604/1749/1438 2603/1748/1437 2591/934/1425
f 2593/936/1427 2605/1750/1439 2604/1749/1438 2592/935/1426
f 2594/937/1428 2606/1751/1440 2605/1750/1439 2593/936/1427
f 2595/938/1429 2607/1752/1441 2606/1751/1440 2594/937/1428
f 2596/939/1430 2608/1753/1442 2607/1752/1441 2595/938/1429
f 2597/940/1431 2609/1754/1443 2608/1753/1442 2596/939/1430
f 2598/941/1432 2610/1755/1444 2609/1754/1443 2597/940/1431
f 2600/1744/1433 2612/1756/1445 2611/1757/1446 2599/1745/1434
f 2601/1746/1435 2613/1758/1447 2612/1756/1445 2600/1744/1433
f 2602/1747/1436 2614/1759/1448 2613/1758/1447 2601/1746/1435
f 2603/1748/1437 2615/1760/1449 2614/1759/1448 2602/1747/1436
f 2604/1749/1438 2616/1761/1450 2615/1760/1449 2603/1748/1437
f 2605/1750/1439 2617/1762/1451 2616/1761/1450 2604/1749/1438
f 2606/1751/1440 2618/1763/1452 2617/1762/1451 2605/1750/1439
f 2607/1752/1441 2619/1764/1453 2618/1763/1452 2606/1751/1440
f 2608/1753/1442 2620/1765/1454 2619/1764/1453 2607/1752/1441
f 2609/1754/1443 2621/1766/1455 2620/1765/1454 2608/1753/1442
f 2610/1755/1444 2622/1767/1456 2621/1766/1455 2609/1754/1443
f 2612/1756/1445 2624/1768/1457 2623/1769/1458 2611/1757/1446
f 2613/1758/1447 2625/1770/1459 2624/1768/1457 2612/1756/1445
f 2614/1759/1448 2626/1771/1460 2625/1770/1459 2613/1758/1447
f 2615/1760/1449 2627/1772/1461 2626/1771/1460 2614/1759/1448
f 2616/1761/1450 2628/1773/1462 2627/1772/1461 2615/1760/1449
f 2617/1762/1451 2629/1774/1463 2628/1773/1462 2616/1761/1450
f 2618/1763/1452 2630/1775/1464 2629/1774/1463 2617/1762/1451
f 2619/1764/1453 2631/1776/1465 2630/1775/1464 2618/1763/1452
f 2620/1765/1454 2632/1777/1466 2631/1776/1465 2619/1764/1453
f 2621/1766/1455 2633/1778/1467 2632/1777/1466 2620/1765/1454
f 2622/1767/1456 2634/1779/1468 2633/1778/1467 2621/1766/1455
f 2624/1768/1457 2636/1780/1469 2635/84/1470 2623/1769/1458
f 2625/1770/1459 2637/1781/1471 2636/1780/1469 2624/1768/1457
f 2626/1771/1460 2638/1782/1472 2637/1781/1471 2625/1770/1459
f 2627/1772/1461 2639/1783/1473 2638/1782/1472 2626/1771/1460
f 2628/1773/1462 2640/1784/1474 2639/1783/1473 2627/1772/1461
f 2629/1774/1463 2641/1785/1475 2640/1784/1474 2628/1773/1462
f 2630/1775/1464 2642/1786/1476 2641/1785/1475 2629/1774/1463
f 2631/1776/1465 2643/1787/1477 2642/1786/1476 2630/1775/1464
f 2632/1777/1466 2644/1788/1478 2643/1787/1477 2631/1776/1465
f 2633/1778/1467 2645/1789/1479 2644/1788/1478 2632/1777/1466
f 2634/1779/1468 2646/1790/1480 2645/1789/1479 2633/1778/1467
f 2636/1780/1469 2648/1791/1481 2647/1792/1482 2635/84/1470
f 2637/1781/1471 2649/1793/1483 2648/1791/1481 2636/1780/1469
f 2638/1782/1472 2650/1794/1484 2649/1793/1483 2637/1781/1471
f 2639/1783/1473 2651/1795/1485 2650/1794/1484 2638/1782/1472
f 2640/1784/1474 2652/1796/1486 2651/1795/1485 2639/1783/1473
f 2641/1785/1475 2653/1797/1487 2652/1796/1486 2640/1784/1474
f 2642/1786/1476 2654/1798/1488 2653/1797/1487 2641/1785/1475
f 2643/1787/1477 2655/1799/1489 2654/1798/1488 2642/1786/1476
f 2644/1788/1478 2656/1800/1490 2655/1799/1489 2643/1787/1477
f 2645/1789/1479 2657/1801/1491 2656/1800/1490 2644/1788/1478
f 2646/1790/1480 2658/1802/1492 2657/1801/1491 2645/1789/1479
f 2648/1791/1481 2660/1803/1493 2659/1804/1494 2647/1792/1482
f 2649/1793/1483 2661/1805/1495 2660/1803/1493 2648/1791/1481
f 2650/1794/1484 2662/1806/1496 2661/1805/1495 2649/1793/1483
f 2651/1795/1485 2663/1807/1497 2662/1806/1496 2650/1794/1484
f 2652/1796/1486 2664/1808/1498 2663/1807/1497 2651/1795/1485
f 2653/1797/1487 2665/1809/1499 2664/1808/1498 2652/1796/1486
f 2654/1798/1488 2666/1810/1500 2665/1809/1499 2653/1797/1487
f 2655/1799/1489 2667/1811/1501 2666/1810/1500 2654/1798/1488
f 2656/1800/1490 2668/1812/1502 2667/1811/1501 2655/1799/1489
f 2657/1801/1491 2669/1813/1503 2668/1812/1502 2656/1800/1490
f 2658/1802/1492 2670/1814/1504 2669/1813/1503 2657/1801/1491
f 2660/1803/1493 2672/1815/1505 2671/1816/1506 2659/1804/1494
f 2661/1805/1495 2673/1817/1507 2672/1815/1505 2660/1803/1493
f 2662/1806/1496 2674/1818/1508 2673/1817/1507 2661/1805/1495
f 2663/1807/1497 2675/1819/1509 2674/1818/1508 2662/1806/1496
f 2664/1808/1498 2676/1820/1510 2675/1819/1509 2663/1807/1497
f 2665/1809/1499 2677/1821/1511 2676/1820/1510 2664/1808/1498
f 2666/1810/1500 2678/1822/1512 2677/1821/1511 2665/1809/1499
f 2667/1811/1501 2679/1823/1513 2678/1822/1512 2666/1810/1500
f 2668/1812/1502 2680/1824/1514 2679/1823/1513 2667/1811/1501
f 2669/1813/1503 2681/1825/1515 2680/1824/1514 2668/1812/1502
f 2670/1814/1504 2682/1826/1516 2681/1825/1515 2669/1813/1503
f 2672/1815/1505 2684/419/1517 2683/64/1518 2671/1816/1506
f 2673/1817/1507 2685/420/1519 2684/419/1517 2672/1815/1505
f 2674/1818/1508 2686/421/1520 2685/420/1519 2673/1817/1507
f 2675/1819/1509 2687/422/1521 2686/421/1520 2674/1818/1508
f 2676/1820/1510 2688/423/1522 2687/422/1521 2675/1819/1509
f 2677/1821/1511 2689/424/1523 2688/423/1522 2676/1820/1510
f 2678/1822/1512 2690/425/1524 2689/424/1523 2677/1821/1511
f 2679/1823/1513 2691/426/1525 2690/425/1524 2678/1822/1512
f 2680/1824/1514 2692/427/1526 2691/426/1525 2679/1823/1513
f 2681/1825/1515 2693/428/1527 2692/427/1526 2680/1824/1514
f 2682/1826/1516 2694/429/1528 2693/428/1527 2681/1825/1515
f 2684/419/1517 2696/1827/1529 2695/1828/1530 2683/64/1518
f 2685/420/1519 2697/1829/1531 2696/1827/1529 2684/419/1517
f 2686/421/1520 2698/1830/1532 2697/1829/1531 2685/420/1519
f 2687/422/1521 2699/1831/1533 2698/1830/1532 2686/421/1520
f 2688/423/1522 2700/1832/1534 2699/1831/1533 2687/422/1521
f 2689/424/1523 2701/1833/1535 2700/1832/1534 2688/423/1522
f 2690/425/1524 2702/1834/1536 2701/1833/1535 2689/424/1523
f 2691/426/1525 2703/1835/1537 2702/1834/1536 2690/425/1524
f 2692/427/1526 2704/1836/1538 2703/1835/1537 2691/426/1525
f 2693/428/1527 2705/1837/1539 2704/1836/1538 2692/427/1526
f 2694/429/1528 2706/1838/1540 2705/1837/1539 2693/428/1527
f 2696/1827/1529 2708/1839/1541 2707/1840/1542 2695/1828/1530
f 2697/1829/1531 2709/1841/1543 2708/1839/1541 2696/1827/1529
f 2698/1830/1532 2710/1842/1544 2709/1841/1543 2697/1829/1531
f 2699/1831/1533 2711/1843/1545 2710/1842/1544 2698/1830/1532
f 2700/1832/1534 2712/1844/1546 2711/1843/1545 2699/1831/1533
f 2701/1833/1535 2713/1845/1547 2712/1844/1546 2700/1832/1534
f 2702/1834/1536 2714/1846/1548 2713/1845/1547 2701/1833/1535
f 2703/1835/1537 2715/1847/1549 2714/1846/1548 2702/1834/1536
f 2704/1836/1538 2716/1848/1550 2715/1847/1549 2703/1835/1537
f 2705/1837/1539 2717/1849/1551 2716/1848/1550 2704/1836/1538
f 2706/1838/1540 2718/1850/1552 2717/1849/1551 2705/1837/1539
f 2708/1839/1541 2720/1851/1553 2719/1852/1554 2707/1840/1542
f 2709/1841/1543 2721/1853/1555 2720/1851/1553 2708/1839/1541
f 2710/1842/1544 2722/1854/1556 2721/1853/1555 2709/1841/1543
f 2711/1843/1545 2723/1855/1557 2722/1854/1556 2710/1842/1544
f 2712/1844/1546 2724/1856/1558 2723/1855/1557 2711/1843/1545
f 2713/1845/1547 2725/1857/1559 2724/1856/1558 2712/1844/1546
f 2714/1846/1548 2726/1858/1560 2725/1857/1559 2713/1845/1547
f 2715/1847/1549 2727/1859/1561 2726/1858/1560 2714/1846/1548
f 2716/1848/1550 2728/1860/1562 2727/1859/1561 2715/1847/1549
f 2717/1849/1551 2729/1861/1563 2728/1860/1562 2716/1848/1550
f 2718/1850/1552 2730/1862/1564 2729/1861/1563 2717/1849/1551
f 2720/1851/1553 2732/1863/1565 2731/41/1566 2719/1852/1554
f 2721/1853/1555 2733/1864/1567 2732/1863/1565 2720/1851/1553
f 2722/1854/1556 2734/1865/1568 2733/1864/1567 2721/1853/1555
f 2723/1855/1557 2735/1866/1569 2734/1865/1568 2722/1854/1556
f 2724/1856/1558 2736/1867/1570 2735/1866/1569 2723/1855/1557
f 2725/1857/1559 2737/1868/1571 2736/1867/1570 2724/1856/1558
f 2726/1858/1560 2738/1869/1572 2737/1868/1571 2725/1857/1559
f 2727/1859/1561 2739/1870/1573 2738/1869/1572 2726/1858/1560
f 2728/1860/1562 2740/1871/1574 2739/1870/1573 2727/1859/1561
f 2729/1861/1563 2741/1872/1575 2740/1871/1574 2728/1860/1562
f 2730/1862/1564 2742/1873/1576 2741/1872/1575 2729/1861/1563
f 2732/1863/1565 2744/1874/1577 2743/1875/1578 2731/41/1566
f 2733/1864/1567 2745/1876/1579 2744/1874/1577 2732/1863/1565
f 2734/1865/1568 2746/1877/1580 2745/1876/1579 2733/1864/1567
f 2735/1866/1569 2747/1878/1581 2746/1877/1580 2734/1865/1568
f 2736/1867/1570 2748/1879/1582 2747/1878/1581 2735/1866/1569
f 2737/1868/1571 2749/1880/1583 2748/1879/1582 2736/1867/1570
f 2738/1869/1572 2750/1881/1584 2749/1880/1583 2737/1868/1571
f 2739/1870/1573 2751/1882/1585 2750/1881/1584 2738/1869/1572
f 2740/1871/1574 2752/1883/1586 2751/1882/1585 2739/1870/1573
f 2741/1872/1575 2753/1884/1587 2752/1883/1586 2740/1871/1574
f 2742/1873/1576 2754/1885/1588 2753/1884/1587 2741/1872/1575
f 2744/1874/1577 2756/1886/1589 2755/1887/1590 2743/1875/1578
f 2745/1876/1579 2757/1888/1591 2756/1886/1589 2744/1874/1577
f 2746/1877/1580 2758/1889/1592 2757/1888/1591 2745/1876/1579
f 2747/1878/1581 2759/1890/1593 2758/1889/1592 2746/1877/1580
f 2748/1879/1582 2760/1891/1594 2759/1890/1593 2747/1878/1581
f 2749/1880/1583 2761/1892/1595 2760/1891/1594 2748/1879/1582
f 2750/1881/1584 2762/1893/1596 2761/1892/1595 2749/1880/1583
f 2751/1882/1585 2763/1894/1597 2762/1893/1596 2750/1881/1584
f 2752/1883/1586 2764/1895/1598 2763/1894/1597 2751/1882/1585
f 2753/1884/1587 2765/1896/1599 2764/1895/1598 2752/1883/1586
f 2754/1885/1588 2766/1897/1600 2765/1896/1599 2753/1884/1587
f 2756/1886/1589 2768/1898/1601 2767/1899/1602 2755/1887/1590
f 2757/1888/1591 2769/1900/1603 2768/1898/1601 2756/1886/1589
f 2758/1889/1592 2770/1901/1604 2769/1900/1603 2757/1888/1591
f 2759/1890/1593 2771/1902/1605 2770/1901/1604 2758/1889/1592
f 2760/1891/1594 2772/1903/1606 2771/1902/1605 2759/1890/1593
f 2761/1892/1595 2773/1904/1607 2772/1903/1606 2760/1891/1594
f 2762/1893/1596 2774/1905/1608 2773/1904/1607 2761/1892/1595
f 2763/1894/1597 2775/1906/1609 2774/1905/1608 2762/1893/1596
f 2764/1895/1598 2776/1907/1610 2775/1906/1609 2763/1894/1597
f 2765/1896/1599 2777/1908/1611 2776/1907/1610 2764/1895/1598
f 2766/1897/1600 2778/1909/1612 2777/1908/1611 2765/1896/1599
f 2768/1898/1601 2780/1230/1613 2779/20/1614 2767/1899/1602
f 2769/1900/1603 2781/1231/1615 2780/1230/1613 2768/1898/1601
f 2770/1901/1604 2782/1232/1616 2781/1231/1615 2769/1900/1603
f 2771/1902/1605 2783/1233/1617 2782/1232/1616 2770/1901/1604
f 2772/1903/1606 2784/1234/1618 2783/1233/1617 2771/1902/1605
f 2773/1904/1607 2785/1235/1619 2784/1234/1618 2772/1903/1606
f 2774/1905/1608 2786/1236/1620 2785/1235/1619 2773/1904/1607
f 2775/1906/1609 2787/1237/1621 2786/1236/1620 2774/1905/1608
f 2776/1907/1610 2788/1238/1622 2787/1237/1621 2775/1906/1609
f 2777/1908/1611 2789/1239/1623 2788/1238/1622 2776/1907/1610
f 2778/1909/1612 2790/1240/1624 2789/1239/1623 2777/1908/1611
f 2780/1230/1613 2792/1910/1625 2791/1911/1626 2779/20/1614
f 2781/1231/1615 2793/1912/1627 2792/1910/1625 2780/1230/1613
f 2782/1232/1616 2794/1913/1628 2793/1912/1627 2781/1231/1615
f 2783/1233/1617 2795/1914/1629 2794/1913/1628 2782/1232/1616
f 2784/1234/1618 2796/1915/1630 2795/1914/1629 2783/1233/1617
f 2785/1235/1619 2797/1916/1631 2796/1915/1630 2784/1234/1618
f 2786/1236/1620 2798/1917/1632 2797/1916/1631 2785/1235/1619
f 2787/1237/1621 2799/1918/1633 2798/1917/1632 2786/1236/1620
f 2788/1238/1622 2800/1919/1634 2799/1918/1633 2787/1237/1621
f 2789/1239/1623 2801/1920/1635 2800/1919/1634 2788/1238/1622
f 2790/1240/1624 2802/1921/1636 2801/1920/1635 2789/1239/1623
f 2792/1910/1625 2804/1922/1637 2803/1923/1638 2791/1911/1626
f 2793/1912/1627 2805/1924/1639 2804/1922/1637 2792/1910/1625
f 2794/1913/1628 2806/1925/1640 2805/1924/1639 2793/1912/1627
f 2795/1914/1629 2807/1926/1641 2806/1925/1640 2794/1913/1628
f 2796/1915/1630 2808/1927/1642 2807/1926/1641 2795/1914/1629
f 2797/1916/1631 2809/1928/1643 2808/1927/1642 2796/1915/1630
f 2798/1917/1632 2810/1929/1644 2809/1928/1643 2797/1916/1631
f 2799/1918/1633 2811/1930/1645 2810/1929/1644 2798/1917/1632
f 2800/1919/1634 2812/1931/1646 2811/1930/1645 2799/1918/1633
f 2801/1920/1635 2813/1932/1647 2812/1931/1646 2800/1919/1634
f 2802/1921/1636 2814/1933/1648 2813/1932/1647 2801/1920/1635
f 2804/1922/1637 2816/1934/1649 2815/1935/1650 2803/1923/1638
f 2805/1924/1639 2817/1936/1651 2816/1934/1649 2804/1922/1637
f 2806/1925/1640 2818/1937/1652 2817/1936/1651 2805/1924/1639
f 2807/1926/1641 2819/1938/1653 2818/1937/1652 2806/1925/1640
f 2808/1927/1642 2820/1939/1654 2819/1938/1653 2807/1926/1641
f 2809/1928/1643 2821/1940/1655 2820/1939/1654 2808/1927/1642
f 2810/1929/1644 2822/1941/1656 2821/1940/1655 2809/1928/1643
f 2811/1930/1645 2823/1942/1657 2822/1941/1656 2810/1929/1644
f 2812/1931/1646 2824/1943/1658 2823/1942/1657 2811/1930/1645
f 2813/1932/1647 2825/1944/1659 2824/1943/1658 2812/1931/1646
f 2814/1933/1648 2826/1945/1660 2825/1944/1659 2813/1932/1647
f 2816/1934/1649 2828/1946/1661 2827/50/1662 2815/1935/1650
f 2817/1936/1651 2829/1947/1663 2828/1946/1661 2816/1934/1649
f 2818/1937/1652 2830/1948/1664 2829/1947/1663 2817/1936/1651
f 2819/1938/1653 2831/1949/1665 2830/1948/1664 2818/1937/1652
f 2820/1939/1654 2832/1950/1666 2831/1949/1665 2819/1938/1653
f 2821/1940/1655 2833/1951/1667 2832/1950/1666 2820/1939/1654
f 2822/1941/1656 2834/1952/1668 2833/1951/1667 2821/1940/1655
f 2823/1942/1657 2835/1953/1669 2834/1952/1668 2822/1941/1656
f 2824/1943/1658 2836/1954/1670 2835/1953/1669 2823/1942/1657
f 2825/1944/1659 2837/1955/1671 2836/1954/1670 2824/1943/1658
f 2826/1945/1660 2838/1956/1672 2837/1955/1671 2825/1944/1659
f 2828/1946/1661 2840/1957/1673 2839/1958/1674 2827/50/1662
f 2829/1947/1663 2841/1959/1675 2840/1957/1673 2828/1946/1661
f 2830/1948/1664 2842/1960/1676 2841/1959/1675 2829/1947/1663
f 2831/1949/1665 2843/1961/1677 2842/1960/1676 2830/1948/1664
f 2832/1950/1666 2844/1962/1678 2843/1961/1677 2831/1949/1665
f 2833/1951/1667 2845/1963/1679 2844/1962/1678 2832/1950/1666
f 2834/1952/1668 2846/1964/1680 2845/1963/1679 2833/1951/1667
f 2835/1953/1669 2847/1965/1681 2846/1964/1680 2834/1952/1668
f 2836/1954/1670 2848/1966/1682 2847/1965/1681 2835/1953/1669
f 2837/1955/1671 2849/1967/1683 2848/1966/1682 2836/1954/1670
f 2838/1956/1672 2850/1968/1684 2849/1967/1683 2837/1955/1671
f 2840/1957/1673 2852/1969/1685 2851/1970/1686 2839/1958/1674
f 2841/1959/1675 2853/1971/1687 2852/1969/1685 2840/1957/1673
f 2842/1960/1676 2854/1972/1688 2853/1971/1687 2841/1959/1675
f 2843/1961/1677 2855/1973/1689 2854/1972/1688 2842/1960/1676
f 2844/1962/1678 2856/1974/1690 2855/1973/1689 2843/1961/1677
f 2845/1963/1679 2857/1975/1691 2856/1974/1690 2844/1962/1678
f 2846/1964/1680 2858/1976/1692 2857/1975/1691 2845/1963/1679
f 2847/1965/1681 2859/1977/1693 2858/1976/1692 2846/1964/1680
f 2848/1966/1682 2860/1978/1694 2859/1977/1693 2847/1965/1681
f 2849/1967/1683 2861/1979/1695 2860/1978/1694 2848/1966/1682
f 2850/1968/1684 2862/1980/1696 2861/1979/1695 2849/1967/1683
f 2852/1969/1685 2864/1981/1697 2863/1982/1698 2851/1970/1686
f 2853/1971/1687 2865/1983/1699 2864/1981/1697 2852/1969/1685
f 2854/1972/1688 2866/1984/1700 2865/1983/1699 2853/1971/1687
f 2855/1973/1689 2867/1985/1701 2866/1984/1700 2854/1972/1688
f 2856/1974/1690 2868/1986/1702 2867/1985/1701 2855/1973/1689
f 2857/1975/1691 2869/1987/1703 2868/1986/1702 2856/1974/1690
f 2858/1976/1692 2870/1988/1704 2869/1987/1703 2857/1975/1691
f 2859/1977/1693 2871/1989/1705 2870/1988/1704 2858/1976/1692
f 2860/1978/1694 2872/1990/1706 2871/1989/1705 2859/1977/1693
f 2861/1979/1695 2873/1991/1707 2872/1990/1706 2860/1978/1694
f 2862/1980/1696 2874/1992/1708 2873/1991/1707 2861/1979/1695
f 2864/1981/1697 2300/477/1133 2299/91/1136 2863/1982/1698
f 2865/1983/1699 2301/478/1137 2300/477/1133 2864/1981/1697
f 2866/1984/1700 2302/479/1139 2301/478/1137 2865/1983/1699
f 2867/1985/1701 2303/480/1141 2302/479/1139 2866/1984/1700
f 2868/1986/1702 2304/481/1143 2303/480/1141 2867/1985/1701
f 2869/1987/1703 2305/482/1145 2304/481/1143 2868/1986/1702
f 2870/1988/1704 2306/483/1147 2305/482/1145 2869/1987/1703
f 2871/1989/1705 2307/484/1149 2306/483/1147 2870/1988/1704
f 2872/1990/1706 2308/485/1151 2307/484/1149 2871/1989/1705
f 2873/1991/1707 2309/486/1153 2308/485/1151 2872/1990/1706
f 2874/1992/1708 2310/487/1155 2309/486/1153 2873/1991/1707
f 2876/304/1709 2888/1495/1710 2887/1496/1711 2875/129/1712
f 2877/307/1713 2889/1497/1714 2888/1495/1710 2876/304/1709
f 2878/309/1715 2890/1498/1716 2889/1497/1714 2877/307/1713
f 2879/311/1717 2891/1499/1718 2890/1498/1716 2878/309/1715
f 2880/313/1719 2892/1500/1720 2891/1499/1718 2879/311/1717
f 2881/315/1721 2893/1501/1722 2892/1500/1720 2880/313/1719
f 2882/317/1723 2894/1502/1724 2893/1501/1722 2881/315/1721
f 2883/319/1725 2895/1503/1726 2894/1502/1724 2882/317/1723
f 2884/321/1727 2896/1504/1728 2895/1503/1726 2883/319/1725
f 2885/323/1729 2897/1505/1730 2896/1504/1728 2884/321/1727
f 2886/325/1731 2898/1506/1732 2897/1505/1730 2885/323/1729
f 2888/1495/1710 2900/1507/1733 2899/1508/1734 2887/1496/1711
f 2889/1497/1714 2901/1509/1735 2900/1507/1733 2888/1495/1710
f 2890/1498/1716 2902/1510/1736 2901/1509/1735 2889/1497/1714
f 2891/1499/1718 2903/1511/1737 2902/1510/1736 2890/1498/1716
f 2892/1500/1720 2904/1512/1738 2903/1511/1737 2891/1499/1718
f 2893/1501/1722 2905/1513/1739 2904/1512/1738 2892/1500/1720
f 2894/1502/1724 2906/1514/1740 2905/1513/1739 2893/1501/1722
f 2895/1503/1726 2907/1515/1741 2906/1514/1740 2894/1502/1724
f 2896/1504/1728 2908/1516/1742 2907/1515/1741 2895/1503/1726
f 2897/1505/1730 2909/1517/1743 2908/1516/1742 2896/1504/1728
f 2898/1506/1732 2910/1518/1744 2909/1517/1743 2897/1505/1730
f 2900/1507/1733 2912/1519/1745 2911/1520/1746 2899/1508/1734
f 2901/1509/1735 2913/1521/1747 2912/1519/1745 2900/1507/1733
f 2902/1510/1736 2914/1522/1748 2913/1521/1747 2901/1509/1735
f 2903/1511/1737 2915/1523/1749 2914/1522/1748 2902/1510/1736
f 2904/1512/1738 2916/1524/1750 2915/1523/1749 2903/1511/1737
f 2905/1513/1739 2917/1525/1751 2916/1524/1750 2904/1512/1738
f 2906/1514/1740 2918/1526/1752 2917/1525/1751 2905/1513/1739
f 2907/1515/1741 2919/1527/1753 2918/1526/1752 2906/1514/1740
f 2908/1516/1742 2920/1528/1754 2919/1527/1753 2907/1515/1741
f 2909/1517/1743 2921/1529/1755 2920/1528/1754 2908/1516/1742
f 2910/1518/1744 2922/1530/1756 2921/1529/1755 2909/1517/1743
f 2912/1519/1745 2924/1531/1757 2923/97/1758 2911/1520/1746
f 2913/1521/1747 2925/1532/1759 2924/1531/1757 2912/1519/1745
f 2914/1522/1748 2926/1533/1760 2925/1532/1759 2913/1521/1747
f 2915/1523/1749 2927/1534/1761 2926/1533/1760 2914/1522/1748
f 2916/1524/1750 2928/1535/1762 2927/1534/1761 2915/1523/1749
f 2917/1525/1751 2929/1536/1763 2928/1535/1762 2916/1524/1750
f 2918/1526/1752 2930/1537/1764 2929/1536/1763 2917/1525/1751
f 2919/1527/1753 2931/1538/1765 2930/1537/1764 2918/1526/1752
f 2920/1528/1754 2932/1539/1766 2931/1538/1765 2919/1527/1753
f 2921/1529/1755 2933/1540/1767 2932/1539/1766 2920/1528/1754
f 2922/1530/1756 2934/1541/1768 2933/1540/1767 2921/1529/1755
f 2924/1531/1757 2936/1542/1769 2935/1543/1770 2923/97/1758
f 2925/1532/1759 2937/1544/1771 2936/1542/1769 2924/1531/1757
f 2926/1533/1760 2938/1545/1772 2937/1544/1771 2925/1532/1759
f 2927/1534/1761 2939/1546/1773 2938/1545/1772 2926/1533/1760
f 2928/1535/1762 2940/1547/1774 2939/1546/1773 2927/1534/1761
f 2929/1536/1763 2941/1548/1775 2940/1547/1774 2928/1535/1762
f 2930/1537/1764 2942/1549/1776 2941/1548/1775 2929/1536/1763
f 2931/1538/1765 2943/1550/1777 2942/1549/1776 2930/1537/1764
f 2932/1539/1766 2944/1551/1778 2943/1550/1777 2931/1538/1765
f 2933/1540/1767 2945/1552/1779 2944/1551/1778 2932/1539/1766
f 2934/1541/1768 2946/1553/1780 2945/1552/1779 2933/1540/1767
f 2936/1542/1769 2948/1554/1781 2947/1555/1782 2935/1543/1770
f 2937/1544/1771 2949/1556/1783 2948/1554/1781 2936/1542/1769
f 2938/1545/1772 2950/1557/1784 2949/1556/1783 2937/1544/1771
f 2939/1546/1773 2951/1558/1785 2950/1557/1784 2938/1545/1772
f 2940/1547/1774 2952/1559/1786 2951/1558/1785 2939/1546/1773
f 2941/1548/1775 2953/1560/1787 2952/1559/1786 2940/1547/1774
f 2942/1549/1776 2954/1561/1788 2953/1560/1787 2941/1548/1775
f 2943/1550/1777 2955/1562/1789 2954/1561/1788 2942/1549/1776
f 2944/1551/1778 2956/1563/1790 2955/1562/1789 2943/1550/1777
f 2945/1552/1779 2957/1564/1791 2956/1563/1790 2944/1551/1778
f 2946/1553/1780 2958/1565/1792 2957/1564/1791 2945/1552/1779
f 2948/1554/1781 2960/1566/1793 2959/1567/1794 2947/1555/1782
f 2949/1556/1783 2961/1568/1795 2960/1566/1793 2948/1554/1781
f 2950/1557/1784 2962/1569/1796 2961/1568/1795 2949/1556/1783
f 2951/1558/1785 2963/1570/1797 2962/1569/1796 2950/1557/1784
f 2952/1559/1786 2964/1571/1798 2963/1570/1797 2951/1558/1785
f 2953/1560/1787 2965/1572/1799 2964/1571/1798 2952/1559/1786
f 2954/1561/1788 2966/1573/1800 2965/1572/1799 2953/1560/1787
f 2955/1562/1789 2967/1574/1801 2966/1573/1800 2954/1561/1788
f 2956/1563/1790 2968/1575/1802 2967/1574/1801 2955/1562/1789
f 2957/1564/1791 2969/1576/1803 2968/1575/1802 2956/1563/1790
f 2958/1565/1792 2970/1577/1804 2969/1576/1803 2957/1564/1791
f 2960/1566/1793 2972/632/1805 2971/115/1806 2959/1567/1794
f 2961/1568/1795 2973/633/1807 2972/632/1805 2960/1566/1793
f 2962/1569/1796 2974/634/1808 2973/633/1807 2961/1568/1795
f 2963/1570/1797 2975/635/1809 2974/634/1808 2962/1569/1796
f 2964/1571/1798 2976/636/1810 2975/635/1809 2963/1570/1797
f 2965/1572/1799 2977/637/1811 2976/636/1810 2964/1571/1798
f 2966/1573/1800 2978/638/1812 2977/637/1811 2965/1572/1799
f 2967/1574/1801 2979/639/1813 2978/638/1812 2966/1573/1800
f 2968/1575/1802 2980/640/1814 2979/639/1813 2967/1574/1801
f 2969/1576/1803 2981/641/1815 2980/640/1814 2968/1575/1802
f 2970/1577/1804 2982/642/1816 2981/641/1815 2969/1576/1803
f 2972/632/1805 2984/1578/1817 2983/1579/1818 2971/115/1806
f 2973/633/1807 2985/1580/1819 2984/1578/1817 2972/632/1805
f 2974/634/1808 2986/1581/1820 2985/1580/1819 2973/633/1807
f 2975/635/1809 2987/1582/1821 2986/1581/1820 2974/634/1808
f 2976/636/1810 2988/1583/1822 2987/1582/1821 2975/635/1809
f 2977/637/1811 2989/1584/1823 2988/1583/1822 2976/636/1810
f 2978/638/1812 2990/1585/1824 2989/1584/1823 2977/637/1811
f 2979/639/1813 2991/1586/1825 2990/1585/1824 2978/638/1812
f 2980/640/1814 2992/1587/1826 2991/1586/1825 2979/639/1813
f 2981/641/1815 2993/1588/1827 2992/1587/1826 2980/640/1814
f 2982/642/1816 2994/1589/1828 2993/1588/1827 2981/641/1815
f 2984/1578/1817 2996/1590/1829 2995/1591/1830 2983/1579/1818
f 2985/1580/1819 2997/1592/1831 2996/1590/1829 2984/1578/1817
f 2986/1581/1820 2998/1593/1832 2997/1592/1831 2985/1580/1819
f 2987/1582/1821 2999/1594/1833 2998/1593/1832 2986/1581/1820
f 2988/1583/1822 3000/1595/1834 2999/1594/1833 2987/1582/1821
f 2989/1584/1823 3001/1596/1835 3000/1595/1834 2988/1583/1822
f 2990/1585/1824 3002/1597/1836 3001/1596/1835 2989/1584/1823
f 2991/1586/1825 3003/1598/1837 3002/1597/1836 2990/1585/1824
f 2992/1587/1826 3004/1599/1838 3003/1598/1837 2991/1586/1825
f 2993/1588/1827 3005/1600/1839 3004/1599/1838 2992/1587/1826
f 2994/1589/1828 3006/1601/1840 3005/1600/1839 2993/1588/1827
f 2996/1590/1829 3008/1602/1841 3007/1603/1842 2995/1591/1830
f 2997/1592/1831 3009/1604/1843 3008/1602/1841 2996/1590/1829
f 2998/1593/1832 3010/1605/1844 3009/1604/1843 2997/1592/1831
f 2999/1594/1833 3011/1606/1845 3010/1605/1844 2998/1593/1832
f 3000/1595/1834 3012/1607/1846 3011/1606/1845 2999/1594/1833
f 3001/1596/1835 3013/1608/1847 3012/1607/1846 3000/1595/1834
f 3002/1597/1836 3014/1609/1848 3013/1608/1847 3001/1596/1835
f 3003/1598/1837 3015/1610/1849 3014/1609/1848 3002/1597/1836
f 3004/1599/1838 3016/1611/1850 3015/1610/1849 3003/1598/1837
f 3005/1600/1839 3017/1612/1851 3016/1611/1850 3004/1599/1838
f 3006/1601/1840 3018/1613/1852 3017/1612/1851 3005/1600/1839
f 3008/1602/1841 3020/1614/1853 3019/58/1854 3007/1603/1842
f 3009/1604/1843 3021/1615/1855 3020/1614/1853 3008/1602/1841
f 3010/1605/1844 3022/1616/1856 3021/1615/1855 3009/1604/1843
f 3011/1606/1845 3023/1617/1857 3022/1616/1856 3010/1605/1844
f 3012/1607/1846 3024/1618/1858 3023/1617/1857 3011/1606/1845
f 3013/1608/1847 3025/1619/1859 3024/1618/1858 3012/1607/1846
f 3014/1609/1848 3026/1620/1860 3025/1619/1859 3013/1608/1847
f 3015/1610/1849 3027/1621/1861 3026/1620/1860 3014/1609/1848
f 3016/1611/1850 3028/1622/1862 3027/1621/1861 3015/1610/1849
f 3017/1612/1851 3029/1623/1863 3028/1622/1862 3016/1611/1850
f 3018/1613/1852 3030/1624/1864 3029/1623/1863 3017/1612/1851
f 3020/1614/1853 3032/1625/1865 3031/1626/1866 3019/58/1854
f 3021/1615/1855 3033/1627/1867 3032/1625/1865 3020/1614/1853
f 3022/1616/1856 3034/1628/1868 3033/1627/1867 3021/1615/1855
f 3023/1617/1857 3035/1629/1869 3034/1628/1868 3022/1616/1856
f 3024/1618/1858 3036/1630/1870 3035/1629/1869 3023/1617/1857
f 3025/1619/1859 3037/1631/1871 3036/1630/1870 3024/1618/1858
f 3026/1620/1860 3038/1632/1872 3037/1631/1871 3025/1619/1859
f 3027/1621/1861 3039/1633/1873 3038/1632/1872 3026/1620/1860
f 3028/1622/1862 3040/1634/1874 3039/1633/1873 3027/1621/1861
f 3029/1623/1863 3041/1635/1875 3040/1634/1874 3028/1622/1862
f 3030/1624/1864 3042/1636/1876 3041/1635/1875 3029/1623/1863
f 3032/1625/1865 3044/1637/1877 3043/1638/1878 3031/1626/1866
f 3033/1627/1867 3045/1639/1879 3044/1637/1877 3032/1625/1865
f 3034/1628/1868 3046/1640/1880 3045/1639/1879 3033/1627/1867
f 3035/1629/1869 3047/1641/1881 3046/1640/1880 3034/1628/1868
f 3036/1630/1870 3048/1642/1882 3047/1641/1881 3035/1629/1869
f 3037/1631/1871 3049/1643/1883 3048/1642/1882 3036/1630/1870
f 3038/1632/1872 3050/1644/1884 3049/1643/1883 3037/1631/1871
f 3039/1633/1873 3051/1645/1885 3050/1644/1884 3038/1632/1872
f 3040/1634/1874 3052/1646/1886 3051/1645/1885 3039/1633/1873
f 3041/1635/1875 3053/1647/1887 3052/1646/1886 3040/1634/1874
f 3042/1636/1876 3054/1648/1888 3053/1647/1887 3041/1635/1875
f 3044/1637/1877 3056/1649/1889 3055/1650/1890 3043/1638/1878
f 3045/1639/1879 3057/1651/1891 3056/1649/1889 3044/1637/1877
f 3046/1640/1880 3058/1652/1892 3057/1651/1891 3045/1639/1879
f 3047/1641/1881 3059/1653/1893 3058/1652/1892 3046/1640/1880
f 3048/1642/1882 3060/1654/1894 3059/1653/1893 3047/1641/1881
f 3049/1643/1883 3061/1655/1895 3060/1654/1894 3048/1642/1882
f 3050/1644/1884 3062/1656/1896 3061/1655/1895 3049/1643/1883
f 3051/1645/1885 3063/1657/1897 3062/1656/1896 3050/1644/1884
f 3052/1646/1886 3064/1658/1898 3063/1657/1897 3051/1645/1885
f 3053/1647/1887 3065/1659/1899 3064/1658/1898 3052/1646/1886
f 3054/1648/1888 3066/1660/1900 3065/1659/1899 3053/1647/1887
f 3056/1649/1889 3068/362/1901 3067/6/1902 3055/1650/1890
f 3057/1651/1891 3069/363/1903 3068/362/1901 3056/1649/1889
f 3058/1652/1892 3070/364/1904 3069/363/1903 3057/1651/1891
f 3059/1653/1893 3071/365/1905 3070/364/1904 3058/1652/1892
f 3060/1654/1894 3072/366/1906 3071/365/1905 3059/1653/1893
f 3061/1655/1895 3073/367/1907 3072/366/1906 3060/1654/1894
f 3062/1656/1896 3074/368/1908 3073/367/1907 3061/1655/1895
f 3063/1657/1897 3075/369/1909 3074/368/1908 3062/1656/1896
f 3064/1658/1898 3076/370/1910 3075/369/1909 3063/1657/1897
f 3065/1659/1899 3077/371/1911 3076/370/1910 3064/1658/1898
f 3066/1660/1900 3078/372/1912 3077/371/1911 3065/1659/1899
f 3068/362/1901 3080/1661/1913 3079/1662/1914 3067/6/1902
f 3069/363/1903 3081/1663/1915 3080/1661/1913 3068/362/1901
f 3070/364/1904 3082/1664/1916 3081/1663/1915 3069/363/1903
f 3071/365/1905 3083/1665/1917 3082/1664/1916 3070/364/1904
f 3072/366/1906 3084/1666/1918 3083/1665/1917 3071/365/1905
f 3073/367/1907 3085/1667/1919 3084/1666/1918 3072/366/1906
f 3074/368/1908 3086/1668/1920 3085/1667/1919 3073/367/1907
f 3075/369/1909 3087/1669/1921 3086/1668/1920 3074/368/1908
f 3076/370/1910 3088/1670/1922 3087/1669/1921 3075/369/1909
f 3077/371/1911 3089/1671/1923 3088/1670/1922 3076/370/1910
f 3078/372/1912 3090/1672/1924 3089/1671/1923 3077/371/1911
f 3080/1661/1913 3092/1673/1925 3091/1674/1926 3079/1662/1914
f 3081/1663/1915 3093/1675/1927 3092/1673/1925 3080/1661/1913
f 3082/1664/1916 3094/1676/1928 3093/1675/1927 3081/1663/1915
f 3083/1665/1917 3095/1677/1929 3094/1676/1928 3082/1664/1916
f 3084/1666/1918 3096/1678/1930 3095/1677/1929 3083/1665/1917
f 3085/1667/1919 3097/1679/1931 3096/1678/1930 3084/1666/1918
f 3086/1668/1920 3098/1680/1932 3097/1679/1931 3085/1667/1919
f 3087/1669/1921 3099/1681/1933 3098/1680/1932 3086/1668/1920
f 3088/1670/1922 3100/1682/1934 3099/1681/1933 3087/1669/1921
f 3089/1671/1923 3101/1683/1935 3100/1682/1934 3088/1670/1922
f 3090/1672/1924 3102/1684/1936 3101/1683/1935 3089/1671/1923
f 3092/1673/1925 3104/1685/1937 3103/1686/1938 3091/1674/1926
f 3093/1675/1927 3105/1687/1939 3104/1685/1937 3092/1673/1925
f 3094/1676/1928 3106/1688/1940 3105/1687/1939 3093/1675/1927
f 3095/1677/1929 3107/1689/1941 3106/1688/1940 3094/1676/1928
f 3096/1678/1930 3108/1690/1942 3107/1689/1941 3095/1677/1929
f 3097/1679/1931 3109/1691/1943 3108/1690/1942 3096/1678/1930
f 3098/1680/1932 3110/1692/1944 3109/1691/1943 3097/1679/1931
f 3099/1681/1933 3111/1693/1945 3110/1692/1944 3098/1680/1932
f 3100/1682/1934 3112/1694/1946 3111/1693/1945 3099/1681/1933
f 3101/1683/1935 3113/1695/1947 3112/1694/1946 3100/1682/1934
f 3102/1684/1936 3114/1696/1948 3113/1695/1947 3101/1683/1935
f 3104/1685/1937 3116/1697/1949 3115/22/1950 3103/1686/1938
f 3105/1687/1939 3117/1698/1951 3116/1697/1949 3104/1685/1937
f 3106/1688/1940 3118/1699/1952 3117/1698/1951 3105/1687/1939
f 3107/1689/1941 3119/1700/1953 3118/1699/1952 3106/1688/1940
f 3108/1690/1942 3120/1701/1954 3119/1700/1953 3107/1689/1941
f 3109/1691/1943 3121/1702/1955 3120/1701/1954 3108/1690/1942
f 3110/1692/1944 3122/1703/1956 3121/1702/1955 3109/1691/1943
f 3111/1693/1945 3123/1704/1957 3122/1703/1956 3110/1692/1944
f 3112/1694/1946 3124/1705/1958 3123/1704/1957 3111/1693/1945
f 3113/1695/1947 3125/1706/1959 3124/1705/1958 3112/1694/1946
f 3114/1696/1948 3126/1707/1960 3125/1706/1959 3113/1695/1947
f 3116/1697/1949 3128/1708/1961 3127/1709/1962 3115/22/1950
f 3117/1698/1951 3129/1710/1963 3128/1708/1961 3116/1697/1949
f 3118/1699/1952 3130/1711/1964 3129/1710/1963 3117/1698/1951
f 3119/1700/1953 3131/1712/1965 3130/1711/1964 3118/1699/1952
f 3120/1701/1954 3132/1713/1966 3131/1712/1965 3119/1700/1953
f 3121/1702/1955 3133/1714/1967 3132/1713/1966 3120/1701/1954
f 3122/1703/1956 3134/1715/1968 3133/1714/1967 3121/1702/1955
f 3123/1704/1957 3135/1716/1969 3134/1715/1968 3122/1703/1956
f 3124/1705/1958 3136/1717/1970 3135/1716/1969 3123/1704/1957
f 3125/1706/1959 3137/1718/1971 3136/1717/1970 3124/1705/1958
f 3126/1707/1960 3138/1719/1972 3137/1718/1971 3125/1706/1959
f 3128/1708/1961 3140/1720/1973 3139/1721/1974 3127/1709/1962
f 3129/1710/1963 3141/1722/1975 3140/1720/1973 3128/1708/1961
f 3130/1711/1964 3142/1723/1976 3141/1722/1975 3129/1710/1963
f 3131/1712/1965 3143/1724/1977 3142/1723/1976 3130/1711/1964
f 3132/1713/1966 3144/1725/1978 3143/1724/1977 3131/1712/1965
f 3133/1714/1967 3145/1726/1979 3144/1725/1978 3132/1713/1966
f 3134/1715/1968 3146/1727/1980 3145/1726/1979 3133/1714/1967
f 3135/1716/1969 3147/1728/1981 3146/1727/1980 3134/1715/1968
f 3136/1717/1970 3148/1729/1982 3147/1728/1981 3135/1716/1969
f 3137/1718/1971 3149/1730/1983 3148/1729/1982 3136/1717/1970
f 3138/1719/1972 3150/1731/1984 3149/1730/1983 3137/1718/1971
f 3140/1720/1973 3152/1732/1985 3151/1733/1986 3139/1721/1974
f 3141/1722/1975 3153/1734/1987 3152/1732/1985 3140/1720/1973
f 3142/1723/1976 3154/1735/1988 3153/1734/1987 3141/1722/1975
f 3143/1724/1977 3155/1736/1989 3154/1735/1988 3142/1723/1976
f 3144/1725/1978 3156/1737/1990 3155/1736/1989 3143/1724/1977
f 3145/1726/1979 3157/1738/1991 3156/1737/1990 3144/1725/1978
f 3146/1727/1980 3158/1739/1992 3157/1738/1991 3145/1726/1979
f 3147/1728/1981 3159/1740/1993 3158/1739/1992 3146/1727/1980
f 3148/1729/1982 3160/1741/1994 3159/1740/1993 3147/1728/1981
f 3149/1730/1983 3161/1742/1995 3160/1741/1994 3148/1729/1982
f 3150/1731/1984 3162/1743/1996 3161/1742/1995 3149/1730/1983
f 3152/1732/1985 3164/931/1997 3163/122/1998 3151/1733/1986
f 3153/1734/1987 3165/932/1999 3164/931/1997 3152/1732/1985
f 3154/1735/1988 3166/933/2000 3165/932/1999 3153/1734/1987
f 3155/1736/1989 3167/934/2001 3166/933/2000 3154/1735/1988
f 3156/1737/1990 3168/935/2002 3167/934/2001 3155/1736/1989
f 3157/1738/1991 3169/936/2003 3168/935/2002 3156/1737/1990
f 3158/1739/1992 3170/937/2004 3169/936/2003 3157/1738/1991
f 3159/1740/1993 3171/938/2005 3170/937/2004 3158/1739/1992
f 3160/1741/1994 3172/939/2006 3171/938/2005 3159/1740/1993
f 3161/1742/1995 3173/940/2007 3172/939/2006 3160/1741/1994
f 3162/1743/1996 3174/941/2008 3173/940/2007 3161/1742/1995
f 3164/931/1997 3176/1744/2009 3175/1745/2010 3163/122/1998
f 3165/932/1999 3177/1746/2011 3176/1744/2009 3164/931/1997
f 3166/933/2000 3178/1747/2012 3177/1746/2011 3165/932/1999
f 3167/934/2001 3179/1748/2013 3178/1747/2012 3166/933/2000
f 3168/935/2002 3180/1749/2014 3179/1748/2013 3167/934/2001
f 3169/936/2003 3181/1750/2015 3180/1749/2014 3168/935/2002
f 3170/937/2004 3182/1751/2016 3181/1750/2015 3169/936/2003
f 3171/938/2005 3183/1752/2017 3182/1751/2016 3170/937/2004
f 3172/939/2006 3184/1753/2018 3183/1752/2017 3171/938/2005
f 3173/940/2007 3185/1754/2019 3184/1753/2018 3172/939/2006
f 3174/941/2008 3186/1755/2020 3185/1754/2019 3173/940/2007
f 3176/1744/2009 3188/1756/2021 3187/1757/2022 3175/1745/2010
f 3177/1746/2011 3189/1758/2023 3188/1756/2021 3176/1744/2009
f 3178/1747/2012 3190/1759/2024 3189/1758/2023 3177/1746/2011
f 3179/1748/2013 3191/1760/2025 3190/1759/2024 3178/1747/2012
f 3180/1749/2014 3192/1761/2026 3191/1760/2025 3179/1748/2013
f 3181/1750/2015 3193/1762/2027 3192/1761/2026 3180/1749/2014
f 3182/1751/2016 3194/1763/2028 3193/1762/2027 3181/1750/2015
f 3183/1752/2017 3195/1764/2029 3194/1763/2028 3182/1751/2016
f 3184/1753/2018 3196/1765/2030 3195/1764/2029 3183/1752/2017
f 3185/1754/2019 3197/1766/2031 3196/1765/2030 3184/1753/2018
f 3186/1755/2020 3198/1767/2032 3197/1766/2031 3185/1754/2019
f 3188/1756/2021 3200/1768/2033 3199/1769/2034 3187/1757/2022
f 3189/1758/2023 3201/1770/2035 3200/1768/2033 3188/1756/2021
f 3190/1759/2024 3202/1771/2036 3201/1770/2035 3189/1758/2023
f 3191/1760/2025 3203/1772/2037 3202/1771/2036 3190/1759/2024
f 3192/1761/2026 3204/1773/2038 3203/1772/2037 3191/1760/2025
f 3193/1762/2027 3205/1774/2039 3204/1773/2038 3192/1761/2026
f 3194/1763/2028 3206/1775/2040 3205/1774/2039 3193/1762/2027
f 3195/1764/2029 3207/1776/2041 3206/1775/2040 3194/1763/2028
f 3196/1765/2030 3208/1777/2042 3207/1776/2041 3195/1764/2029
f 3197/1766/2031 3209/1778/2043 3208/1777/2042 3196/1765/2030
f 3198/1767/2032 3210/1779/2044 3209/1778/2043 3197/1766/2031
f 3200/1768/2033 3212/1780/2045 3211/84/2046 3199/1769/2034
f 3201/1770/2035 3213/1781/2047 3212/1780/2045 3200/1768/2033
f 3202/1771/2036 3214/1782/2048 3213/1781/2047 3201/1770/2035
f 3203/1772/2037 3215/1783/2049 3214/1782/2048 3202/1771/2036
f 3204/1773/2038 3216/1784/2050 3215/1783/2049 3203/1772/2037
f 3205/1774/2039 3217/1785/2051 3216/1784/2050 3204/1773/2038
f 3206/1775/2040 3218/1786/2052 3217/1785/2051 3205/1774/2039
f 3207/1776/2041 3219/1787/2053 3218/1786/2052 3206/1775/2040
f 3208/1777/2042 3220/1788/2054 3219/1787/2053 3207/1776/2041
f 3209/1778/2043 3221/1789/2055 3220/1788/2054 3208/1777/2042
f 3210/1779/2044 3222/1790/2056 3221/1789/2055 3209/1778/2043
f 3212/1780/2045 3224/1791/2057 3223/1792/2058 3211/84/2046
f 3213/1781/2047 3225/1793/2059 3224/1791/2057 3212/1780/2045
f 3214/1782/2048 3226/1794/2060 3225/1793/2059 3213/1781/2047
f 3215/1783/2049 3227/1795/2061 3226/1794/2060 3214/1782/2048
f 3216/1784/2050 3228/1796/2062 3227/1795/2061 3215/1783/2049
f 3217/1785/2051 3229/1797/2063 3228/1796/2062 3216/1784/2050
f 3218/1786/2052 3230/1798/2064 3229/1797/2063 3217/1785/2051
f 3219/1787/2053 3231/1799/2065 3230/1798/2064 3218/1786/2052
f 3220/1788/2054 3232/1800/2066 3231/1799/2065 3219/1787/2053
f 3221/1789/2055 3233/1801/2067 3232/1800/2066 3220/1788/2054
f 3222/1790/2056 3234/1802/2068 3233/1801/2067 3221/1789/2055
f 3224/1791/2057 3236/1803/2069 3235/1804/2070 3223/1792/2058
f 3225/1793/2059 3237/1805/2071 3236/1803/2069 3224/1791/2057
f 3226/1794/2060 3238/1806/2072 3237/1805/2071 3225/1793/2059
f 3227/1795/2061 3239/1807/2073 3238/1806/2072 3226/1794/2060
f 3228/1796/2062 3240/1808/2074 3239/1807/2073 3227/1795/2061
f 3229/1797/2063 3241/1809/2075 3240/1808/2074 3228/1796/2062
f 3230/1798/2064 3242/1810/2076 3241/1809/2075 3229/1797/2063
f 3231/1799/2065 3243/1811/2077 3242/1810/2076 3230/1798/2064
f 3232/1800/2066 3244/1812/2078 3243/1811/2077 3231/1799/2065
f 3233/1801/2067 3245/1813/2079 3244/1812/2078 3232/1800/2066
f 3234/1802/2068 3246/1814/2080 3245/1813/2079 3233/1801/2067
f 3236/1803/2069 3248/1815/2081 3247/1816/2082 3235/1804/2070
f 3237/1805/2071 3249/1817/2083 3248/1815/2081 3236/1803/2069
f 3238/1806/2072 3250/1818/2084 3249/1817/2083 3237/1805/2071
f 3239/1807/2073 3251/1819/2085 3250/1818/2084 3238/1806/2072
f 3240/1808/2074 3252/1820/2086 3251/1819/2085 3239/1807/2073
f 3241/1809/2075 3253/1821/2087 3252/1820/2086 3240/1808/2074
f 3242/1810/2076 3254/1822/2088 3253/1821/2087 3241/1809/2075
f 3243/1811/2077 3255/1823/2089 3254/1822/2088 3242/1810/2076
f 3244/1812/2078 3256/1824/2090 3255/1823/2089 3243/1811/2077
f 3245/1813/2079 3257/1825/2091 3256/1824/2090 3244/1812/2078
f 3246/1814/2080 3258/1826/2092 3257/1825/2091 3245/1813/2079
f 3248/1815/2081 3260/419/2093 3259/64/2094 3247/1816/2082
f 3249/1817/2083 3261/420/2095 3260/419/2093 3248/1815/2081
f 3250/1818/2084 3262/421/2096 3261/420/2095 3249/1817/2083
f 3251/1819/2085 3263/422/2097 3262/421/2096 3250/1818/2084
f 3252/1820/2086 3264/423/2098 3263/422/2097 3251/1819/2085
f 3253/1821/2087 3265/424/2099 3264/423/2098 3252/1820/2086
f 3254/1822/2088 3266/425/2100 3265/424/2099 3253/1821/2087
f 3255/1823/2089 3267/426/2101 3266/425/2100 3254/1822/2088
f 3256/1824/2090 3268/427/2102 3267/426/2101 3255/1823/2089
f 3257/1825/2091 3269/428/2103 3268/427/2102 3256/1824/2090
f 3258/1826/2092 3270/429/2104 3269/428/2103 3257/1825/2091
f 3260/419/2093 3272/1827/2105 3271/1828/2106 3259/64/2094
f 3261/420/2095 3273/1829/2107 3272/1827/2105 3260/419/2093
f 3262/421/2096 3274/1830/2108 3273/1829/2107 3261/420/2095
f 3263/422/2097 3275/1831/2109 3274/1830/2108 3262/421/2096
f 3264/423/2098 3276/1832/2110 3275/1831/2109 3263/422/2097
f 3265/424/2099 3277/1833/2111 3276/1832/2110 3264/423/2098
f 3266/425/2100 3278/1834/2112 3277/1833/2111 3265/424/2099
f 3267/426/2101 3279/1835/2113 3278/1834/2112 3266/425/2100
f 3268/427/2102 3280/1836/2114 3279/1835/2113 3267/426/2101
f 3269/428/2103 3281/1837/2115 3280/1836/2114 3268/427/2102
f 3270/429/2104 3282/1838/2116 3281/1837/2115 3269/428/2103
f 3272/1827/2105 3284/1839/2117 3283/1840/2118 3271/1828/2106
f 3273/1829/2107 3285/1841/2119 3284/1839/2117 3272/1827/2105
f 3274/1830/2108 3286/1842/2120 3285/1841/2119 3273/1829/2107
f 3275/1831/2109 3287/1843/2121 3286/1842/2120 3274/1830/2108
f 3276/1832/2110 3288/1844/2122 3287/1843/2121 3275/1831/2109
f 3277/1833/2111 3289/1845/2123 3288/1844/2122 3276/1832/2110
f 3278/1834/2112 3290/1846/2124 3289/1845/2123 3277/1833/2111
f 3279/1835/2113 3291/1847/2125 3290/1846/2124 3278/1834/2112
f 3280/1836/2114 3292/1848/2126 3291/1847/2125 3279/1835/2113
f 3281/1837/2115 3293/1849/2127 3292/1848/2126 3280/1836/2114
f 3282/1838/2116 3294/1850/2128 3293/1849/2127 3281/1837/2115
f 3284/1839/2117 3296/1851/2129 3295/1852/2130 3283/1840/2118
f 3285/1841/2119 3297/1853/2131 3296/1851/2129 3284/1839/2117
f 3286/1842/2120 3298/1854/2132 3297/1853/2131 3285/1841/2119
f 3287/1843/2121 3299/1855/2133 3298/1854/2132 3286/1842/2120
f 3288/1844/2122 3300/1856/2134 3299/1855/2133 3287/1843/2121
f 3289/1845/2123 3301/1857/2135 3300/1856/2134 3288/1844/2122
f 3290/1846/2124 3302/1858/2136 3301/1857/2135 3289/1845/2123
f 3291/1847/2125 3303/1859/2137 3302/1858/2136 3290/1846/2124
f 3292/1848/2126 3304/1860/2138 3303/1859/2137 3291/1847/2125
f 3293/1849/2127 3305/1861/2139 3304/1860/2138 3292/1848/2126
f 3294/1850/2128 3306/1862/2140 3305/1861/2139 3293/1849/2127
f 3296/1851/2129 3308/1863/2141 3307/41/2142 3295/1852/2130
f 3297/1853/2131 3309/1864/2143 3308/1863/2141 3296/1851/2129
f 3298/1854/2132 3310/1865/2144 3309/1864/2143 3297/1853/2131
f 3299/1855/2133 3311/1866/2145 3310/1865/2144 3298/1854/2132
f 3300/1856/2134 3312/1867/2146 3311/1866/2145 3299/1855/2133
f 3301/1857/2135 3313/1868/2147 3312/1867/2146 3300/1856/2134
f 3302/1858/2136 3314/1869/2148 3313/1868/2147 3301/1857/2135
f 3303/1859/2137 3315/1870/2149 3314/1869/2148 3302/1858/2136
f 3304/1860/2138 3316/1871/2150 3315/1870/2149 3303/1859/2137
f 3305/1861/2139 3317/1872/2151 3316/1871/2150 3304/1860/2138
f 3306/1862/2140 3318/1873/2152 3317/1872/2151 3305/1861/2139
f 3308/1863/2141 3320/1874/2153 3319/1875/2154 3307/41/2142
f 3309/1864/2143 3321/1876/2155 3320/1874/2153 3308/1863/2141
f 3310/1865/2144 3322/1877/2156 3321/1876/2155 3309/1864/2143
f 3311/1866/2145 3323/1878/2157 3322/1877/2156 3310/1865/2144
f 3312/1867/2146 3324/1879/2158 3323/1878/2157 3311/1866/2145
f 3313/1868/2147 3325/1880/2159 3324/1879/2158 3312/1867/2146
f 3314/1869/2148 3326/1881/2160 3325/1880/2159 3313/1868/2147
f 3315/1870/2149 3327/1882/2161 3326/1881/2160 3314/1869/2148
f 3316/1871/2150 3328/1883/2162 3327/1882/2161 3315/1870/2149
f 3317/1872/2151 3329/1884/2163 3328/1883/2162 3316/1871/2150
f 3318/1873/2152 3330/1885/2164 3329/1884/2163 3317/1872/2151
f 3320/1874/2153 3332/1886/2165 3331/1887/2166 3319/1875/2154
f 3321/1876/2155 3333/1888/2167 3332/1886/2165 3320/1874/2153
f 3322/1877/2156 3334/1889/2168 3333/1888/2167 3321/1876/2155
f 3323/1878/2157 3335/1890/2169 3334/1889/2168 3322/1877/2156
f 3324/1879/2158 3336/1891/2170 3335/1890/2169 3323/1878/2157
f 3325/1880/2159 3337/1892/2171 3336/1891/2170 3324/1879/2158
f 3326/1881/2160 3338/1893/2172 3337/1892/2171 3325/1880/2159
f 3327/1882/2161 3339/1894/2173 3338/1893/2172 3326/1881/2160
f 3328/1883/2162 3340/1895/2174 3339/1894/2173 3327/1882/2161
f 3329/1884/2163 3341/1896/2175 3340/1895/2174 3328/1883/2162
f 3330/1885/2164 3342/1897/2176 3341/1896/2175 3329/1884/2163
f 3332/1886/2165 3344/1898/2177 3343/1899/2178 3331/1887/2166
f 3333/1888/2167 3345/1900/2179 3344/1898/2177 3332/1886/2165
f 3334/1889/2168 3346/1901/2180 3345/1900/2179 3333/1888/2167
f 3335/1890/2169 3347/1902/2181 3346/1901/2180 3334/1889/2168
f 3336/1891/2170 3348/1903/2182 3347/1902/2181 3335/1890/2169
f 3337/1892/2171 3349/1904/2183 3348/1903/2182 3336/1891/2170
f 3338/1893/2172 3350/1905/2184 3349/1904/2183 3337/1892/2171
f 3339/1894/2173 3351/1906/2185 3350/1905/2184 3338/1893/2172
f 3340/1895/2174 3352/1907/2186 3351/1906/2185 3339/1894/2173
f 3341/1896/2175 3353/1908/2187 3352/1907/2186 3340/1895/2174
f 3342/1897/2176 3354/1909/2188 3353/1908/2187 3341/1896/2175
f 3344/1898/2177 3356/1230/2189 3355/20/2190 3343/1899/2178
f 3345/1900/2179 3357/1231/2191 3356/1230/2189 3344/1898/2177
f 3346/1901/2180 3358/1232/2192 3357/1231/2191 3345/1900/2179
f 3347/1902/2181 3359/1233/2193 3358/1232/2192 3346/1901/2180
f 3348/1903/2182 3360/1234/2194 3359/1233/2193 3347/1902/2181
f 3349/1904/2183 3361/1235/2195 3360/1234/2194 3348/1903/2182
f 3350/1905/2184 3362/1236/2196 3361/1235/2195 3349/1904/2183
f 3351/1906/2185 3363/1237/2197 3362/1236/2196 3350/1905/2184
f 3352/1907/2186 3364/1238/2198 3363/1237/2197 3351/1906/2185
f 3353/1908/2187 3365/1239/2199 3364/1238/2198 3352/1907/2186
f 3354/1909/2188 3366/1240/2200 3365/1239/2199 3353/1908/2187
f 3356/1230/2189 3368/1910/2201 3367/1911/2202 3355/20/2190
f 3357/1231/2191 3369/1912/2203 3368/1910/2201 3356/1230/2189
f 3358/1232/2192 3370/1913/2204 3369/1912/2203 3357/1231/2191
f 3359/1233/2193 3371/1914/2205 3370/1913/2204 3358/1232/2192
f 3360/1234/2194 3372/1915/2206 3371/1914/2205 3359/1233/2193
f 3361/1235/2195 3373/1916/2207 3372/1915/2206 3360/1234/2194
f 3362/1236/2196 3374/1917/2208 3373/1916/2207 3361/1235/2195
f 3363/1237/2197 3375/1918/2209 3374/1917/2208 3362/1236/2196
f 3364/1238/2198 3376/1919/2210 3375/1918/2209 3363/1237/2197
f 3365/1239/2199 3377/1920/2211 3376/1919/2210 3364/1238/2198
f 3366/1240/2200 3378/1921/2212 3377/1920/2211 3365/1239/2199
f 3368/1910/2201 3380/1922/2213 3379/1923/2214 3367/1911/2202
f 3369/1912/2203 3381/1924/2215 3380/1922/2213 3368/1910/2201
f 3370/1913/2204 3382/1925/2216 3381/1924/2215 3369/1912/2203
f 3371/1914/2205 3383/1926/2217 3382/1925/2216 3370/1913/2204
f 3372/1915/2206 3384/1927/2218 3383/1926/2217 3371/1914/2205
f 3373/1916/2207 3385/1928/2219 3384/1927/2218 3372/1915/2206
f 3374/1917/2208 3386/1929/2220 3385/1928/2219 3373/1916/2207
f 3375/1918/2209 3387/1930/2221 3386/1929/2220 3374/1917/2208
f 3376/1919/2210 3388/1931/2222 3387/1930/2221 3375/1918/2209
f 3377/1920/2211 3389/1932/2223 3388/1931/2222 3376/1919/2210
f 3378/1921/2212 3390/1933/2224 3389/1932/2223 3377/1920/2211
f 3380/1922/2213 3392/1934/2225 3391/1935/2226 3379/1923/2214
f 3381/1924/2215 3393/1936/2227 3392/1934/2225 3380/1922/2213
f 3382/1925/2216 3394/1937/2228 3393/1936/2227 3381/1924/2215
f 3383/1926/2217 3395/1938/2229 3394/1937/2228 3382/1925/2216
f 3384/1927/2218 3396/1939/2230 3395/1938/2229 3383/1926/2217
f 3385/1928/2219 3397/1940/2231 3396/1939/2230 3384/1927/2218
f 3386/1929/2220 3398/1941/2232 3397/1940/2231 3385/1928/2219
f 3387/1930/2221 3399/1942/2233 3398/1941/2232 3386/1929/2220
f 3388/1931/2222 3400/1943/2234 3399/1942/2233 3387/1930/2221
f 3389/1932/2223 3401/1944/2235 3400/1943/2234 3388/1931/2222
f 3390/1933/2224 3402/1945/2236 3401/1944/2235 3389/1932/2223
f 3392/1934/2225 3404/1946/2237 3403/50/2238 3391/1935/2226
f 3393/1936/2227 3405/1947/2239 3404/1946/2237 3392/1934/2225
f 3394/1937/2228 3406/1948/2240 3405/1947/2239 3393/1936/2227
f 3395/1938/2229 3407/1949/2241 3406/1948/2240 3394/1937/2228
f 3396/1939/2230 3408/1950/2242 3407/1949/2241 3395/1938/2229
f 3397/1940/2231 3409/1951/2243 3408/1950/2242 3396/1939/2230
f 3398/1941/2232 3410/1952/2244 3409/1951/2243 3397/1940/2231
f 3399/1942/2233 3411/1953/2245 3410/1952/2244 3398/1941/2232
f 3400/1943/2234 3412/1954/2246 3411/1953/2245 3399/1942/2233
f 3401/1944/2235 3413/1955/2247 3412/1954/2246 3400/1943/2234
f 3402/1945/2236 3414/1956/2248 3413/1955/2247 3401/1944/2235
f 3404/1946/2237 3416/1957/2249 3415/1958/2250 3403/50/2238
f 3405/1947/2239 3417/1959/2251 3416/1957/2249 3404/1946/2237
f 3406/1948/2240 3418/1960/2252 3417/1959/2251 3405/1947/2239
f 3407/1949/2241 3419/1961/2253 3418/1960/2252 3406/1948/2240
f 3408/1950/2242 3420/1962/2254 3419/1961/2253 3407/1949/2241
f 3409/1951/2243 3421/1963/2255 3420/1962/2254 3408/1950/2242
f 3410/1952/2244 3422/1964/2256 3421/1963/2255 3409/1951/2243
f 3411/1953/2245 3423/1965/2257 3422/1964/2256 3410/1952/2244
f 3412/1954/2246 3424/1966/2258 3423/1965/2257 3411/1953/2245
f 3413/1955/2247 3425/1967/2259 3424/1966/2258 3412/1954/2246
f 3414/1956/2248 3426/1968/2260 3425/1967/2259 3413/1955/2247
f 3416/1957/2249 3428/1969/2261 3427/1970/2262 3415/1958/2250
f 3417/1959/2251 3429/1971/2263 3428/1969/2261 3416/1957/2249
f 3418/1960/2252 3430/1972/2264 3429/1971/2263 3417/1959/2251
f 3419/1961/2253 3431/1973/2265 3430/1972/2264 3418/1960/2252
f 3420/1962/2254 3432/1974/2266 3431/1973/2265 3419/1961/2253
f 3421/1963/2255 3433/1975/2267 3432/1974/2266 3420/1962/2254
f 3422/1964/2256 3434/1976/2268 3433/1975/2267 3421/1963/2255
f 3423/1965/2257 3435/1977/2269 3434/1976/2268 3422/1964/2256
f 3424/1966/2258 3436/1978/2270 3435/1977/2269 3423/1965/2257
f 3425/1967/2259 3437/1979/2271 3436/1978/2270 3424/1966/2258
f 3426/1968/2260 3438/1980/2272 3437/1979/2271 3425/1967/2259
f 3428/1969/2261 3440/1981/2273 3439/1982/2274 3427/1970/2262
f 3429/1971/2263 3441/1983/2275 3440/1981/2273 3428/1969/2261
f 3430/1972/2264 3442/1984/2276 3441/1983/2275 3429/1971/2263
f 3431/1973/2265 3443/1985/2277 3442/1984/2276 3430/1972/2264
f 3432/1974/2266 3444/1986/2278 3443/1985/2277 3431/1973/2265
f 3433/1975/2267 3445/1987/2279 3444/1986/2278 3432/1974/2266
f 3434/1976/2268 3446/1988/2280 3445/1987/2279 3433/1975/2267
f 3435/1977/2269 3447/1989/2281 3446/1988/2280 3434/1976/2268
f 3436/1978/2270 3448/1990/2282 3447/1989/2281 3435/1977/2269
f 3437/1979/2271 3449/1991/2283 3448/1990/2282 3436/1978/2270
f 3438/1980/2272 3450/1992/2284 3449/1991/2283 3437/1979/2271
f 3440/1981/2273 2876/477/1709 2875/91/1712 3439/1982/2274
f 3441/1983/2275 2877/478/1713 2876/477/1709 3440/1981/2273
f 3442/1984/2276 2878/479/1715 2877/478/1713 3441/1983/2275
f 3443/1985/2277 2879/480/1717 2878/479/1715 3442/1984/2276
f 3444/1986/2278 2880/481/1719 2879/480/1717 3443/1985/2277
f 3445/1987/2279 2881/482/1721 2880/481/1719 3444/1986/2278
f 3446/1988/2280 2882/483/1723 2881/482/1721 3445/1987/2279
f 3447/1989/2281 2883/484/1725 2882/483/1723 3446/1988/2280
f 3448/1990/2282 2884/485/1727 2883/484/1725 3447/1989/2281
f 3449/1991/2283 2885/486/1729 2884/485/1727 3448/1990/2282
f 3450/1992/2284 2886/487/1731 2885/486/1729 3449/1991/2283
f 3452/304/1133 3464/1495/1134 3463/1496/1135 3451/129/1136
f 3453/307/1137 3465/1497/1138 3464/1495/1134 3452/304/1133
f 3454/309/1139 3466/1498/1140 3465/1497/1138 3453/307/1137
f 3455/311/1141 3467/1499/1142 3466/1498/1140 3454/309/1139
f 3456/313/1143 3468/1500/1144 3467/1499/1142 3455/311/1141
f 3457/315/1145 3469/1501/1146 3468/1500/1144 3456/313/1143
f 3458/317/1147 3470/1502/1148 3469/1501/1146 3457/315/1145
f 3459/319/1149 3471/1503/1150 3470/1502/1148 3458/317/1147
f 3460/321/1151 3472/1504/1152 3471/1503/1150 3459/319/1149
f 3461/323/1153 3473/1505/1154 3472/1504/1152 3460/321/1151
f 3462/325/1155 3474/1506/1156 3473/1505/1154 3461/323/1153
f 3464/1495/1134 3476/1507/1157 3475/1508/1158 3463/1496/1135
f 3465/1497/1138 3477/1509/1159 3476/1507/1157 3464/1495/1134
f 3466/1498/1140 3478/1510/1160 3477/1509/1159 3465/1497/1138
f 3467/1499/1142 3479/1511/1161 3478/1510/1160 3466/1498/1140
f 3468/1500/1144 3480/1512/1162 3479/1511/1161 3467/1499/1142
f 3469/1501/1146 3481/1513/1163 3480/1512/1162 3468/1500/1144
f 3470/1502/1148 3482/1514/1164 3481/1513/1163 3469/1501/1146
f 3471/1503/1150 3483/1515/1165 3482/1514/1164 3470/1502/1148
f 3472/1504/1152 3484/1516/1166 3483/1515/1165 3471/1503/1150
f 3473/1505/1154 3485/1517/1167 3484/1516/1166 3472/1504/1152
f 3474/1506/1156 3486/1518/1168 3485/1517/1167 3473/1505/1154
f 3476/1507/1157 3488/1519/1169 3487/1520/1170 3475/1508/1158
f 3477/1509/1159 3489/1521/1171 3488/1519/1169 3476/1507/1157
f 3478/1510/1160 3490/1522/1172 3489/1521/1171 3477/1509/1159
f 3479/1511/1161 3491/1523/1173 3490/1522/1172 3478/1510/1160
f 3480/1512/1162 3492/1524/1174 3491/1523/1173 3479/1511/1161
f 3481/1513/1163 3493/1525/1175 3492/1524/1174 3480/1512/1162
f 3482/1514/1164 3494/1526/1176 3493/1525/1175 3481/1513/1163
f 3483/1515/1165 3495/1527/1177 3494/1526/1176 3482/1514/1164
f 3484/1516/1166 3496/1528/1178 3495/1527/1177 3483/1515/1165
f 3485/1517/1167 3497/1529/1179 3496/1528/1178 3484/1516/1166
f 3486/1518/1168 3498/1530/1180 3497/1529/1179 3485/1517/1167
f 3488/1519/1169 3500/1531/1181 3499/97/1182 3487/1520/1170
f 3489/1521/1171 3501/1532/1183 3500/1531/1181 3488/1519/1169
f 3490/1522/1172 3502/1533/1184 3501/1532/1183 3489/1521/1171
f 3491/1523/1173 3503/1534/1185 3502/1533/1184 3490/1522/1172
f 3492/1524/1174 3504/1535/1186 3503/1534/1185 3491/1523/1173
f 3493/1525/1175 3505/1536/1187 3504/1535/1186 3492/1524/1174
f 3494/1526/1176 3506/1537/1188 3505/1536/1187 3493/1525/1175
f 3495/1527/1177 3507/1538/1189 3506/1537/1188 3494/1526/1176
f 3496/1528/1178 3508/1539/1190 3507/1538/1189 3495/1527/1177
f 3497/1529/1179 3509/1540/1191 3508/1539/1190 3496/1528/1178
f 3498/1530/1180 3510/1541/1192 3509/1540/1191 3497/1529/1179
f 3500/1531/1181 3512/1542/1193 3511/1543/1194 3499/97/1182
f 3501/1532/1183 3513/1544/1195 3512/1542/1193 3500/1531/1181
f 3502/1533/1184 3514/1545/1196 3513/1544/1195 3501/1532/1183
f 3503/1534/1185 3515/1546/1197 3514/1545/1196 3502/1533/1184
f 3504/1535/1186 3516/1547/1198 3515/1546/1197 3503/1534/1185
f 3505/1536/1187 3517/1548/1199 3516/1547/1198 3504/1535/1186
f 3506/1537/1188 3518/1549/1200 3517/1548/1199 3505/1536/1187
f 3507/1538/1189 3519/1550/1201 3518/1549/1200 3506/1537/1188
f 3508/1539/1190 3520/1551/1202 3519/1550/1201 3507/1538/1189
f 3509/1540/1191 3521/1552/1203 3520/1551/1202 3508/1539/1190
f 3510/1541/1192 3522/1553/1204 3521/1552/1203 3509/1540/1191
f 3512/1542/1193 3524/1554/1205 3523/1555/1206 3511/1543/1194
f 3513/1544/1195 3525/1556/1207 3524/1554/1205 3512/1542/1193
f 3514/1545/1196 3526/1557/1208 3525/1556/1207 3513/1544/1195
f 3515/1546/1197 3527/1558/1209 3526/1557/1208 3514/1545/1196
f 3516/1547/1198 3528/1559/1210 3527/1558/1209 3515/1546/1197
f 3517/1548/1199 3529/1560/1211 3528/1559/1210 3516/1547/1198
f 3518/1549/1200 3530/1561/1212 3529/1560/1211 3517/1548/1199
f 3519/1550/1201 3531/1562/1213 3530/1561/1212 3518/1549/1200
f 3520/1551/1202 3532/1563/1214 3531/1562/1213 3519/1550/1201
f 3521/1552/1203 3533/1564/1215 3532/1563/1214 3520/1551/1202
f 3522/1553/1204 3534/1565/1216 3533/1564/1215 3521/1552/1203
f 3524/1554/1205 3536/1566/1217 3535/1567/1218 3523/1555/1206
f 3525/1556/1207 3537/1568/1219 3536/1566/1217 3524/1554/1205
f 3526/1557/1208 3538/1569/1220 3537/1568/1219 3525/1556/1207
f 3527/1558/1209 3539/1570/1221 3538/1569/1220 3526/1557/1208
f 3528/1559/1210 3540/1571/1222 3539/1570/1221 3527/1558/1209
f 3529/1560/1211 3541/1572/1223 3540/1571/1222 3528/1559/1210
f 3530/1561/1212 3542/1573/1224 3541/1572/1223 3529/1560/1211
f 3531/1562/1213 3543/1574/1225 3542/1573/1224 3530/1561/1212
f 3532/1563/1214 3544/1575/1226 3543/1574/1225 3531/1562/1213
f 3533/1564/1215 3545/1576/1227 3544/1575/1226 3532/1563/1214
f 3534/1565/1216 3546/1577/1228 3545/1576/1227 3533/1564/1215
f 3536/1566/1217 3548/632/1229 3547/115/1230 3535/1567/1218
f 3537/1568/1219 3549/633/1231 3548/632/1229 3536/1566/1217
f 3538/1569/1220 3550/634/1232 3549/633/1231 3537/1568/1219
f 3539/1570/1221 3551/635/1233 3550/634/1232 3538/1569/1220
f 3540/1571/1222 3552/636/1234 3551/635/1233 3539/1570/1221
f 3541/1572/1223 3553/637/1235 3552/636/1234 3540/1571/1222
f 3542/1573/1224 3554/638/1236 3553/637/1235 3541/1572/1223
f 3543/1574/1225 3555/639/1237 3554/638/1236 3542/1573/1224
f 3544/1575/1226 3556/640/1238 3555/639/1237 3543/1574/1225
f 3545/1576/1227 3557/641/1239 3556/640/1238 3544/1575/1226
f 3546/1577/1228 3558/642/1240 3557/641/1239 3545/1576/1227
f 3548/632/1229 3560/1578/1241 3559/1579/1242 3547/115/1230
f 3549/633/1231 3561/1580/1243 3560/1578/1241 3548/632/1229
f 3550/634/1232 3562/1581/1244 3561/1580/1243 3549/633/1231
f 3551/635/1233 3563/1582/1245 3562/1581/1244 3550/634/1232
f 3552/636/1234 3564/1583/1246 3563/1582/1245 3551/635/1233
f 3553/637/1235 3565/1584/1247 3564/1583/1246 3552/636/1234
f 3554/638/1236 3566/1585/1248 3565/1584/1247 3553/637/1235
f 3555/639/1237 3567/1586/1249 3566/1585/1248 3554/638/1236
f 3556/640/1238 3568/1587/1250 3567/1586/1249 3555/639/1237
f 3557/641/1239 3569/1588/1251 3568/1587/1250 3556/640/1238
f 3558/642/1240 3570/1589/1252 3569/1588/1251 3557/641/1239
f 3560/1578/1241 3572/1590/1253 3571/1591/1254 3559/1579/1242
f 3561/1580/1243 3573/1592/1255 3572/1590/1253 3560/1578/1241
f 3562/1581/1244 3574/1593/1256 3573/1592/1255 3561/1580/1243
f 3563/1582/1245 3575/1594/1257 3574/1593/1256 3562/1581/1244
f 3564/1583/1246 3576/1595/1258 3575/1594/1257 3563/1582/1245
f 3565/1584/1247 3577/1596/1259 3576/1595/1258 3564/1583/1246
f 3566/1585/1248 3578/1597/1260 3577/1596/1259 3565/1584/1247
f 3567/1586/1249 3579/1598/1261 3578/1597/1260 3566/1585/1248
f 3568/1587/1250 3580/1599/1262 3579/1598/1261 3567/1586/1249
f 3569/1588/1251 3581/1600/1263 3580/1599/1262 3568/1587/1250
f 3570/1589/1252 3582/1601/1264 3581/1600/1263 3569/1588/1251
f 3572/1590/1253 3584/1602/1265 3583/1603/1266 3571/1591/1254
f 3573/1592/1255 3585/1604/1267 3584/1602/1265 3572/1590/1253
f 3574/1593/1256 3586/1605/1268 3585/1604/1267 3573/1592/1255
f 3575/1594/1257 3587/1606/1269 3586/1605/1268 3574/1593/1256
f 3576/1595/1258 3588/1607/1270 3587/1606/1269 3575/1594/1257
f 3577/1596/1259 3589/1608/1271 3588/1607/1270 3576/1595/1258
f 3578/1597/1260 3590/1609/1272 3589/1608/1271 3577/1596/1259
f 3579/1598/1261 3591/1610/1273 3590/1609/1272 3578/1597/1260
f 3580/1599/1262 3592/1611/1274 3591/1610/1273 3579/1598/1261
f 3581/1600/1263 3593/1612/1275 3592/1611/1274 3580/1599/1262
f 3582/1601/1264 3594/1613/1276 3593/1612/1275 3581/1600/1263
f 3584/1602/1265 3596/1614/1277 3595/58/1278 3583/1603/1266
f 3585/1604/1267 3597/1615/1279 3596/1614/1277 3584/1602/1265
f 3586/1605/1268 3598/1616/1280 3597/1615/1279 3585/1604/1267
f 3587/1606/1269 3599/1617/1281 3598/1616/1280 3586/1605/1268
f 3588/1607/1270 3600/1618/1282 3599/1617/1281 3587/1606/1269
f 3589/1608/1271 3601/1619/1283 3600/1618/1282 3588/1607/1270
f 3590/1609/1272 3602/1620/1284 3601/1619/1283 3589/1608/1271
f 3591/1610/1273 3603/1621/1285 3602/1620/1284 3590/1609/1272
f 3592/1611/1274 3604/1622/1286 3603/1621/1285 3591/1610/1273
f 3593/1612/1275 3605/1623/1287 3604/1622/1286 3592/1611/1274
f 3594/1613/1276 3606/1624/1288 3605/1623/1287 3593/1612/1275
f 3596/1614/1277 3608/1625/1289 3607/1626/1290 3595/58/1278
f 3597/1615/1279 3609/1627/1291 3608/1625/1289 3596/1614/1277
f 3598/1616/1280 3610/1628/1292 3609/1627/1291 3597/1615/1279
f 3599/1617/1281 3611/1629/1293 3610/1628/1292 3598/1616/1280
f 3600/1618/1282 3612/1630/1294 3611/1629/1293 3599/1617/1281
f 3601/1619/1283 3613/1631/1295 3612/1630/1294 3600/1618/1282
f 3602/1620/1284 3614/1632/1296 3613/1631/1295 3601/1619/1283
f 3603/1621/1285 3615/1633/1297 3614/1632/1296 3602/1620/1284
f 3604/1622/1286 3616/1634/1298 3615/1633/1297 3603/1621/1285
f 3605/1623/1287 3617/1635/1299 3616/1634/1298 3604/1622/1286
f 3606/1624/1288 3618/1636/1300 3617/1635/1299 3605/1623/1287
f 3608/1625/1289 3620/1637/1301 3619/1638/1302 3607/1626/1290
f 3609/1627/1291 3621/1639/1303 3620/1637/1301 3608/1625/1289
f 3610/1628/1292 3622/1640/1304 3621/1639/1303 3609/1627/1291
f 3611/1629/1293 3623/1641/1305 3622/1640/1304 3610/1628/1292
f 3612/1630/1294 3624/1642/1306 3623/1641/1305 3611/1629/1293
f 3613/1631/1295 3625/1643/1307 3624/1642/1306 3612/1630/1294
f 3614/1632/1296 3626/1644/1308 3625/1643/1307 3613/1631/1295
f 3615/1633/1297 3627/1645/1309 3626/1644/1308 3614/1632/1296
f 3616/1634/1298 3628/1646/1310 3627/1645/1309 3615/1633/1297
f 3617/1635/1299 3629/1647/1311 3628/1646/1310 3616/1634/1298
f 3618/1636/1300 3630/1648/1312 3629/1647/1311 3617/1635/1299
f 3620/1637/1301 3632/1649/1313 3631/1650/1314 3619/1638/1302
f 3621/1639/1303 3633/1651/1315 3632/1649/1313 3620/1637/1301
f 3622/1640/1304 3634/1652/1316 3633/1651/1315 3621/1639/1303
f 3623/1641/1305 3635/1653/1317 3634/1652/1316 3622/1640/1304
f 3624/1642/1306 3636/1654/1318 3635/1653/1317 3623/1641/1305
f 3625/1643/1307 3637/1655/1319 3636/1654/1318 3624/1642/1306
f 3626/1644/1308 3638/1656/1320 3637/1655/1319 3625/1643/1307
f 3627/1645/1309 3639/1657/1321 3638/1656/1320 3626/1644/1308
f 3628/1646/1310 3640/1658/1322 3639/1657/1321 3627/1645/1309
f 3629/1647/1311 3641/1659/1323 3640/1658/1322 3628/1646/1310
f 3630/1648/1312 3642/1660/1324 3641/1659/1323 3629/1647/1311
f 3632/1649/1313 3644/362/1325 3643/6/1326 3631/1650/1314
f 3633/1651/1315 3645/363/1327 3644/362/1325 3632/1649/1313
f 3634/1652/1316 3646/364/1328 3645/363/1327 3633/1651/1315
f 3635/1653/1317 3647/365/1329 3646/364/1328 3634/1652/1316
f 3636/1654/1318 3648/366/1330 3647/365/1329 3635/1653/1317
f 3637/1655/1319 3649/367/1331 3648/366/1330 3636/1654/1318
f 3638/1656/1320 3650/368/1332 3649/367/1331 3637/1655/1319
f 3639/1657/1321 3651/369/1333 3650/368/1332 3638/1656/1320
f 3640/1658/1322 3652/370/1334 3651/369/1333 3639/1657/1321
f 3641/1659/1323 3653/371/1335 3652/370/1334 3640/1658/1322
f 3642/1660/1324 3654/372/1336 3653/371/1335 3641/1659/1323
f 3644/362/1325 3656/1661/1337 3655/1662/1338 3643/6/1326
f 3645/363/1327 3657/1663/1339 3656/1661/1337 3644/362/1325
f 3646/364/1328 3658/1664/1340 3657/1663/1339 3645/363/1327
f 3647/365/1329 3659/1665/1341 3658/1664/1340 3646/364/1328
f 3648/366/1330 3660/1666/1342 3659/1665/1341 3647/365/1329
f 3649/367/1331 3661/1667/1343 3660/1666/1342 3648/366/1330
f 3650/368/1332 3662/1668/1344 3661/1667/1343 3649/367/1331
f 3651/369/1333 3663/1669/1345 3662/1668/1344 3650/368/1332
f 3652/370/1334 3664/1670/1346 3663/1669/1345 3651/369/1333
f 3653/371/1335 3665/1671/1347 3664/1670/1346 3652/370/1334
f 3654/372/1336 3666/1672/1348 3665/1671/1347 3653/371/1335
f 3656/1661/1337 3668/1673/1349 3667/1674/1350 3655/1662/1338
f 3657/1663/1339 3669/1675/1351 3668/1673/1349 3656/1661/1337
f 3658/1664/1340 3670/1676/1352 3669/1675/1351 3657/1663/1339
f 3659/1665/1341 3671/1677/1353 3670/1676/1352 3658/1664/1340
f 3660/1666/1342 3672/1678/1354 3671/1677/1353 3659/1665/1341
f 3661/1667/1343 3673/1679/1355 3672/1678/1354 3660/1666/1342
f 3662/1668/1344 3674/1680/1356 3673/1679/1355 3661/1667/1343
f 3663/1669/1345 3675/1681/1357 3674/1680/1356 3662/1668/1344
f 3664/1670/1346 3676/1682/1358 3675/1681/1357 3663/1669/1345
f 3665/1671/1347 3677/1683/1359 3676/1682/1358 3664/1670/1346
f 3666/1672/1348 3678/1684/1360 3677/1683/1359 3665/1671/1347
f 3668/1673/1349 3680/1685/1361 3679/1686/1362 3667/1674/1350
f 3669/1675/1351 3681/1687/1363 3680/1685/1361 3668/1673/1349
f 3670/1676/1352 3682/1688/1364 3681/1687/1363 3669/1675/1351
f 3671/1677/1353 3683/1689/1365 3682/1688/1364 3670/1676/1352
f 3672/1678/1354 3684/1690/1366 3683/1689/1365 3671/1677/1353
f 3673/1679/1355 3685/1691/1367 3684/1690/1366 3672/1678/1354
f 3674/1680/1356 3686/1692/1368 3685/1691/1367 3673/1679/1355
f 3675/1681/1357 3687/1693/1369 3686/1692/1368 3674/1680/1356
f 3676/1682/1358 3688/1694/1370 3687/1693/1369 3675/1681/1357
f 3677/1683/1359 3689/1695/1371 3688/1694/1370 3676/1682/1358
f 3678/1684/1360 3690/1696/1372 3689/1695/1371 3677/1683/1359
f 3680/1685/1361 3692/1697/1373 3691/22/1374 3679/1686/1362
f 3681/1687/1363 3693/1698/1375 3692/1697/1373 3680/1685/1361
f 3682/1688/1364 3694/1699/1376 3693/1698/1375 3681/1687/1363
f 3683/1689/1365 3695/1700/1377 3694/1699/1376 3682/1688/1364
f 3684/1690/1366 3696/1701/1378 3695/1700/1377 3683/1689/1365
f 3685/1691/1367 3697/1702/1379 3696/1701/1378 3684/1690/1366
f 3686/1692/1368 3698/1703/1380 3697/1702/1379 3685/1691/1367
f 3687/1693/1369 3699/1704/1381 3698/1703/1380 3686/1692/1368
f 3688/1694/1370 3700/1705/1382 3699/1704/1381 3687/1693/1369
f 3689/1695/1371 3701/1706/1383 3700/1705/1382 3688/1694/1370
f 3690/1696/1372 3702/1707/1384 3701/1706/1383 3689/1695/1371
f 3692/1697/1373 3704/1708/1385 3703/1709/1386 3691/22/1374
f 3693/1698/1375 3705/1710/1387 3704/1708/1385 3692/1697/1373
f 3694/1699/1376 3706/1711/1388 3705/1710/1387 3693/1698/1375
f 3695/1700/1377 3707/1712/1389 3706/1711/1388 3694/1699/1376
f 3696/1701/1378 3708/1713/1390 3707/1712/1389 3695/1700/1377
f 3697/1702/1379 3709/1714/1391 3708/1713/1390 3696/1701/1378
f 3698/1703/1380 3710/1715/1392 3709/1714/1391 3697/1702/1379
f 3699/1704/1381 3711/1716/1393 3710/1715/1392 3698/1703/1380
f 3700/1705/1382 3712/1717/1394 3711/1716/1393 3699/1704/1381
f 3701/1706/1383 3713/1718/1395 3712/1717/1394 3700/1705/1382
f 3702/1707/1384 3714/1719/1396 3713/1718/1395 3701/1706/1383
f 3704/1708/1385 3716/1720/1397 3715/1721/1398 3703/1709/1386
f 3705/1710/1387 3717/1722/1399 3716/1720/1397 3704/1708/1385
f 3706/1711/1388 3718/1723/1400 3717/1722/1399 3705/1710/1387
f 3707/1712/1389 3719/1724/1401 3718/1723/1400 3706/1711/1388
f 3708/1713/1390 3720/1725/1402 3719/1724/1401 3707/1712/1389
f 3709/1714/1391 3721/1726/1403 3720/1725/1402 3708/1713/1390
f 3710/1715/1392 3722/1727/1404 3721/1726/1403 3709/1714/1391
f 3711/1716/1393 3723/1728/1405 3722/1727/1404 3710/1715/1392
f 3712/1717/1394 3724/1729/1406 3723/1728/1405 3711/1716/1393
f 3713/1718/1395 3725/1730/1407 3724/1729/1406 3712/1717/1394
f 3714/1719/1396 3726/1731/1408 3725/1730/1407 3713/1718/1395
f 3716/1720/1397 3728/1732/1409 3727/1733/1410 3715/1721/1398
f 3717/1722/1399 3729/1734/1411 3728/1732/1409 3716/1720/1397
f 3718/1723/1400 3730/1735/1412 3729/1734/1411 3717/1722/1399
f 3719/1724/1401 3731/1736/1413 3730/1735/1412 3718/1723/1400
f 3720/1725/1402 3732/1737/1414 3731/1736/1413 3719/1724/1401
f 3721/1726/1403 3733/1738/1415 3732/1737/1414 3720/1725/1402
f 3722/1727/1404 3734/1739/1416 3733/1738/1415 3721/1726/1403
f 3723/1728/1405 3735/1740/1417 3734/1739/1416 3722/1727/1404
f 3724/1729/1406 3736/1741/1418 3735/1740/1417 3723/1728/1405
f 3725/1730/1407 3737/1742/1419 3736/1741/1418 3724/1729/1406
f 3726/1731/1408 3738/1743/1420 3737/1742/1419 3725/1730/1407
f 3728/1732/1409 3740/931/1421 3739/122/1422 3727/1733/1410
f 3729/1734/1411 3741/932/1423 3740/931/1421 3728/1732/1409
f 3730/1735/1412 3742/933/1424 3741/932/1423 3729/1734/1411
f 3731/1736/1413 3743/934/1425 3742/933/1424 3730/1735/1412
f 3732/1737/1414 3744/935/1426 3743/934/1425 3731/1736/1413
f 3733/1738/1415 3745/936/1427 3744/935/1426 3732/1737/1414
f 3734/1739/1416 3746/937/1428 3745/936/1427 3733/1738/1415
f 3735/1740/1417 3747/938/1429 3746/937/1428 3734/1739/1416
f 3736/1741/1418 3748/939/1430 3747/938/1429 3735/1740/1417
f 3737/1742/1419 3749/940/1431 3748/939/1430 3736/1741/1418
f 3738/1743/1420 3750/941/1432 3749/940/1431 3737/1742/1419
f 3740/931/1421 3752/1744/1433 3751/1745/1434 3739/122/1422
f 3741/932/1423 3753/1746/1435 3752/1744/1433 3740/931/1421
f 3742/933/1424 3754/1747/1436 3753/1746/1435 3741/932/1423
f 3743/934/1425 3755/1748/1437 3754/1747/1436 3742/933/1424
f 3744/935/1426 3756/1749/1438 3755/1748/1437 3743/934/1425
f 3745/936/1427 3757/1750/1439 3756/1749/1438 3744/935/1426
f 3746/937/1428 3758/1751/1440 3757/1750/1439 3745/936/1427
f 3747/938/1429 3759/1752/1441 3758/1751/1440 3746/937/1428
f 3748/939/1430 3760/1753/1442 3759/1752/1441 3747/938/1429
f 3749/940/1431 3761/1754/1443 3760/1753/1442 3748/939/1430
f 3750/941/1432 3762/1755/1444 3761/1754/1443 3749/940/1431
f 3752/1744/1433 3764/1756/1445 3763/1757/1446 3751/1745/1434
f 3753/1746/1435 3765/1758/1447 3764/1756/1445 3752/1744/1433
f 3754/1747/1436 3766/1759/1448 3765/1758/1447 3753/1746/1435
f 3755/1748/1437 3767/1760/1449 3766/1759/1448 3754/1747/1436
f 3756/1749/1438 3768/1761/1450 3767/1760/1449 3755/1748/1437
f 3757/1750/1439 3769/1762/1451 3768/1761/1450 3756/1749/1438
f 3758/1751/1440 3770/1763/1452 3769/1762/1451 3757/1750/1439
f 3759/1752/1441 3771/1764/1453 3770/1763/1452 3758/1751/1440
f 3760/1753/1442 3772/1765/1454 3771/1764/1453 3759/1752/1441
f 3761/1754/1443 3773/1766/1455 3772/1765/1454 3760/1753/1442
f 3762/1755/1444 3774/1767/1456 3773/1766/1455 3761/1754/1443
f 3764/1756/1445 3776/1768/1457 3775/1769/1458 3763/1757/1446
f 3765/1758/1447 3777/1770/1459 3776/1768/1457 3764/1756/1445
f 3766/1759/1448 3778/1771/1460 3777/1770/1459 3765/1758/1447
f 3767/1760/1449 3779/1772/1461 3778/1771/1460 3766/1759/1448
f 3768/1761/1450 3780/1773/1462 3779/1772/1461 3767/1760/1449
f 3769/1762/1451 3781/1774/1463 3780/1773/1462 3768/1761/1450
f 3770/1763/1452 3782/1775/1464 3781/1774/1463 3769/1762/1451
f 3771/1764/1453 3783/1776/1465 3782/1775/1464 3770/1763/1452
f 3772/1765/1454 3784/1777/1466 3783/1776/1465 3771/1764/1453
f 3773/1766/1455 3785/1778/1467 3784/1777/1466 3772/1765/1454
f 3774/1767/1456 3786/1779/1468 3785/1778/1467 3773/1766/1455
f 3776/1768/1457 3788/1780/1469 3787/84/1470 3775/1769/1458
f 3777/1770/1459 3789/1781/1471 3788/1780/1469 3776/1768/1457
f 3778/1771/1460 3790/1782/1472 3789/1781/1471 3777/1770/1459
f 3779/1772/1461 3791/1783/1473 3790/1782/1472 3778/1771/1460
f 3780/1773/1462 3792/1784/1474 3791/1783/1473 3779/1772/1461
f 3781/1774/1463 3793/1785/1475 3792/1784/1474 3780/1773/1462
f 3782/1775/1464 3794/1786/1476 3793/1785/1475 3781/1774/1463
f 3783/1776/1465 3795/1787/1477 3794/1786/1476 3782/1775/1464
f 3784/1777/1466 3796/1788/1478 3795/1787/1477 3783/1776/1465
f 3785/1778/1467 3797/1789/2285 3796/1788/1478 3784/1777/1466
f 3786/1779/1468 3798/1790/1480 3797/1789/2285 3785/1778/1467
f 3788/1780/1469 3800/1791/1481 3799/1792/1482 3787/84/1470
f 3789/1781/1471 3801/1793/1483 3800/1791/1481 3788/1780/1469
f 3790/1782/1472 3802/1794/1484 3801/1793/1483 3789/1781/1471
f 3791/1783/1473 3803/1795/2286 3802/1794/1484 3790/1782/1472
f 3792/1784/1474 3804/1796/1486 3803/1795/2286 3791/1783/1473
f 3793/1785/1475 3805/1797/1487 3804/1796/1486 3792/1784/1474
f 3794/1786/1476 3806/1798/2287 3805/1797/1487 3793/1785/1475
f 3795/1787/1477 3807/1799/1489 3806/1798/2287 3794/1786/1476
f 3796/1788/1478 3808/1800/1490 3807/1799/1489 3795/1787/1477
f 3797/1789/2285 3809/1801/1491 3808/1800/1490 3796/1788/1478
f 3798/1790/1480 3810/1802/1492 3809/1801/1491 3797/1789/2285
f 3800/1791/1481 3812/1803/1493 3811/1804/1494 3799/1792/1482
f 3801/1793/1483 3813/1805/1495 3812/1803/1493 3800/1791/1481
f 3802/1794/1484 3814/1806/1496 3813/1805/1495 3801/1793/1483
f 3803/1795/2286 3815/1807/1497 3814/1806/1496 3802/1794/1484
f 3804/1796/1486 3816/1808/1498 3815/1807/1497 3803/1795/2286
f 3805/1797/1487 3817/1809/1499 3816/1808/1498 3804/1796/1486
f 3806/1798/2287 3818/1810/1500 3817/1809/1499 3805/1797/1487
f 3807/1799/1489 3819/1811/1501 3818/1810/1500 3806/1798/2287
f 3808/1800/1490 3820/1812/1502 3819/1811/1501 3807/1799/1489
f 3809/1801/1491 3821/1813/1503 3820/1812/1502 3808/1800/1490
f 3810/1802/1492 3822/1814/1504 3821/1813/1503 3809/1801/1491
f 3812/1803/1493 3824/1815/1505 3823/1816/1506 3811/1804/1494
f 3813/1805/1495 3825/1817/1507 3824/1815/1505 3812/1803/1493
f 3814/1806/1496 3826/1818/1508 3825/1817/1507 3813/1805/1495
f 3815/1807/1497 3827/1819/1509 3826/1818/1508 3814/1806/1496
f 3816/1808/1498 3828/1820/1510 3827/1819/1509 3815/1807/1497
f 3817/1809/1499 3829/1821/1511 3828/1820/1510 3816/1808/1498
f 3818/1810/1500 3830/1822/1512 3829/1821/1511 3817/1809/1499
f 3819/1811/1501 3831/1823/1513 3830/1822/1512 3818/1810/1500
f 3820/1812/1502 3832/1824/1514 3831/1823/1513 3819/1811/1501
f 3821/1813/1503 3833/1825/1515 3832/1824/1514 3820/1812/1502
f 3822/1814/1504 3834/1826/1516 3833/1825/1515 3821/1813/1503
f 3824/1815/1505 3836/419/1517 3835/64/1518 3823/1816/1506
f 3825/1817/1507 3837/420/1519 3836/419/1517 3824/1815/1505
f 3826/1818/1508 3838/421/1520 3837/420/1519 3825/1817/1507
f 3827/1819/1509 3839/422/1521 3838/421/1520 3826/1818/1508
f 3828/1820/1510 3840/423/1522 3839/422/1521 3827/1819/1509
f 3829/1821/1511 3841/424/1523 3840/423/1522 3828/1820/1510
f 3830/1822/1512 3842/425/1524 3841/424/1523 3829/1821/1511
f 3831/1823/1513 3843/426/1525 3842/425/1524 3830/1822/1512
f 3832/1824/1514 3844/427/1526 3843/426/1525 3831/1823/1513
f 3833/1825/1515 3845/428/1527 3844/427/1526 3832/1824/1514
f 3834/1826/1516 3846/429/1528 3845/428/1527 3833/1825/1515
f 3836/419/1517 3848/1827/1529 3847/1828/1530 3835/64/1518
f 3837/420/1519 3849/1829/1531 3848/1827/1529 3836/419/1517
f 3838/421/1520 3850/1830/1532 3849/1829/1531 3837/420/1519
f 3839/422/1521 3851/1831/1533 3850/1830/1532 3838/421/1520
f 3840/423/1522 3852/1832/1534 3851/1831/1533 3839/422/1521
f 3841/424/1523 3853/1833/1535 3852/1832/1534 3840/423/1522
f 3842/425/1524 3854/1834/1536 3853/1833/1535 3841/424/1523
f 3843/426/1525 3855/1835/1537 3854/1834/1536 3842/425/1524
f 3844/427/1526 3856/1836/1538 3855/1835/1537 3843/426/1525
f 3845/428/1527 3857/1837/1539 3856/1836/1538 3844/427/1526
f 3846/429/1528 3858/1838/1540 3857/1837/1539 3845/428/1527
f 3848/1827/1529 3860/1839/1541 3859/1840/1542 3847/1828/1530
f 3849/1829/1531 3861/1841/1543 3860/1839/1541 3848/1827/1529
f 3850/1830/1532 3862/1842/1544 3861/1841/1543 3849/1829/1531
f 3851/1831/1533 3863/1843/1545 3862/1842/1544 3850/1830/1532
f 3852/1832/1534 3864/1844/1546 3863/1843/1545 3851/1831/1533
f 3853/1833/1535 3865/1845/1547 3864/1844/1546 3852/1832/1534
f 3854/1834/1536 3866/1846/1548 3865/1845/1547 3853/1833/1535
f 3855/1835/1537 3867/1847/1549 3866/1846/1548 3854/1834/1536
f 3856/1836/1538 3868/1848/1550 3867/1847/1549 3855/1835/1537
f 3857/1837/1539 3869/1849/1551 3868/1848/1550 3856/1836/1538
f 3858/1838/1540 3870/1850/1552 3869/1849/1551 3857/1837/1539
f 3860/1839/1541 3872/1851/1553 3871/1852/1554 3859/1840/1542
f 3861/1841/1543 3873/1853/1555 3872/1851/1553 3860/1839/1541
f 3862/1842/1544 3874/1854/1556 3873/1853/1555 3861/1841/1543
f 3863/1843/1545 3875/1855/1557 3874/1854/1556 3862/1842/1544
f 3864/1844/1546 3876/1856/1558 3875/1855/1557 3863/1843/1545
f 3865/1845/1547 3877/1857/1559 3876/1856/1558 3864/1844/1546
f 3866/1846/1548 3878/1858/1560 3877/1857/1559 3865/1845/1547
f 3867/1847/1549 3879/1859/1561 3878/1858/1560 3866/1846/1548
f 3868/1848/1550 3880/1860/1562 3879/1859/1561 3867/1847/1549
f 3869/1849/1551 3881/1861/1563 3880/1860/1562 3868/1848/1550
f 3870/1850/1552 3882/1862/1564 3881/1861/1563 3869/1849/1551
f 3872/1851/1553 3884/1863/1565 3883/41/1566 3871/1852/1554
f 3873/1853/1555 3885/1864/1567 3884/1863/1565 3872/1851/1553
f 3874/1854/1556 3886/1865/1568 3885/1864/1567 3873/1853/1555
f 3875/1855/1557 3887/1866/1569 3886/1865/1568 3874/1854/1556
f 3876/1856/1558 3888/1867/1570 3887/1866/1569 3875/1855/1557
f 3877/1857/1559 3889/1868/1571 3888/1867/1570 3876/1856/1558
f 3878/1858/1560 3890/1869/1572 3889/1868/1571 3877/1857/1559
f 3879/1859/1561 3891/1870/1573 3890/1869/1572 3878/1858/1560
f 3880/1860/1562 3892/1871/1574 3891/1870/1573 3879/1859/1561
f 3881/1861/1563 3893/1872/1575 3892/1871/1574 3880/1860/1562
f 3882/1862/1564 3894/1873/1576 3893/1872/1575 3881/1861/1563
f 3884/1863/1565 3896/1874/1577 3895/1875/1578 3883/41/1566
f 3885/1864/1567 3897/1876/1579 3896/1874/1577 3884/1863/1565
f 3886/1865/1568 3898/1877/1580 3897/1876/1579 3885/1864/1567
f 3887/1866/1569 3899/1878/1581 3898/1877/1580 3886/1865/1568
f 3888/1867/1570 3900/1879/1582 3899/1878/1581 3887/1866/1569
f 3889/1868/1571 3901/1880/1583 3900/1879/1582 3888/1867/1570
f 3890/1869/1572 3902/1881/1584 3901/1880/1583 3889/1868/1571
f 3891/1870/1573 3903/1882/1585 3902/1881/1584 3890/1869/1572
f 3892/1871/1574 3904/1883/1586 3903/1882/1585 3891/1870/1573
f 3893/1872/1575 3905/1884/1587 3904/1883/1586 3892/1871/1574
f 3894/1873/1576 3906/1885/1588 3905/1884/1587 3893/1872/1575
f 3896/1874/1577 3908/1886/1589 3907/1887/1590 3895/1875/1578
f 3897/1876/1579 3909/1888/1591 3908/1886/1589 3896/1874/1577
f 3898/1877/1580 3910/1889/1592 3909/1888/1591 3897/1876/1579
f 3899/1878/1581 3911/1890/1593 3910/1889/1592 3898/1877/1580
f 3900/1879/1582 3912/1891/1594 3911/1890/1593 3899/1878/1581
f 3901/1880/1583 3913/1892/1595 3912/1891/1594 3900/1879/1582
f 3902/1881/1584 3914/1893/1596 3913/1892/1595 3901/1880/1583
f 3903/1882/1585 3915/1894/1597 3914/1893/1596 3902/1881/1584
f 3904/1883/1586 3916/1895/2288 3915/1894/1597 3903/1882/1585
f 3905/1884/1587 3917/1896/1599 3916/1895/2288 3904/1883/1586
f 3906/1885/1588 3918/1897/1600 3917/1896/1599 3905/1884/1587
f 3908/1886/1589 3920/1898/1601 3919/1899/1602 3907/1887/1590
f 3909/1888/1591 3921/1900/1603 3920/1898/1601 3908/1886/1589
f 3910/1889/1592 3922/1901/1604 3921/1900/1603 3909/1888/1591
f 3911/1890/1593 3923/1902/1605 3922/1901/1604 3910/1889/1592
f 3912/1891/1594 3924/1903/1606 3923/1902/1605 3911/1890/1593
f 3913/1892/1595 3925/1904/1607 3924/1903/1606 3912/1891/1594
f 3914/1893/1596 3926/1905/1608 3925/1904/1607 3913/1892/1595
f 3915/1894/1597 3927/1906/1609 3926/1905/1608 3914/1893/1596
f 3916/1895/2288 3928/1907/1610 3927/1906/1609 3915/1894/1597
f 3917/1896/1599 3929/1908/1611 3928/1907/1610 3916/1895/2288
f 3918/1897/1600 3930/1909/1612 3929/1908/1611 3917/1896/1599
f 3920/1898/1601 3932/1230/1613 3931/20/1614 3919/1899/1602
f 3921/1900/1603 3933/1231/1615 3932/1230/1613 3920/1898/1601
f 3922/1901/1604 3934/1232/1616 3933/1231/1615 3921/1900/1603
f 3923/1902/1605 3935/1233/1617 3934/1232/1616 3922/1901/1604
f 3924/1903/1606 3936/1234/1618 3935/1233/1617 3923/1902/1605
f 3925/1904/1607 3937/1235/1619 3936/1234/1618 3924/1903/1606
f 3926/1905/1608 3938/1236/1620 3937/1235/1619 3925/1904/1607
f 3927/1906/1609 3939/1237/1621 3938/1236/1620 3926/1905/1608
f 3928/1907/1610 3940/1238/1622 3939/1237/1621 3927/1906/1609
f 3929/1908/1611 3941/1239/1623 3940/1238/1622 3928/1907/1610
f 3930/1909/1612 3942/1240/1624 3941/1239/1623 3929/1908/1611
f 3932/1230/1613 3944/1910/1625 3943/1911/1626 3931/20/1614
f 3933/1231/1615 3945/1912/1627 3944/1910/1625 3932/1230/1613
f 3934/1232/1616 3946/1913/1628 3945/1912/1627 3933/1231/1615
f 3935/1233/1617 3947/1914/1629 3946/1913/1628 3934/1232/1616
f 3936/1234/1618 3948/1915/1630 3947/1914/1629 3935/1233/1617
f 3937/1235/1619 3949/1916/1631 3948/1915/1630 3936/1234/1618
f 3938/1236/1620 3950/1917/1632 3949/1916/1631 3937/1235/1619
f 3939/1237/1621 3951/1918/1633 3950/1917/1632 3938/1236/1620
f 3940/1238/1622 3952/1919/1634 3951/1918/1633 3939/1237/1621
f 3941/1239/1623 3953/1920/1635 3952/1919/1634 3940/1238/1622
f 3942/1240/1624 3954/1921/1636 3953/1920/1635 3941/1239/1623
f 3944/1910/1625 3956/1922/1637 3955/1923/1638 3943/1911/1626
f 3945/1912/1627 3957/1924/1639 3956/1922/1637 3944/1910/1625
f 3946/1913/1628 3958/1925/1640 3957/1924/1639 3945/1912/1627
f 3947/1914/1629 3959/1926/1641 3958/1925/1640 3946/1913/1628
f 3948/1915/1630 3960/1927/1642 3959/1926/1641 3947/1914/1629
f 3949/1916/1631 3961/1928/1643 3960/1927/1642 3948/1915/1630
f 3950/1917/1632 3962/1929/1644 3961/1928/1643 3949/1916/1631
f 3951/1918/1633 3963/1930/1645 3962/1929/1644 3950/1917/1632
f 3952/1919/1634 3964/1931/1646 3963/1930/1645 3951/1918/1633
f 3953/1920/1635 3965/1932/1647 3964/1931/1646 3952/1919/1634
f 3954/1921/1636 3966/1933/1648 3965/1932/1647 3953/1920/1635
f 3956/1922/1637 3968/1934/1649 3967/1935/1650 3955/1923/1638
f 3957/1924/1639 3969/1936/1651 3968/1934/1649 3956/1922/1637
f 3958/1925/1640 3970/1937/1652 3969/1936/1651 3957/1924/1639
f 3959/1926/1641 3971/1938/1653 3970/1937/1652 3958/1925/1640
f 3960/1927/1642 3972/1939/1654 3971/1938/1653 3959/1926/1641
f 3961/1928/1643 3973/1940/1655 3972/1939/1654 3960/1927/1642
f 3962/1929/1644 3974/1941/1656 3973/1940/1655 3961/1928/1643
f 3963/1930/1645 3975/1942/1657 3974/1941/1656 3962/1929/1644
f 3964/1931/1646 3976/1943/1658 3975/1942/1657 3963/1930/1645
f 3965/1932/1647 3977/1944/1659 3976/1943/1658 3964/1931/1646
f 3966/1933/1648 3978/1945/1660 3977/1944/1659 3965/1932/1647
f 3968/1934/1649 3980/1946/1661 3979/50/1662 3967/1935/1650
f 3969/1936/1651 3981/1947/1663 3980/1946/1661 3968/1934/1649
f 3970/1937/1652 3982/1948/1664 3981/1947/1663 3969/1936/1651
f 3971/1938/1653 3983/1949/1665 3982/1948/1664 3970/1937/1652
f 3972/1939/1654 3984/1950/1666 3983/1949/1665 3971/1938/1653
f 3973/1940/1655 3985/1951/1667 3984/1950/1666 3972/1939/1654
f 3974/1941/1656 3986/1952/1668 3985/1951/1667 3973/1940/1655
f 3975/1942/1657 3987/1953/1669 3986/1952/1668 3974/1941/1656
f 3976/1943/1658 3988/1954/1670 3987/1953/1669 3975/1942/1657
f 3977/1944/1659 3989/1955/1671 3988/1954/1670 3976/1943/1658
f 3978/1945/1660 3990/1956/1672 3989/1955/1671 3977/1944/1659
f 3980/1946/1661 3992/1957/1673 3991/1958/1674 3979/50/1662
f 3981/1947/1663 3993/1959/1675 3992/1957/1673 3980/1946/1661
f 3982/1948/1664 3994/1960/1676 3993/1959/1675 3981/1947/1663
f 3983/1949/1665 3995/1961/1677 3994/1960/1676 3982/1948/1664
f 3984/1950/1666 3996/1962/1678 3995/1961/1677 3983/1949/1665
f 3985/1951/1667 3997/1963/1679 3996/1962/1678 3984/1950/1666
f 3986/1952/1668 3998/1964/1680 3997/1963/1679 3985/1951/1667
f 3987/1953/1669 3999/1965/1681 3998/1964/1680 3986/1952/1668
f 3988/1954/1670 4000/1966/1682 3999/1965/1681 3987/1953/1669
f 3989/1955/1671 4001/1967/1683 4000/1966/1682 3988/1954/1670
f 3990/1956/1672 4002/1968/1684 4001/1967/1683 3989/1955/1671
f 3992/1957/1673 4004/1969/1685 4003/1970/1686 3991/1958/1674
f 3993/1959/1675 4005/1971/1687 4004/1969/1685 3992/1957/1673
f 3994/1960/1676 4006/1972/1688 4005/1971/1687 3993/1959/1675
f 3995/1961/1677 4007/1973/1689 4006/1972/1688 3994/1960/1676
f 3996/1962/1678 4008/1974/1690 4007/1973/1689 3995/1961/1677
f 3997/1963/1679 4009/1975/1691 4008/1974/1690 3996/1962/1678
f 3998/1964/1680 4010/1976/1692 4009/1975/1691 3997/1963/1679
f 3999/1965/1681 4011/1977/1693 4010/1976/1692 3998/1964/1680
f 4000/1966/1682 4012/1978/1694 4011/1977/1693 3999/1965/1681
f 4001/1967/1683 4013/1979/1695 4012/1978/1694 4000/1966/1682
f 4002/1968/1684 4014/1980/1696 4013/1979/1695 4001/1967/1683
f 4004/1969/1685 4016/1981/1697 4015/1982/1698 4003/1970/1686
f 4005/1971/1687 4017/1983/1699 4016/1981/1697 4004/1969/1685
f 4006/1972/1688 4018/1984/1700 4017/1983/1699 4005/1971/1687
f 4007/1973/1689 4019/1985/1701 4018/1984/1700 4006/1972/1688
f 4008/1974/1690 4020/1986/1702 4019/1985/1701 4007/1973/1689
f 4009/1975/1691 4021/1987/1703 4020/1986/1702 4008/1974/1690
f 4010/1976/1692 4022/1988/1704 4021/1987/1703 4009/1975/1691
f 4011/1977/1693 4023/1989/1705 4022/1988/1704 4010/1976/1692
f 4012/1978/1694 4024/1990/1706 4023/1989/1705 4011/1977/1693
f 4013/1979/1695 4025/1991/1707 4024/1990/1706 4012/1978/1694
f 4014/1980/1696 4026/1992/1708 4025/1991/1707 4013/1979/1695
f 4016/1981/1697 3452/477/1133 3451/91/1136 4015/1982/1698
f 4017/1983/1699 3453/478/1137 3452/477/1133 4016/1981/1697
f 4018/1984/1700 3454/479/1139 3453/478/1137 4017/1983/1699
f 4019/1985/1701 3455/480/1141 3454/479/1139 4018/1984/1700
f 4020/1986/1702 3456/481/1143 3455/480/1141 4019/1985/1701
f 4021/1987/1703 3457/482/1145 3456/481/1143 4020/1986/1702
f 4022/1988/1704 3458/483/1147 3457/482/1145 4021/1987/1703
f 4023/1989/1705 3459/484/1149 3458/483/1147 4022/1988/1704
f 4024/1990/1706 3460/485/1151 3459/484/1149 4023/1989/1705
f 4025/1991/1707 3461/486/1153 3460/485/1151 4024/1990/1706
f 4026/1992/1708 3462/487/1155 3461/486/1153 4025/1991/1707
f 4028/304/1709 4040/1495/1710 4039/1496/1711 4027/129/1712
f 4029/307/1713 4041/1497/1714 4040/1495/1710 4028/304/1709
f 4030/309/1715 4042/1498/1716 4041/1497/1714 4029/307/1713
f 4031/311/1717 4043/1499/1718 4042/1498/1716 4030/309/1715
f 4032/313/1719 4044/1500/1720 4043/1499/1718 4031/311/1717
f 4033/315/1721 4045/1501/1722 4044/1500/1720 4032/313/1719
f 4034/317/1723 4046/1502/1724 4045/1501/1722 4033/315/1721
f 4035/319/1725 4047/1503/1726 4046/1502/1724 4034/317/1723
f 4036/321/1727 4048/1504/1728 4047/1503/1726 4035/319/1725
f 4037/323/1729 4049/1505/1730 4048/1504/1728 4036/321/1727
f 4038/325/1731 4050/1506/1732 4049/1505/1730 4037/323/1729
f 4040/1495/1710 4052/1507/1733 4051/1508/1734 4039/1496/1711
f 4041/1497/1714 4053/1509/1735 4052/1507/1733 4040/1495/1710
f 4042/1498/1716 4054/1510/1736 4053/1509/1735 4041/1497/1714
f 4043/1499/1718 4055/1511/1737 4054/1510/1736 4042/1498/1716
f 4044/1500/1720 4056/1512/1738 4055/1511/1737 4043/1499/1718
f 4045/1501/1722 4057/1513/1739 4056/1512/1738 4044/1500/1720
f 4046/1502/1724 4058/1514/1740 4057/1513/1739 4045/1501/1722
f 4047/1503/1726 4059/1515/1741 4058/1514/1740 4046/1502/1724
f 4048/1504/1728 4060/1516/1742 4059/1515/1741 4047/1503/1726
f 4049/1505/1730 4061/1517/1743 4060/1516/1742 4048/1504/1728
f 4050/1506/1732 4062/1518/1744 4061/1517/1743 4049/1505/1730
f 4052/1507/1733 4064/1519/1745 4063/1520/1746 4051/1508/1734
f 4053/1509/1735 4065/1521/1747 4064/1519/1745 4052/1507/1733
f 4054/1510/1736 4066/1522/1748 4065/1521/1747 4053/1509/1735
f 4055/1511/1737 4067/1523/1749 4066/1522/1748 4054/1510/1736
f 4056/1512/1738 4068/1524/1750 4067/1523/1749 4055/1511/1737
f 4057/1513/1739 4069/1525/1751 4068/1524/1750 4056/1512/1738
f 4058/1514/1740 4070/1526/1752 4069/1525/1751 4057/1513/1739
f 4059/1515/1741 4071/1527/1753 4070/1526/1752 4058/1514/1740
f 4060/1516/1742 4072/1528/1754 4071/1527/1753 4059/1515/1741
f 4061/1517/1743 4073/1529/1755 4072/1528/1754 4060/1516/1742
f 4062/1518/1744 4074/1530/1756 4073/1529/1755 4061/1517/1743
f 4064/1519/1745 4076/1531/1757 4075/97/1758 4063/1520/1746
f 4065/1521/1747 4077/1532/1759 4076/1531/1757 4064/1519/1745
f 4066/1522/1748 4078/1533/1760 4077/1532/1759 4065/1521/1747
f 4067/1523/1749 4079/1534/1761 4078/1533/1760 4066/1522/1748
f 4068/1524/1750 4080/1535/1762 4079/1534/1761 4067/1523/1749
f 4069/1525/1751 4081/1536/1763 4080/1535/1762 4068/1524/1750
f 4070/1526/1752 4082/1537/1764 4081/1536/1763 4069/1525/1751
f 4071/1527/1753 4083/1538/1765 4082/1537/1764 4070/1526/1752
f 4072/1528/1754 4084/1539/1766 4083/1538/1765 4071/1527/1753
f 4073/1529/1755 4085/1540/1767 4084/1539/1766 4072/1528/1754
f 4074/1530/1756 4086/1541/1768 4085/1540/1767 4073/1529/1755
f 4076/1531/1757 4088/1542/1769 4087/1543/1770 4075/97/1758
f 4077/1532/1759 4089/1544/1771 4088/1542/1769 4076/1531/1757
f 4078/1533/1760 4090/1545/1772 4089/1544/1771 4077/1532/1759
f 4079/1534/1761 4091/1546/1773 4090/1545/1772 4078/1533/1760
f 4080/1535/1762 4092/1547/1774 4091/1546/1773 4079/1534/1761
f 4081/1536/1763 4093/1548/1775 4092/1547/1774 4080/1535/1762
f 4082/1537/1764 4094/1549/1776 4093/1548/1775 4081/1536/1763
f 4083/1538/1765 4095/1550/1777 4094/1549/1776 4082/1537/1764
f 4084/1539/1766 4096/1551/1778 4095/1550/1777 4083/1538/1765
f 4085/1540/1767 4097/1552/1779 4096/1551/1778 4084/1539/1766
f 4086/1541/1768 4098/1553/1780 4097/1552/1779 4085/1540/1767
f 4088/1542/1769 4100/1554/1781 4099/1555/1782 4087/1543/1770
f 4089/1544/1771 4101/1556/1783 4100/1554/1781 4088/1542/1769
f 4090/1545/1772 4102/1557/1784 4101/1556/1783 4089/1544/1771
f 4091/1546/1773 4103/1558/2289 4102/1557/1784 4090/1545/1772
f 4092/1547/1774 4104/1559/1786 4103/1558/2289 4091/1546/1773
f 4093/1548/1775 4105/1560/1787 4104/1559/1786 4092/1547/1774
f 4094/1549/1776 4106/1561/2290 4105/1560/1787 4093/1548/1775
f 4095/1550/1777 4107/1562/1789 4106/1561/2290 4094/1549/1776
f 4096/1551/1778 4108/1563/1790 4107/1562/1789 4095/1550/1777
f 4097/1552/1779 4109/1564/1791 4108/1563/1790 4096/1551/1778
f 4098/1553/1780 4110/1565/1792 4109/1564/1791 4097/1552/1779
f 4100/1554/1781 4112/1566/1793 4111/1567/1794 4099/1555/1782
f 4101/1556/1783 4113/1568/1795 4112/1566/1793 4100/1554/1781
f 4102/1557/1784 4114/1569/1796 4113/1568/1795 4101/1556/1783
f 4103/1558/2289 4115/1570/1797 4114/1569/1796 4102/1557/1784
f 4104/1559/1786 4116/1571/1798 4115/1570/1797 4103/1558/2289
f 4105/1560/1787 4117/1572/1799 4116/1571/1798 4104/1559/1786
f 4106/1561/2290 4118/1573/1800 4117/1572/1799 4105/1560/1787
f 4107/1562/1789 4119/1574/1801 4118/1573/1800 4106/1561/2290
f 4108/1563/1790 4120/1575/1802 4119/1574/1801 4107/1562/1789
f 4109/1564/1791 4121/1576/1803 4120/1575/1802 4108/1563/1790
f 4110/1565/1792 4122/1577/1804 4121/1576/1803 4109/1564/1791
f 4112/1566/1793 4124/632/1805 4123/115/1806 4111/1567/1794
f 4113/1568/1795 4125/633/1807 4124/632/1805 4112/1566/1793
f 4114/1569/1796 4126/634/1808 4125/633/1807 4113/1568/1795
f 4115/1570/1797 4127/635/1809 4126/634/1808 4114/1569/1796
f 4116/1571/1798 4128/636/1810 4127/635/1809 4115/1570/1797
f 4117/1572/1799 4129/637/1811 4128/636/1810 4116/1571/1798
f 4118/1573/1800 4130/638/1812 4129/637/1811 4117/1572/1799
f 4119/1574/1801 4131/639/1813 4130/638/1812 4118/1573/1800
f 4120/1575/1802 4132/640/1814 4131/639/1813 4119/1574/1801
f 4121/1576/1803 4133/641/1815 4132/640/1814 4120/1575/1802
f 4122/1577/1804 4134/642/1816 4133/641/1815 4121/1576/1803
f 4124/632/1805 4136/1578/1817 4135/1579/1818 4123/115/1806
f 4125/633/1807 4137/1580/1819 4136/1578/1817 4124/632/1805
f 4126/634/1808 4138/1581/1820 4137/1580/1819 4125/633/1807
f 4127/635/1809 4139/1582/1821 4138/1581/1820 4126/634/1808
f 4128/636/1810 4140/1583/1822 4139/1582/1821 4127/635/1809
f 4129/637/1811 4141/1584/1823 4140/1583/1822 4128/636/1810
f 4130/638/1812 4142/1585/1824 4141/1584/1823 4129/637/1811
f 4131/639/1813 4143/1586/1825 4142/1585/1824 4130/638/1812
f 4132/640/1814 4144/1587/1826 4143/1586/1825 4131/639/1813
f 4133/641/1815 4145/1588/1827 4144/1587/1826 4132/640/1814
f 4134/642/1816 4146/1589/1828 4145/1588/1827 4133/641/1815
f 4136/1578/1817 4148/1590/1829 4147/1591/1830 4135/1579/1818
f 4137/1580/1819 4149/1592/1831 4148/1590/1829 4136/1578/1817
f 4138/1581/1820 4150/1593/1832 4149/1592/1831 4137/1580/1819
f 4139/1582/1821 4151/1594/1833 4150/1593/1832 4138/1581/1820
f 4140/1583/1822 4152/1595/1834 4151/1594/1833 4139/1582/1821
f 4141/1584/1823 4153/1596/1835 4152/1595/1834 4140/1583/1822
f 4142/1585/1824 4154/1597/1836 4153/1596/1835 4141/1584/1823
f 4143/1586/1825 4155/1598/1837 4154/1597/1836 4142/1585/1824
f 4144/1587/1826 4156/1599/1838 4155/1598/1837 4143/1586/1825
f 4145/1588/1827 4157/1600/1839 4156/1599/1838 4144/1587/1826
f 4146/1589/1828 4158/1601/1840 4157/1600/1839 4145/1588/1827
f 4148/1590/1829 4160/1602/1841 4159/1603/1842 4147/1591/1830
f 4149/1592/1831 4161/1604/1843 4160/1602/1841 4148/1590/1829
f 4150/1593/1832 4162/1605/1844 4161/1604/1843 4149/1592/1831
f 4151/1594/1833 4163/1606/1845 4162/1605/1844 4150/1593/1832
f 4152/1595/1834 4164/1607/1846 4163/1606/1845 4151/1594/1833
f 4153/1596/1835 4165/1608/1847 4164/1607/1846 4152/1595/1834
f 4154/1597/1836 4166/1609/1848 4165/1608/1847 4153/1596/1835
f 4155/1598/1837 4167/1610/1849 4166/1609/1848 4154/1597/1836
f 4156/1599/1838 4168/1611/1850 4167/1610/1849 4155/1598/1837
f 4157/1600/1839 4169/1612/1851 4168/1611/1850 4156/1599/1838
f 4158/1601/1840 4170/1613/1852 4169/1612/1851 4157/1600/1839
f 4160/1602/1841 4172/1614/1853 4171/58/1854 4159/1603/1842
f 4161/1604/1843 4173/1615/1855 4172/1614/1853 4160/1602/1841
f 4162/1605/1844 4174/1616/1856 4173/1615/1855 4161/1604/1843
f 4163/1606/1845 4175/1617/2291 4174/1616/1856 4162/1605/1844
f 4164/1607/1846 4176/1618/1858 4175/1617/2291 4163/1606/1845
f 4165/1608/1847 4177/1619/1859 4176/1618/1858 4164/1607/1846
f 4166/1609/1848 4178/1620/2292 4177/1619/1859 4165/1608/1847
f 4167/1610/1849 4179/1621/1861 4178/1620/2292 4166/1609/1848
f 4168/1611/1850 4180/1622/1862 4179/1621/1861 4167/1610/1849
f 4169/1612/1851 4181/1623/1863 4180/1622/1862 4168/1611/1850
f 4170/1613/1852 4182/1624/1864 4181/1623/1863 4169/1612/1851
f 4172/1614/1853 4184/1625/1865 4183/1626/1866 4171/58/1854
f 4173/1615/1855 4185/1627/1867 4184/1625/1865 4172/1614/1853
f 4174/1616/1856 4186/1628/1868 4185/1627/1867 4173/1615/1855
f 4175/1617/2291 4187/1629/1869 4186/1628/1868 4174/1616/1856
f 4176/1618/1858 4188/1630/1870 4187/1629/1869 4175/1617/2291
f 4177/1619/1859 4189/1631/1871 4188/1630/1870 4176/1618/1858
f 4178/1620/2292 4190/1632/1872 4189/1631/1871 4177/1619/1859
f 4179/1621/1861 4191/1633/1873 4190/1632/1872 4178/1620/2292
f 4180/1622/1862 4192/1634/1874 4191/1633/1873 4179/1621/1861
f 4181/1623/1863 4193/1635/1875 4192/1634/1874 4180/1622/1862
f 4182/1624/1864 4194/1636/1876 4193/1635/1875 4181/1623/1863
f 4184/1625/1865 4196/1637/1877 4195/1638/1878 4183/1626/1866
f 4185/1627/1867 4197/1639/1879 4196/1637/1877 4184/1625/1865
f 4186/1628/1868 4198/1640/1880 4197/1639/1879 4185/1627/1867
f 4187/1629/1869 4199/1641/1881 4198/1640/1880 4186/1628/1868
f 4188/1630/1870 4200/1642/1882 4199/1641/1881 4187/1629/1869
f 4189/1631/1871 4201/1643/1883 4200/1642/1882 4188/1630/1870
f 4190/1632/1872 4202/1644/1884 4201/1643/1883 4189/1631/1871
f 4191/1633/1873 4203/1645/1885 4202/1644/1884 4190/1632/1872
f 4192/1634/1874 4204/1646/1886 4203/1645/1885 4191/1633/1873
f 4193/1635/1875 4205/1647/1887 4204/1646/1886 4192/1634/1874
f 4194/1636/1876 4206/1648/1888 4205/1647/1887 4193/1635/1875
f 4196/1637/1877 4208/1649/1889 4207/1650/1890 4195/1638/1878
f 4197/1639/1879 4209/1651/1891 4208/1649/1889 4196/1637/1877
f 4198/1640/1880 4210/1652/1892 4209/1651/1891 4197/1639/1879
f 4199/1641/1881 4211/1653/1893 4210/1652/1892 4198/1640/1880
f 4200/1642/1882 4212/1654/1894 4211/1653/1893 4199/1641/1881
f 4201/1643/1883 4213/1655/1895 4212/1654/1894 4200/1642/1882
f 4202/1644/1884 4214/1656/1896 4213/1655/1895 4201/1643/1883
f 4203/1645/1885 4215/1657/1897 4214/1656/1896 4202/1644/1884
f 4204/1646/1886 4216/1658/1898 4215/1657/1897 4203/1645/1885
f 4205/1647/1887 4217/1659/1899 4216/1658/1898 4204/1646/1886
f 4206/1648/1888 4218/1660/1900 4217/1659/1899 4205/1647/1887
f 4208/1649/1889 4220/362/1901 4219/6/1902 4207/1650/1890
f 4209/1651/1891 4221/363/1903 4220/362/1901 4208/1649/1889
f 4210/1652/1892 4222/364/1904 4221/363/1903 4209/1651/1891
f 4211/1653/1893 4223/365/1905 4222/364/1904 4210/1652/1892
f 4212/1654/1894 4224/366/1906 4223/365/1905 4211/1653/1893
f 4213/1655/1895 4225/367/1907 4224/366/1906 4212/1654/1894
f 4214/1656/1896 4226/368/1908 4225/367/1907 4213/1655/1895
f 4215/1657/1897 4227/369/1909 4226/368/1908 4214/1656/1896
f 4216/1658/1898 4228/370/1910 4227/369/1909 4215/1657/1897
f 4217/1659/1899 4229/371/1911 4228/370/1910 4216/1658/1898
f 4218/1660/1900 4230/372/1912 4229/371/1911 4217/1659/1899
f 4220/362/1901 4232/1661/1913 4231/1662/1914 4219/6/1902
f 4221/363/1903 4233/1663/1915 4232/1661/1913 4220/362/1901
f 4222/364/1904 4234/1664/1916 4233/1663/1915 4221/363/1903
f 4223/365/1905 4235/1665/1917 4234/1664/1916 4222/364/1904
f 4224/366/1906 4236/1666/1918 4235/1665/1917 4223/365/1905
f 4225/367/1907 4237/1667/1919 4236/1666/1918 4224/366/1906
f 4226/368/1908 4238/1668/1920 4237/1667/1919 4225/367/1907
f 4227/369/1909 4239/1669/1921 4238/1668/1920 4226/368/1908
f 4228/370/1910 4240/1670/1922 4239/1669/1921 4227/369/1909
f 4229/371/1911 4241/1671/1923 4240/1670/1922 4228/370/1910
f 4230/372/1912 4242/1672/1924 4241/1671/1923 4229/371/1911
f 4232/1661/1913 4244/1673/1925 4243/1674/1926 4231/1662/1914
f 4233/1663/1915 4245/1675/1927 4244/1673/1925 4232/1661/1913
f 4234/1664/1916 4246/1676/1928 4245/1675/1927 4233/1663/1915
f 4235/1665/1917 4247/1677/1929 4246/1676/1928 4234/1664/1916
f 4236/1666/1918 4248/1678/1930 4247/1677/1929 4235/1665/1917
f 4237/1667/1919 4249/1679/1931 4248/1678/1930 4236/1666/1918
f 4238/1668/1920 4250/1680/1932 4249/1679/1931 4237/1667/1919
f 4239/1669/1921 4251/1681/1933 4250/1680/1932 4238/1668/1920
f 4240/1670/1922 4252/1682/1934 4251/1681/1933 4239/1669/1921
f 4241/1671/1923 4253/1683/1935 4252/1682/1934 4240/1670/1922
f 4242/1672/1924 4254/1684/1936 4253/1683/1935 4241/1671/1923
f 4244/1673/1925 4256/1685/1937 4255/1686/1938 4243/1674/1926
f 4245/1675/1927 4257/1687/1939 4256/1685/1937 4244/1673/1925
f 4246/1676/1928 4258/1688/1940 4257/1687/1939 4245/1675/1927
f 4247/1677/1929 4259/1689/1941 4258/1688/1940 4246/1676/1928
f 4248/1678/1930 4260/1690/1942 4259/1689/1941 4247/1677/1929
f 4249/1679/1931 4261/1691/1943 4260/1690/1942 4248/1678/1930
f 4250/1680/1932 4262/1692/1944 4261/1691/1943 4249/1679/1931
f 4251/1681/1933 4263/1693/1945 4262/1692/1944 4250/1680/1932
f 4252/1682/1934 4264/1694/1946 4263/1693/1945 4251/1681/1933
f 4253/1683/1935 4265/1695/1947 4264/1694/1946 4252/1682/1934
f 4254/1684/1936 4266/1696/1948 4265/1695/1947 4253/1683/1935
f 4256/1685/1937 4268/1697/1949 4267/22/1950 4255/1686/1938
f 4257/1687/1939 4269/1698/1951 4268/1697/1949 4256/1685/1937
f 4258/1688/1940 4270/1699/1952 4269/1698/1951 4257/1687/1939
f 4259/1689/1941 4271/1700/1953 4270/1699/1952 4258/1688/1940
f 4260/1690/1942 4272/1701/1954 4271/1700/1953 4259/1689/1941
f 4261/1691/1943 4273/1702/1955 4272/1701/1954 4260/1690/1942
f 4262/1692/1944 4274/1703/1956 4273/1702/1955 4261/1691/1943
f 4263/1693/1945 4275/1704/1957 4274/1703/1956 4262/1692/1944
f 4264/1694/1946 4276/1705/1958 4275/1704/1957 4263/1693/1945
f 4265/1695/1947 4277/1706/1959 4276/1705/1958 4264/1694/1946
f 4266/1696/1948 4278/1707/1960 4277/1706/1959 4265/1695/1947
f 4268/1697/1949 4280/1708/1961 4279/1709/1962 4267/22/1950
f 4269/1698/1951 4281/1710/1963 4280/1708/1961 4268/1697/1949
f 4270/1699/1952 4282/1711/1964 4281/1710/1963 4269/1698/1951
f 4271/1700/1953 4283/1712/1965 4282/1711/1964 4270/1699/1952
f 4272/1701/1954 4284/1713/1966 4283/1712/1965 4271/1700/1953
f 4273/1702/1955 4285/1714/1967 4284/1713/1966 4272/1701/1954
f 4274/1703/1956 4286/1715/1968 4285/1714/1967 4273/1702/1955
f 4275/1704/1957 4287/1716/1969 4286/1715/1968 4274/1703/1956
f 4276/1705/1958 4288/1717/1970 4287/1716/1969 4275/1704/1957
f 4277/1706/1959 4289/1718/1971 4288/1717/1970 4276/1705/1958
f 4278/1707/1960 4290/1719/1972 4289/1718/1971 4277/1706/1959
f 4280/1708/1961 4292/1720/1973 4291/1721/1974 4279/1709/1962
f 4281/1710/1963 4293/1722/1975 4292/1720/1973 4280/1708/1961
f 4282/1711/1964 4294/1723/1976 4293/1722/1975 4281/1710/1963
f 4283/1712/1965 4295/1724/1977 4294/1723/1976 4282/1711/1964
f 4284/1713/1966 4296/1725/1978 4295/1724/1977 4283/1712/1965
f 4285/1714/1967 4297/1726/1979 4296/1725/1978 4284/1713/1966
f 4286/1715/1968 4298/1727/1980 4297/1726/1979 4285/1714/1967
f 4287/1716/1969 4299/1728/1981 4298/1727/1980 4286/1715/1968
f 4288/1717/1970 4300/1729/1982 4299/1728/1981 4287/1716/1969
f 4289/1718/1971 4301/1730/1983 4300/1729/1982 4288/1717/1970
f 4290/1719/1972 4302/1731/1984 4301/1730/1983 4289/1718/1971
f 4292/1720/1973 4304/1732/1985 4303/1733/1986 4291/1721/1974
f 4293/1722/1975 4305/1734/1987 4304/1732/1985 4292/1720/1973
f 4294/1723/1976 4306/1735/2293 4305/1734/1987 4293/1722/1975
f 4295/1724/1977 4307/1736/1989 4306/1735/2293 4294/1723/1976
f 4296/1725/1978 4308/1737/1990 4307/1736/1989 4295/1724/1977
f 4297/1726/1979 4309/1738/1991 4308/1737/1990 4296/1725/1978
f 4298/1727/1980 4310/1739/1992 4309/1738/1991 4297/1726/1979
f 4299/1728/1981 4311/1740/2294 4310/1739/1992 4298/1727/1980
f 4300/1729/1982 4312/1741/1994 4311/1740/2294 4299/1728/1981
f 4301/1730/1983 4313/1742/1995 4312/1741/1994 4300/1729/1982
f 4302/1731/1984 4314/1743/1996 4313/1742/1995 4301/1730/1983
f 4304/1732/1985 4316/931/1997 4315/122/1998 4303/1733/1986
f 4305/1734/1987 4317/932/1999 4316/931/1997 4304/1732/1985
f 4306/1735/2293 4318/933/2000 4317/932/1999 4305/1734/1987
f 4307/1736/1989 4319/934/2001 4318/933/2000 4306/1735/2293
f 4308/1737/1990 4320/935/2002 4319/934/2001 4307/1736/1989
f 4309/1738/1991 4321/936/2003 4320/935/2002 4308/1737/1990
f 4310/1739/1992 4322/937/2004 4321/936/2003 4309/1738/1991
f 4311/1740/2294 4323/938/2005 4322/937/2004 4310/1739/1992
f 4312/1741/1994 4324/939/2006 4323/938/2005 4311/1740/2294
f 4313/1742/1995 4325/940/2007 4324/939/2006 4312/1741/1994
f 4314/1743/1996 4326/941/2008 4325/940/2007 4313/1742/1995
f 4316/931/1997 4328/1744/2009 4327/1745/2010 4315/122/1998
f 4317/932/1999 4329/1746/2011 4328/1744/2009 4316/931/1997
f 4318/933/2000 4330/1747/2012 4329/1746/2011 4317/932/1999
f 4319/934/2001 4331/1748/2013 4330/1747/2012 4318/933/2000
f 4320/935/2002 4332/1749/2014 4331/1748/2013 4319/934/2001
f 4321/936/2003 4333/1750/2015 4332/1749/2014 4320/935/2002
f 4322/937/2004 4334/1751/2016 4333/1750/2015 4321/936/2003
f 4323/938/2005 4335/1752/2017 4334/1751/2016 4322/937/2004
f 4324/939/2006 4336/1753/2018 4335/1752/2017 4323/938/2005
f 4325/940/2007 4337/1754/2019 4336/1753/2018 4324/939/2006
f 4326/941/2008 4338/1755/2020 4337/1754/2019 4325/940/2007
f 4328/1744/2009 4340/1756/2021 4339/1757/2022 4327/1745/2010
f 4329/1746/2011 4341/1758/2023 4340/1756/2021 4328/1744/2009
f 4330/1747/2012 4342/1759/2024 4341/1758/2023 4329/1746/2011
f 4331/1748/2013 4343/1760/2025 4342/1759/2024 4330/1747/2012
f 4332/1749/2014 4344/1761/2026 4343/1760/2025 4331/1748/2013
f 4333/1750/2015 4345/1762/2027 4344/1761/2026 4332/1749/2014
f 4334/1751/2016 4346/1763/2028 4345/1762/2027 4333/1750/2015
f 4335/1752/2017 4347/1764/2029 4346/1763/2028 4334/1751/2016
f 4336/1753/2018 4348/1765/2030 4347/1764/2029 4335/1752/2017
f 4337/1754/2019 4349/1766/2031 4348/1765/2030 4336/1753/2018
f 4338/1755/2020 4350/1767/2032 4349/1766/2031 4337/1754/2019
f 4340/1756/2021 4352/1768/2033 4351/1769/2034 4339/1757/2022
f 4341/1758/2023 4353/1770/2035 4352/1768/2033 4340/1756/2021
f 4342/1759/2024 4354/1771/2036 4353/1770/2035 4341/1758/2023
f 4343/1760/2025 4355/1772/2037 4354/1771/2036 4342/1759/2024
f 4344/1761/2026 4356/1773/2038 4355/1772/2037 4343/1760/2025
f 4345/1762/2027 4357/1774/2039 4356/1773/2038 4344/1761/2026
f 4346/1763/2028 4358/1775/2040 4357/1774/2039 4345/1762/2027
f 4347/1764/2029 4359/1776/2041 4358/1775/2040 4346/1763/2028
f 4348/1765/2030 4360/1777/2042 4359/1776/2041 4347/1764/2029
f 4349/1766/2031 4361/1778/2043 4360/1777/2042 4348/1765/2030
f 4350/1767/2032 4362/1779/2044 4361/1778/2043 4349/1766/2031
f 4352/1768/2033 4364/1780/2045 4363/84/2046 4351/1769/2034
f 4353/1770/2035 4365/1781/2047 4364/1780/2045 4352/1768/2033
f 4354/1771/2036 4366/1782/2048 4365/1781/2047 4353/1770/2035
f 4355/1772/2037 4367/1783/2049 4366/1782/2048 4354/1771/2036
f 4356/1773/2038 4368/1784/2050 4367/1783/2049 4355/1772/2037
f 4357/1774/2039 4369/1785/2051 4368/1784/2050 4356/1773/2038
f 4358/1775/2040 4370/1786/2052 4369/1785/2051 4357/1774/2039
f 4359/1776/2041 4371/1787/2053 4370/1786/2052 4358/1775/2040
f 4360/1777/2042 4372/1788/2054 4371/1787/2053 4359/1776/2041
f 4361/1778/2043 4373/1789/2055 4372/1788/2054 4360/1777/2042
f 4362/1779/2044 4374/1790/2056 4373/1789/2055 4361/1778/2043
f 4364/1780/2045 4376/1791/2057 4375/1792/2058 4363/84/2046
f 4365/1781/2047 4377/1793/2059 4376/1791/2057 4364/1780/2045
f 4366/1782/2048 4378/1794/2060 4377/1793/2059 4365/1781/2047
f 4367/1783/2049 4379/1795/2061 4378/1794/2060 4366/1782/2048
f 4368/1784/2050 4380/1796/2062 4379/1795/2061 4367/1783/2049
f 4369/1785/2051 4381/1797/2063 4380/1796/2062 4368/1784/2050
f 4370/1786/2052 4382/1798/2064 4381/1797/2063 4369/1785/2051
f 4371/1787/2053 4383/1799/2065 4382/1798/2064 4370/1786/2052
f 4372/1788/2054 4384/1800/2066 4383/1799/2065 4371/1787/2053
f 4373/1789/2055 4385/1801/2067 4384/1800/2066 4372/1788/2054
f 4374/1790/2056 4386/1802/2068 4385/1801/2067 4373/1789/2055
f 4376/1791/2057 4388/1803/2069 4387/1804/2070 4375/1792/2058
f 4377/1793/2059 4389/1805/2071 4388/1803/2069 4376/1791/2057
f 4378/1794/2060 4390/1806/2072 4389/1805/2071 4377/1793/2059
f 4379/1795/2061 4391/1807/2295 4390/1806/2072 4378/1794/2060
f 4380/1796/2062 4392/1808/2074 4391/1807/2295 4379/1795/2061
f 4381/1797/2063 4393/1809/2075 4392/1808/2074 4380/1796/2062
f 4382/1798/2064 4394/1810/2296 4393/1809/2075 4381/1797/2063
f 4383/1799/2065 4395/1811/2077 4394/1810/2296 4382/1798/2064
f 4384/1800/2066 4396/1812/2078 4395/1811/2077 4383/1799/2065
f 4385/1801/2067 4397/1813/2079 4396/1812/2078 4384/1800/2066
f 4386/1802/2068 4398/1814/2080 4397/1813/2079 4385/1801/2067
f 4388/1803/2069 4400/1815/2081 4399/1816/2082 4387/1804/2070
f 4389/1805/2071 4401/1817/2083 4400/1815/2081 4388/1803/2069
f 4390/1806/2072 4402/1818/2084 4401/1817/2083 4389/1805/2071
f 4391/1807/2295 4403/1819/2085 4402/1818/2084 4390/1806/2072
f 4392/1808/2074 4404/1820/2086 4403/1819/2085 4391/1807/2295
f 4393/1809/2075 4405/1821/2087 4404/1820/2086 4392/1808/2074
f 4394/1810/2296 4406/1822/2088 4405/1821/2087 4393/1809/2075
f 4395/1811/2077 4407/1823/2089 4406/1822/2088 4394/1810/2296
f 4396/1812/2078 4408/1824/2090 4407/1823/2089 4395/1811/2077
f 4397/1813/2079 4409/1825/2091 4408/1824/2090 4396/1812/2078
f 4398/1814/2080 4410/1826/2092 4409/1825/2091 4397/1813/2079
f 4400/1815/2081 4412/419/2093 4411/64/2094 4399/1816/2082
f 4401/1817/2083 4413/420/2095 4412/419/2093 4400/1815/2081
f 4402/1818/2084 4414/421/2096 4413/420/2095 4401/1817/2083
f 4403/1819/2085 4415/422/2097 4414/421/2096 4402/1818/2084
f 4404/1820/2086 4416/423/2098 4415/422/2097 4403/1819/2085
f 4405/1821/2087 4417/424/2099 4416/423/2098 4404/1820/2086
f 4406/1822/2088 4418/425/2100 4417/424/2099 4405/1821/2087
f 4407/1823/2089 4419/426/2101 4418/425/2100 4406/1822/2088
f 4408/1824/2090 4420/427/2102 4419/426/2101 4407/1823/2089
f 4409/1825/2091 4421/428/2103 4420/427/2102 4408/1824/2090
f 4410/1826/2092 4422/429/2104 4421/428/2103 4409/1825/2091
f 4412/419/2093 4424/1827/2105 4423/1828/2106 4411/64/2094
f 4413/420/2095 4425/1829/2107 4424/1827/2105 4412/419/2093
f 4414/421/2096 4426/1830/2108 4425/1829/2107 4413/420/2095
f 4415/422/2097 4427/1831/2109 4426/1830/2108 4414/421/2096
f 4416/423/2098 4428/1832/2110 4427/1831/2109 4415/422/2097
f 4417/424/2099 4429/1833/2111 4428/1832/2110 4416/423/2098
f 4418/425/2100 4430/1834/2112 4429/1833/2111 4417/424/2099
f 4419/426/2101 4431/1835/2113 4430/1834/2112 4418/425/2100
f 4420/427/2102 4432/1836/2114 4431/1835/2113 4419/426/2101
f 4421/428/2103 4433/1837/2115 4432/1836/2114 4420/427/2102
f 4422/429/2104 4434/1838/2116 4433/1837/2115 4421/428/2103
f 4424/1827/2105 4436/1839/2117 4435/1840/2118 4423/1828/2106
f 4425/1829/2107 4437/1841/2119 4436/1839/2117 4424/1827/2105
f 4426/1830/2108 4438/1842/2120 4437/1841/2119 4425/1829/2107
f 4427/1831/2109 4439/1843/2121 4438/1842/2120 4426/1830/2108
f 4428/1832/2110 4440/1844/2122 4439/1843/2121 4427/1831/2109
f 4429/1833/2111 4441/1845/2123 4440/1844/2122 4428/1832/2110
f 4430/1834/2112 4442/1846/2124 4441/1845/2123 4429/1833/2111
f 4431/1835/2113 4443/1847/2125 4442/1846/2124 4430/1834/2112
f 4432/1836/2114 4444/1848/2126 4443/1847/2125 4431/1835/2113
f 4433/1837/2115 4445/1849/2127 4444/1848/2126 4432/1836/2114
f 4434/1838/2116 4446/1850/2128 4445/1849/2127 4433/1837/2115
f 4436/1839/2117 4448/1851/2129 4447/1852/2130 4435/1840/2118
f 4437/1841/2119 4449/1853/2131 4448/1851/2129 4436/1839/2117
f 4438/1842/2120 4450/1854/2132 4449/1853/2131 4437/1841/2119
f 4439/1843/2121 4451/1855/2133 4450/1854/2132 4438/1842/2120
f 4440/1844/2122 4452/1856/2134 4451/1855/2133 4439/1843/2121
f 4441/1845/2123 4453/1857/2135 4452/1856/2134 4440/1844/2122
f 4442/1846/2124 4454/1858/2136 4453/1857/2135 4441/1845/2123
f 4443/1847/2125 4455/1859/2137 4454/1858/2136 4442/1846/2124
f 4444/1848/2126 4456/1860/2138 4455/1859/2137 4443/1847/2125
f 4445/1849/2127 4457/1861/2139 4456/1860/2138 4444/1848/2126
f 4446/1850/2128 4458/1862/2140 4457/1861/2139 4445/1849/2127
f 4448/1851/2129 4460/1863/2141 4459/41/2142 4447/1852/2130
f 4449/1853/2131 4461/1864/2143 4460/1863/2141 4448/1851/2129
f 4450/1854/2132 4462/1865/2144 4461/1864/2143 4449/1853/2131
f 4451/1855/2133 4463/1866/2145 4462/1865/2144 4450/1854/2132
f 4452/1856/2134 4464/1867/2146 4463/1866/2145 4451/1855/2133
f 4453/1857/2135 4465/1868/2147 4464/1867/2146 4452/1856/2134
f 4454/1858/2136 4466/1869/2148 4465/1868/2147 4453/1857/2135
f 4455/1859/2137 4467/1870/2149 4466/1869/2148 4454/1858/2136
f 4456/1860/2138 4468/1871/2150 4467/1870/2149 4455/1859/2137
f 4457/1861/2139 4469/1872/2151 4468/1871/2150 4456/1860/2138
f 4458/1862/2140 4470/1873/2152 4469/1872/2151 4457/1861/2139
f 4460/1863/2141 4472/1874/2153 4471/1875/2154 4459/41/2142
f 4461/1864/2143 4473/1876/2155 4472/1874/2153 4460/1863/2141
f 4462/1865/2144 4474/1877/2156 4473/1876/2155 4461/1864/2143
f 4463/1866/2145 4475/1878/2157 4474/1877/2156 4462/1865/2144
f 4464/1867/2146 4476/1879/2158 4475/1878/2157 4463/1866/2145
f 4465/1868/2147 4477/1880/2159 4476/1879/2158 4464/1867/2146
f 4466/1869/2148 4478/1881/2160 4477/1880/2159 4465/1868/2147
f 4467/1870/2149 4479/1882/2161 4478/1881/2160 4466/1869/2148
f 4468/1871/2150 4480/1883/2162 4479/1882/2161 4467/1870/2149
f 4469/1872/2151 4481/1884/2163 4480/1883/2162 4468/1871/2150
f 4470/1873/2152 4482/1885/2164 4481/1884/2163 4469/1872/2151
f 4472/1874/2153 4484/1886/2165 4483/1887/2166 4471/1875/2154
f 4473/1876/2155 4485/1888/2167 4484/1886/2165 4472/1874/2153
f 4474/1877/2156 4486/1889/2168 4485/1888/2167 4473/1876/2155
f 4475/1878/2157 4487/1890/2169 4486/1889/2168 4474/1877/2156
f 4476/1879/2158 4488/1891/2170 4487/1890/2169 4475/1878/2157
f 4477/1880/2159 4489/1892/2171 4488/1891/2170 4476/1879/2158
f 4478/1881/2160 4490/1893/2172 4489/1892/2171 4477/1880/2159
f 4479/1882/2161 4491/1894/2173 4490/1893/2172 4478/1881/2160
f 4480/1883/2162 4492/1895/2174 4491/1894/2173 4479/1882/2161
f 4481/1884/2163 4493/1896/2175 4492/1895/2174 4480/1883/2162
f 4482/1885/2164 4494/1897/2176 4493/1896/2175 4481/1884/2163
f 4484/1886/2165 4496/1898/2177 4495/1899/2178 4483/1887/2166
f 4485/1888/2167 4497/1900/2179 4496/1898/2177 4484/1886/2165
f 4486/1889/2168 4498/1901/2180 4497/1900/2179 4485/1888/2167
f 4487/1890/2169 4499/1902/2181 4498/1901/2180 4486/1889/2168
f 4488/1891/2170 4500/1903/2182 4499/1902/2181 4487/1890/2169
f 4489/1892/2171 4501/1904/2183 4500/1903/2182 4488/1891/2170
f 4490/1893/2172 4502/1905/2184 4501/1904/2183 4489/1892/2171
f 4491/1894/2173 4503/1906/2185 4502/1905/2184 4490/1893/2172
f 4492/1895/2174 4504/1907/2186 4503/1906/2185 4491/1894/2173
f 4493/1896/2175 4505/1908/2187 4504/1907/2186 4492/1895/2174
f 4494/1897/2176 4506/1909/2188 4505/1908/2187 4493/1896/2175
f 4496/1898/2177 4508/1230/2189 4507/20/2190 4495/1899/2178
f 4497/1900/2179 4509/1231/2191 4508/1230/2189 4496/1898/2177
f 4498/1901/2180 4510/1232/2192 4509/1231/2191 4497/1900/2179
f 4499/1902/2181 4511/1233/2193 4510/1232/2192 4498/1901/2180
f 4500/1903/2182 4512/1234/2194 4511/1233/2193 4499/1902/2181
f 4501/1904/2183 4513/1235/2195 4512/1234/2194 4500/1903/2182
f 4502/1905/2184 4514/1236/2196 4513/1235/2195 4501/1904/2183
f 4503/1906/2185 4515/1237/2197 4514/1236/2196 4502/1905/2184
f 4504/1907/2186 4516/1238/2198 4515/1237/2197 4503/1906/2185
f 4505/1908/2187 4517/1239/2199 4516/1238/2198 4504/1907/2186
f 4506/1909/2188 4518/1240/2200 4517/1239/2199 4505/1908/2187
f 4508/1230/2189 4520/1910/2201 4519/1911/2202 4507/20/2190
f 4509/1231/2191 4521/1912/2203 4520/1910/2201 4508/1230/2189
f 4510/1232/2192 4522/1913/2204 4521/1912/2203 4509/1231/2191
f 4511/1233/2193 4523/1914/2205 4522/1913/2204 4510/1232/2192
f 4512/1234/2194 4524/1915/2206 4523/1914/2205 4511/1233/2193
f 4513/1235/2195 4525/1916/2207 4524/1915/2206 4512/1234/2194
f 4514/1236/2196 4526/1917/2208 4525/1916/2207 4513/1235/2195
f 4515/1237/2197 4527/1918/2209 4526/1917/2208 4514/1236/2196
f 4516/1238/2198 4528/1919/2210 4527/1918/2209 4515/1237/2197
f 4517/1239/2199 4529/1920/2211 4528/1919/2210 4516/1238/2198
f 4518/1240/2200 4530/1921/2212 4529/1920/2211 4517/1239/2199
f 4520/1910/2201 4532/1922/2213 4531/1923/2214 4519/1911/2202
f 4521/1912/2203 4533/1924/2215 4532/1922/2213 4520/1910/2201
f 4522/1913/2204 4534/1925/2216 4533/1924/2215 4521/1912/2203
f 4523/1914/2205 4535/1926/2217 4534/1925/2216 4522/1913/2204
f 4524/1915/2206 4536/1927/2218 4535/1926/2217 4523/1914/2205
f 4525/1916/2207 4537/1928/2219 4536/1927/2218 4524/1915/2206
f 4526/1917/2208 4538/1929/2220 4537/1928/2219 4525/1916/2207
f 4527/1918/2209 4539/1930/2221 4538/1929/2220 4526/1917/2208
f 4528/1919/2210 4540/1931/2222 4539/1930/2221 4527/1918/2209
f 4529/1920/2211 4541/1932/2223 4540/1931/2222 4528/1919/2210
f 4530/1921/2212 4542/1933/2224 4541/1932/2223 4529/1920/2211
f 4532/1922/2213 4544/1934/2225 4543/1935/2226 4531/1923/2214
f 4533/1924/2215 4545/1936/2227 4544/1934/2225 4532/1922/2213
f 4534/1925/2216 4546/1937/2228 4545/1936/2227 4533/1924/2215
f 4535/1926/2217 4547/1938/2229 4546/1937/2228 4534/1925/2216
f 4536/1927/2218 4548/1939/2230 4547/1938/2229 4535/1926/2217
f 4537/1928/2219 4549/1940/2231 4548/1939/2230 4536/1927/2218
f 4538/1929/2220 4550/1941/2232 4549/1940/2231 4537/1928/2219
f 4539/1930/2221 4551/1942/2233 4550/1941/2232 4538/1929/2220
f 4540/1931/2222 4552/1943/2234 4551/1942/2233 4539/1930/2221
f 4541/1932/2223 4553/1944/2235 4552/1943/2234 4540/1931/2222
f 4542/1933/2224 4554/1945/2236 4553/1944/2235 4541/1932/2223
f 4544/1934/2225 4556/1946/2237 4555/50/2238 4543/1935/2226
f 4545/1936/2227 4557/1947/2239 4556/1946/2237 4544/1934/2225
f 4546/1937/2228 4558/1948/2240 4557/1947/2239 4545/1936/2227
f 4547/1938/2229 4559/1949/2241 4558/1948/2240 4546/1937/2228
f 4548/1939/2230 4560/1950/2242 4559/1949/2241 4547/1938/2229
f 4549/1940/2231 4561/1951/2243 4560/1950/2242 4548/1939/2230
f 4550/1941/2232 4562/1952/2244 4561/1951/2243 4549/1940/2231
f 4551/1942/2233 4563/1953/2245 4562/1952/2244 4550/1941/2232
f 4552/1943/2234 4564/1954/2246 4563/1953/2245 4551/1942/2233
f 4553/1944/2235 4565/1955/2247 4564/1954/2246 4552/1943/2234
f 4554/1945/2236 4566/1956/2248 4565/1955/2247 4553/1944/2235
f 4556/1946/2237 4568/1957/2249 4567/1958/2250 4555/50/2238
f 4557/1947/2239 4569/1959/2251 4568/1957/2249 4556/1946/2237
f 4558/1948/2240 4570/1960/2252 4569/1959/2251 4557/1947/2239
f 4559/1949/2241 4571/1961/2253 4570/1960/2252 4558/1948/2240
f 4560/1950/2242 4572/1962/2254 4571/1961/2253 4559/1949/2241
f 4561/1951/2243 4573/1963/2255 4572/1962/2254 4560/1950/2242
f 4562/1952/2244 4574/1964/2256 4573/1963/2255 4561/1951/2243
f 4563/1953/2245 4575/1965/2257 4574/1964/2256 4562/1952/2244
f 4564/1954/2246 4576/1966/2258 4575/1965/2257 4563/1953/2245
f 4565/1955/2247 4577/1967/2259 4576/1966/2258 4564/1954/2246
f 4566/1956/2248 4578/1968/2260 4577/1967/2259 4565/1955/2247
f 4568/1957/2249 4580/1969/2261 4579/1970/2262 4567/1958/2250
f 4569/1959/2251 4581/1971/2263 4580/1969/2261 4568/1957/2249
f 4570/1960/2252 4582/1972/2264 4581/1971/2263 4569/1959/2251
f 4571/1961/2253 4583/1973/2265 4582/1972/2264 4570/1960/2252
f 4572/1962/2254 4584/1974/2266 4583/1973/2265 4571/1961/2253
f 4573/1963/2255 4585/1975/2267 4584/1974/2266 4572/1962/2254
f 4574/1964/2256 4586/1976/2268 4585/1975/2267 4573/1963/2255
f 4575/1965/2257 4587/1977/2269 4586/1976/2268 4574/1964/2256
f 4576/1966/2258 4588/1978/2270 4587/1977/2269 4575/1965/2257
f 4577/1967/2259 4589/1979/2271 4588/1978/2270 4576/1966/2258
f 4578/1968/2260 4590/1980/2272 4589/1979/2271 4577/1967/2259
f 4580/1969/2261 4592/1981/2273 4591/1982/2274 4579/1970/2262
f 4581/1971/2263 4593/1983/2275 4592/1981/2273 4580/1969/2261
f 4582/1972/2264 4594/1984/2276 4593/1983/2275 4581/1971/2263
f 4583/1973/2265 4595/1985/2277 4594/1984/2276 4582/1972/2264
f 4584/1974/2266 4596/1986/2278 4595/1985/2277 4583/1973/2265
f 4585/1975/2267 4597/1987/2279 4596/1986/2278 4584/1974/2266
f 4586/1976/2268 4598/1988/2280 4597/1987/2279 4585/1975/2267
f 4587/1977/2269 4599/1989/2281 4598/1988/2280 4586/1976/2268
f 4588/1978/2270 4600/1990/2282 4599/1989/2281 4587/1977/2269
f 4589/1979/2271 4601/1991/2283 4600/1990/2282 4588/1978/2270
f 4590/1980/2272 4602/1992/2284 4601/1991/2283 4589/1979/2271
f 4592/1981/2273 4028/477/1709 4027/91/1712 4591/1982/2274
f 4593/1983/2275 4029/478/1713 4028/477/1709 4592/1981/2273
f 4594/1984/2276 4030/479/1715 4029/478/1713 4593/1983/2275
f 4595/1985/2277 4031/480/1717 4030/479/1715 4594/1984/2276
f 4596/1986/2278 4032/481/1719 4031/480/1717 4595/1985/2277
f 4597/1987/2279 4033/482/1721 4032/481/1719 4596/1986/2278
f 4598/1988/2280 4034/483/1723 4033/482/1721 4597/1987/2279
f 4599/1989/2281 4035/484/1725 4034/483/1723 4598/1988/2280
f 4600/1990/2282 4036/485/1727 4035/484/1725 4599/1989/2281
f 4601/1991/2283 4037/486/1729 4036/485/1727 4600/1990/2282
f 4602/1992/2284 4038/487/1731 4037/486/1729 4601/1991/2283
f 4604/304/1133 4616/1495/1134 4615/1496/1135 4603/129/1136
f 4605/307/1137 4617/1497/1138 4616/1495/1134 4604/304/1133
f 4606/309/1139 4618/1498/1140 4617/1497/1138 4605/307/1137
f 4607/311/1141 4619/1499/1142 4618/1498/1140 4606/309/1139
f 4608/313/1143 4620/1500/1144 4619/1499/1142 4607/311/1141
f 4609/315/1145 4621/1501/1146 4620/1500/1144 4608/313/1143
f 4610/317/1147 4622/1502/1148 4621/1501/1146 4609/315/1145
f 4611/319/1149 4623/1503/1150 4622/1502/1148 4610/317/1147
f 4612/321/1151 4624/1504/1152 4623/1503/1150 4611/319/1149
f 4613/323/1153 4625/1505/1154 4624/1504/1152 4612/321/1151
f 4614/325/1155 4626/1506/1156 4625/1505/1154 4613/323/1153
f 4616/1495/1134 4628/1507/1157 4627/1508/1158 4615/1496/1135
f 4617/1497/1138 4629/1509/1159 4628/1507/1157 4616/1495/1134
f 4618/1498/1140 4630/1510/1160 4629/1509/1159 4617/1497/1138
f 4619/1499/1142 4631/1511/1161 4630/1510/1160 4618/1498/1140
f 4620/1500/1144 4632/1512/1162 4631/1511/1161 4619/1499/1142
f 4621/1501/1146 4633/1513/1163 4632/1512/1162 4620/1500/1144
f 4622/1502/1148 4634/1514/1164 4633/1513/1163 4621/1501/1146
f 4623/1503/1150 4635/1515/1165 4634/1514/1164 4622/1502/1148
f 4624/1504/1152 4636/1516/1166 4635/1515/1165 4623/1503/1150
f 4625/1505/1154 4637/1517/1167 4636/1516/1166 4624/1504/1152
f 4626/1506/1156 4638/1518/1168 4637/1517/1167 4625/1505/1154
f 4628/1507/1157 4640/1519/1169 4639/1520/1170 4627/1508/1158
f 4629/1509/1159 4641/1521/1171 4640/1519/1169 4628/1507/1157
f 4630/1510/1160 4642/1522/1172 4641/1521/1171 4629/1509/1159
f 4631/1511/1161 4643/1523/1173 4642/1522/1172 4630/1510/1160
f 4632/1512/1162 4644/1524/1174 4643/1523/1173 4631/1511/1161
f 4633/1513/1163 4645/1525/1175 4644/1524/1174 4632/1512/1162
f 4634/1514/1164 4646/1526/1176 4645/1525/1175 4633/1513/1163
f 4635/1515/1165 4647/1527/1177 4646/1526/1176 4634/1514/1164
f 4636/1516/1166 4648/1528/1178 4647/1527/1177 4635/1515/1165
f 4637/1517/1167 4649/1529/1179 4648/1528/1178 4636/1516/1166
f 4638/1518/1168 4650/1530/1180 4649/1529/1179 4637/1517/1167
f 4640/1519/1169 4652/1531/1181 4651/97/1182 4639/1520/1170
f 4641/1521/1171 4653/1532/1183 4652/1531/1181 4640/1519/1169
f 4642/1522/1172 4654/1533/1184 4653/1532/1183 4641/1521/1171
f 4643/1523/1173 4655/1534/1185 4654/1533/1184 4642/1522/1172
f 4644/1524/1174 4656/1535/1186 4655/1534/1185 4643/1523/1173
f 4645/1525/1175 4657/1536/1187 4656/1535/1186 4644/1524/1174
f 4646/1526/1176 4658/1537/1188 4657/1536/1187 4645/1525/1175
f 4647/1527/1177 4659/1538/1189 4658/1537/1188 4646/1526/1176
f 4648/1528/1178 4660/1539/1190 4659/1538/1189 4647/1527/1177
f 4649/1529/1179 4661/1540/1191 4660/1539/1190 4648/1528/1178
f 4650/1530/1180 4662/1541/1192 4661/1540/1191 4649/1529/1179
f 4652/1531/1181 4664/1542/1193 4663/1543/1194 4651/97/1182
f 4653/1532/1183 4665/1544/1195 4664/1542/1193 4652/1531/1181
f 4654/1533/1184 4666/1545/1196 4665/1544/1195 4653/1532/1183
f 4655/1534/1185 4667/1546/1197 4666/1545/1196 4654/1533/1184
f 4656/1535/1186 4668/1547/1198 4667/1546/1197 4655/1534/1185
f 4657/1536/1187 4669/1548/1199 4668/1547/1198 4656/1535/1186
f 4658/1537/1188 4670/1549/1200 4669/1548/1199 4657/1536/1187
f 4659/1538/1189 4671/1550/1201 4670/1549/1200 4658/1537/1188
f 4660/1539/1190 4672/1551/1202 4671/1550/1201 4659/1538/1189
f 4661/1540/1191 4673/1552/1203 4672/1551/1202 4660/1539/1190
f 4662/1541/1192 4674/1553/1204 4673/1552/1203 4661/1540/1191
f 4664/1542/1193 4676/1554/1205 4675/1555/1206 4663/1543/1194
f 4665/1544/1195 4677/1556/1207 4676/1554/1205 4664/1542/1193
f 4666/1545/1196 4678/1557/1208 4677/1556/1207 4665/1544/1195
f 4667/1546/1197 4679/1558/1209 4678/1557/1208 4666/1545/1196
f 4668/1547/1198 4680/1559/1210 4679/1558/1209 4667/1546/1197
f 4669/1548/1199 4681/1560/1211 4680/1559/1210 4668/1547/1198
f 4670/1549/1200 4682/1561/1212 4681/1560/1211 4669/1548/1199
f 4671/1550/1201 4683/1562/1213 4682/1561/1212 4670/1549/1200
f 4672/1551/1202 4684/1563/1214 4683/1562/1213 4671/1550/1201
f 4673/1552/1203 4685/1564/1215 4684/1563/1214 4672/1551/1202
f 4674/1553/1204 4686/1565/1216 4685/1564/1215 4673/1552/1203
f 4676/1554/1205 4688/1566/1217 4687/1567/1218 4675/1555/1206
f 4677/1556/1207 4689/1568/1219 4688/1566/1217 4676/1554/1205
f 4678/1557/1208 4690/1569/1220 4689/1568/1219 4677/1556/1207
f 4679/1558/1209 4691/1570/1221 4690/1569/1220 4678/1557/1208
f 4680/1559/1210 4692/1571/1222 4691/1570/1221 4679/1558/1209
f 4681/1560/1211 4693/1572/1223 4692/1571/1222 4680/1559/1210
f 4682/1561/1212 4694/1573/1224 4693/1572/1223 4681/1560/1211
f 4683/1562/1213 4695/1574/1225 4694/1573/1224 4682/1561/1212
f 4684/1563/1214 4696/1575/1226 4695/1574/1225 4683/1562/1213
f 4685/1564/1215 4697/1576/1227 4696/1575/1226 4684/1563/1214
f 4686/1565/1216 4698/1577/1228 4697/1576/1227 4685/1564/1215
f 4688/1566/1217 4700/632/1229 4699/115/1230 4687/1567/1218
f 4689/1568/1219 4701/633/1231 4700/632/1229 4688/1566/1217
f 4690/1569/1220 4702/634/1232 4701/633/1231 4689/1568/1219
f 4691/1570/1221 4703/635/1233 4702/634/1232 4690/1569/1220
f 4692/1571/1222 4704/636/1234 4703/635/1233 4691/1570/1221
f 4693/1572/1223 4705/637/1235 4704/636/1234 4692/1571/1222
f 4694/1573/1224 4706/638/1236 4705/637/1235 4693/1572/1223
f 4695/1574/1225 4707/639/1237 4706/638/1236 4694/1573/1224
f 4696/1575/1226 4708/640/1238 4707/639/1237 4695/1574/1225
f 4697/1576/1227 4709/641/1239 4708/640/1238 4696/1575/1226
f 4698/1577/1228 4710/642/1240 4709/641/1239 4697/1576/1227
f 4700/632/1229 4712/1578/1241 4711/1579/1242 4699/115/1230
f 4701/633/1231 4713/1580/1243 4712/1578/1241 4700/632/1229
f 4702/634/1232 4714/1581/1244 4713/1580/1243 4701/633/1231
f 4703/635/1233 4715/1582/1245 4714/1581/1244 4702/634/1232
f 4704/636/1234 4716/1583/1246 4715/1582/1245 4703/635/1233
f 4705/637/1235 4717/1584/1247 4716/1583/1246 4704/636/1234
f 4706/638/1236 4718/1585/1248 4717/1584/1247 4705/637/1235
f 4707/639/1237 4719/1586/1249 4718/1585/1248 4706/638/1236
f 4708/640/1238 4720/1587/1250 4719/1586/1249 4707/639/1237
f 4709/641/1239 4721/1588/1251 4720/1587/1250 4708/640/1238
f 4710/642/1240 4722/1589/1252 4721/1588/1251 4709/641/1239
f 4712/1578/1241 4724/1590/1253 4723/1591/1254 4711/1579/1242
f 4713/1580/1243 4725/1592/1255 4724/1590/1253 4712/1578/1241
f 4714/1581/1244 4726/1593/1256 4725/1592/1255 4713/1580/1243
f 4715/1582/1245 4727/1594/1257 4726/1593/1256 4714/1581/1244
f 4716/1583/1246 4728/1595/1258 4727/1594/1257 4715/1582/1245
f 4717/1584/1247 4729/1596/1259 4728/1595/1258 4716/1583/1246
f 4718/1585/1248 4730/1597/1260 4729/1596/1259 4717/1584/1247
f 4719/1586/1249 4731/1598/1261 4730/1597/1260 4718/1585/1248
f 4720/1587/1250 4732/1599/1262 4731/1598/1261 4719/1586/1249
f 4721/1588/1251 4733/1600/1263 4732/1599/1262 4720/1587/1250
f 4722/1589/1252 4734/1601/1264 4733/1600/1263 4721/1588/1251
f 4724/1590/1253 4736/1602/1265 4735/1603/1266 4723/1591/1254
f 4725/1592/1255 4737/1604/1267 4736/1602/1265 4724/1590/1253
f 4726/1593/1256 4738/1605/1268 4737/1604/1267 4725/1592/1255
f 4727/1594/1257 4739/1606/1269 4738/1605/1268 4726/1593/1256
f 4728/1595/1258 4740/1607/1270 4739/1606/1269 4727/1594/1257
f 4729/1596/1259 4741/1608/1271 4740/1607/1270 4728/1595/1258
f 4730/1597/1260 4742/1609/1272 4741/1608/1271 4729/1596/1259
f 4731/1598/1261 4743/1610/1273 4742/1609/1272 4730/1597/1260
f 4732/1599/1262 4744/1611/1274 4743/1610/1273 4731/1598/1261
f 4733/1600/1263 4745/1612/1275 4744/1611/1274 4732/1599/1262
f 4734/1601/1264 4746/1613/1276 4745/1612/1275 4733/1600/1263
f 4736/1602/1265 4748/1614/1277 4747/58/1278 4735/1603/1266
f 4737/1604/1267 4749/1615/1279 4748/1614/1277 4736/1602/1265
f 4738/1605/1268 4750/1616/1280 4749/1615/1279 4737/1604/1267
f 4739/1606/1269 4751/1617/1281 4750/1616/1280 4738/1605/1268
f 4740/1607/1270 4752/1618/1282 4751/1617/1281 4739/1606/1269
f 4741/1608/1271 4753/1619/1283 4752/1618/1282 4740/1607/1270
f 4742/1609/1272 4754/1620/1284 4753/1619/1283 4741/1608/1271
f 4743/1610/1273 4755/1621/1285 4754/1620/1284 4742/1609/1272
f 4744/1611/1274 4756/1622/1286 4755/1621/1285 4743/1610/1273
f 4745/1612/1275 4757/1623/1287 4756/1622/1286 4744/1611/1274
f 4746/1613/1276 4758/1624/1288 4757/1623/1287 4745/1612/1275
f 4748/1614/1277 4760/1625/1289 4759/1626/1290 4747/58/1278
f 4749/1615/1279 4761/1627/1291 4760/1625/1289 4748/1614/1277
f 4750/1616/1280 4762/1628/1292 4761/1627/1291 4749/1615/1279
f 4751/1617/1281 4763/1629/1293 4762/1628/1292 4750/1616/1280
f 4752/1618/1282 4764/1630/1294 4763/1629/1293 4751/1617/1281
f 4753/1619/1283 4765/1631/1295 4764/1630/1294 4752/1618/1282
f 4754/1620/1284 4766/1632/1296 4765/1631/1295 4753/1619/1283
f 4755/1621/1285 4767/1633/1297 4766/1632/1296 4754/1620/1284
f 4756/1622/1286 4768/1634/1298 4767/1633/1297 4755/1621/1285
f 4757/1623/1287 4769/1635/1299 4768/1634/1298 4756/1622/1286
f 4758/1624/1288 4770/1636/1300 4769/1635/1299 4757/1623/1287
f 4760/1625/1289 4772/1637/1301 4771/1638/1302 4759/1626/1290
f 4761/1627/1291 4773/1639/1303 4772/1637/1301 4760/1625/1289
f 4762/1628/1292 4774/1640/1304 4773/1639/1303 4761/1627/1291
f 4763/1629/1293 4775/1641/1305 4774/1640/1304 4762/1628/1292
f 4764/1630/1294 4776/1642/1306 4775/1641/1305 4763/1629/1293
f 4765/1631/1295 4777/1643/1307 4776/1642/1306 4764/1630/1294
f 4766/1632/1296 4778/1644/1308 4777/1643/1307 4765/1631/1295
f 4767/1633/1297 4779/1645/1309 4778/1644/1308 4766/1632/1296
f 4768/1634/1298 4780/1646/1310 4779/1645/1309 4767/1633/1297
f 4769/1635/1299 4781/1647/1311 4780/1646/1310 4768/1634/1298
f 4770/1636/1300 4782/1648/1312 4781/1647/1311 4769/1635/1299
f 4772/1637/1301 4784/1649/1313 4783/1650/1314 4771/1638/1302
f 4773/1639/1303 4785/1651/1315 4784/1649/1313 4772/1637/1301
f 4774/1640/1304 4786/1652/1316 4785/1651/1315 4773/1639/1303
f 4775/1641/1305 4787/1653/1317 4786/1652/1316 4774/1640/1304
f 4776/1642/1306 4788/1654/1318 4787/1653/1317 4775/1641/1305
f 4777/1643/1307 4789/1655/1319 4788/1654/1318 4776/1642/1306
f 4778/1644/1308 4790/1656/1320 4789/1655/1319 4777/1643/1307
f 4779/1645/1309 4791/1657/1321 4790/1656/1320 4778/1644/1308
f 4780/1646/1310 4792/1658/1322 4791/1657/1321 4779/1645/1309
f 4781/1647/1311 4793/1659/1323 4792/1658/1322 4780/1646/1310
f 4782/1648/1312 4794/1660/1324 4793/1659/1323 4781/1647/1311
f 4784/1649/1313 4796/362/1325 4795/6/1326 4783/1650/1314
f 4785/1651/1315 4797/363/1327 4796/362/1325 4784/1649/1313
f 4786/1652/1316 4798/364/1328 4797/363/1327 4785/1651/1315
f 4787/1653/1317 4799/365/1329 4798/364/1328 4786/1652/1316
f 4788/1654/1318 4800/366/1330 4799/365/1329 4787/1653/1317
f 4789/1655/1319 4801/367/1331 4800/366/1330 4788/1654/1318
f 4790/1656/1320 4802/368/1332 4801/367/1331 4789/1655/1319
f 4791/1657/1321 4803/369/1333 4802/368/1332 4790/1656/1320
f 4792/1658/1322 4804/370/1334 4803/369/1333 4791/1657/1321
f 4793/1659/1323 4805/371/1335 4804/370/1334 4792/1658/1322
f 4794/1660/1324 4806/372/1336 4805/371/1335 4793/1659/1323
f 4796/362/1325 4808/1661/1337 4807/1662/1338 4795/6/1326
f 4797/363/1327 4809/1663/1339 4808/1661/1337 4796/362/1325
f 4798/364/1328 4810/1664/1340 4809/1663/1339 4797/363/1327
f 4799/365/1329 4811/1665/1341 4810/1664/1340 4798/364/1328
f 4800/366/1330 4812/1666/1342 4811/1665/1341 4799/365/1329
f 4801/367/1331 4813/1667/1343 4812/1666/1342 4800/366/1330
f 4802/368/1332 4814/1668/1344 4813/1667/1343 4801/367/1331
f 4803/369/1333 4815/1669/1345 4814/1668/1344 4802/368/1332
f 4804/370/1334 4816/1670/1346 4815/1669/1345 4803/369/1333
f 4805/371/1335 4817/1671/1347 4816/1670/1346 4804/370/1334
f 4806/372/1336 4818/1672/1348 4817/1671/1347 4805/371/1335
f 4808/1661/1337 4820/1673/1349 4819/1674/1350 4807/1662/1338
f 4809/1663/1339 4821/1675/1351 4820/1673/1349 4808/1661/1337
f 4810/1664/1340 4822/1676/1352 4821/1675/1351 4809/1663/1339
f 4811/1665/1341 4823/1677/1353 4822/1676/1352 4810/1664/1340
f 4812/1666/1342 4824/1678/1354 4823/1677/1353 4811/1665/1341
f 4813/1667/1343 4825/1679/1355 4824/1678/1354 4812/1666/1342
f 4814/1668/1344 4826/1680/1356 4825/1679/1355 4813/1667/1343
f 4815/1669/1345 4827/1681/1357 4826/1680/1356 4814/1668/1344
f 4816/1670/1346 4828/1682/1358 4827/1681/1357 4815/1669/1345
f 4817/1671/1347 4829/1683/1359 4828/1682/1358 4816/1670/1346
f 4818/1672/1348 4830/1684/1360 4829/1683/1359 4817/1671/1347
f 4820/1673/1349 4832/1685/1361 4831/1686/1362 4819/1674/1350
f 4821/1675/1351 4833/1687/1363 4832/1685/1361 4820/1673/1349
f 4822/1676/1352 4834/1688/1364 4833/1687/1363 4821/1675/1351
f 4823/1677/1353 4835/1689/1365 4834/1688/1364 4822/1676/1352
f 4824/1678/1354 4836/1690/1366 4835/1689/1365 4823/1677/1353
f 4825/1679/1355 4837/1691/1367 4836/1690/1366 4824/1678/1354
f 4826/1680/1356 4838/1692/1368 4837/1691/1367 4825/1679/1355
f 4827/1681/1357 4839/1693/1369 4838/1692/1368 4826/1680/1356
f 4828/1682/1358 4840/1694/1370 4839/1693/1369 4827/1681/1357
f 4829/1683/1359 4841/1695/1371 4840/1694/1370 4828/1682/1358
f 4830/1684/1360 4842/1696/1372 4841/1695/1371 4829/1683/1359
f 4832/1685/1361 4844/1697/1373 4843/22/1374 4831/1686/1362
f 4833/1687/1363 4845/1698/1375 4844/1697/1373 4832/1685/1361
f 4834/1688/1364 4846/1699/1376 4845/1698/1375 4833/1687/1363
f 4835/1689/1365 4847/1700/1377 4846/1699/1376 4834/1688/1364
f 4836/1690/1366 4848/1701/1378 4847/1700/1377 4835/1689/1365
f 4837/1691/1367 4849/1702/1379 4848/1701/1378 4836/1690/1366
f 4838/1692/1368 4850/1703/1380 4849/1702/1379 4837/1691/1367
f 4839/1693/1369 4851/1704/1381 4850/1703/1380 4838/1692/1368
f 4840/1694/1370 4852/1705/1382 4851/1704/1381 4839/1693/1369
f 4841/1695/1371 4853/1706/1383 4852/1705/1382 4840/1694/1370
f 4842/1696/1372 4854/1707/1384 4853/1706/1383 4841/1695/1371
f 4844/1697/1373 4856/1708/1385 4855/1709/1386 4843/22/1374
f 4845/1698/1375 4857/1710/1387 4856/1708/1385 4844/1697/1373
f 4846/1699/1376 4858/1711/1388 4857/1710/1387 4845/1698/1375
f 4847/1700/1377 4859/1712/1389 4858/1711/1388 4846/1699/1376
f 4848/1701/1378 4860/1713/1390 4859/1712/1389 4847/1700/1377
f 4849/1702/1379 4861/1714/1391 4860/1713/1390 4848/1701/1378
f 4850/1703/1380 4862/1715/1392 4861/1714/1391 4849/1702/1379
f 4851/1704/1381 4863/1716/1393 4862/1715/1392 4850/1703/1380
f 4852/1705/1382 4864/1717/1394 4863/1716/1393 4851/1704/1381
f 4853/1706/1383 4865/1718/1395 4864/1717/1394 4852/1705/1382
f 4854/1707/1384 4866/1719/1396 4865/1718/1395 4853/1706/1383
f 4856/1708/1385 4868/1720/1397 4867/1721/1398 4855/1709/1386
f 4857/1710/1387 4869/1722/1399 4868/1720/1397 4856/1708/1385
f 4858/1711/1388 4870/1723/1400 4869/1722/1399 4857/1710/1387
f 4859/1712/1389 4871/1724/1401 4870/1723/1400 4858/1711/1388
f 4860/1713/1390 4872/1725/1402 4871/1724/1401 4859/1712/1389
f 4861/1714/1391 4873/1726/1403 4872/1725/1402 4860/1713/1390
f 4862/1715/1392 4874/1727/1404 4873/1726/1403 4861/1714/1391
f 4863/1716/1393 4875/1728/1405 4874/1727/1404 4862/1715/1392
f 4864/1717/1394 4876/1729/1406 4875/1728/1405 4863/1716/1393
f 4865/1718/1395 4877/1730/1407 4876/1729/1406 4864/1717/1394
f 4866/1719/1396 4878/1731/1408 4877/1730/1407 4865/1718/1395
f 4868/1720/1397 4880/1732/1409 4879/1733/1410 4867/1721/1398
f 4869/1722/1399 4881/1734/1411 4880/1732/1409 4868/1720/1397
f 4870/1723/1400 4882/1735/1412 4881/1734/1411 4869/1722/1399
f 4871/1724/1401 4883/1736/1413 4882/1735/1412 4870/1723/1400
f 4872/1725/1402 4884/1737/1414 4883/1736/1413 4871/1724/1401
f 4873/1726/1403 4885/1738/1415 4884/1737/1414 4872/1725/1402
f 4874/1727/1404 4886/1739/1416 4885/1738/1415 4873/1726/1403
f 4875/1728/1405 4887/1740/1417 4886/1739/1416 4874/1727/1404
f 4876/1729/1406 4888/1741/1418 4887/1740/1417 4875/1728/1405
f 4877/1730/1407 4889/1742/1419 4888/1741/1418 4876/1729/1406
f 4878/1731/1408 4890/1743/1420 4889/1742/1419 4877/1730/1407
f 4880/1732/1409 4892/931/1421 4891/122/1422 4879/1733/1410
f 4881/1734/1411 4893/932/1423 4892/931/1421 4880/1732/1409
f 4882/1735/1412 4894/933/1424 4893/932/1423 4881/1734/1411
f 4883/1736/1413 4895/934/1425 4894/933/1424 4882/1735/1412
f 4884/1737/1414 4896/935/1426 4895/934/1425 4883/1736/1413
f 4885/1738/1415 4897/936/1427 4896/935/1426 4884/1737/1414
f 4886/1739/1416 4898/937/1428 4897/936/1427 4885/1738/1415
f 4887/1740/1417 4899/938/1429 4898/937/1428 4886/1739/1416
f 4888/1741/1418 4900/939/1430 4899/938/1429 4887/1740/1417
f 4889/1742/1419 4901/940/1431 4900/939/1430 4888/1741/1418
f 4890/1743/1420 4902/941/1432 4901/940/1431 4889/1742/1419
f 4892/931/1421 4904/1744/1433 4903/1745/1434 4891/122/1422
f 4893/932/1423 4905/1746/1435 4904/1744/1433 4892/931/1421
f 4894/933/1424 4906/1747/1436 4905/1746/1435 4893/932/1423
f 4895/934/1425 4907/1748/1437 4906/1747/1436 4894/933/1424
f 4896/935/1426 4908/1749/1438 4907/1748/1437 4895/934/1425
f 4897/936/1427 4909/1750/1439 4908/1749/1438 4896/935/1426
f 4898/937/1428 4910/1751/1440 4909/1750/1439 4897/936/1427
f 4899/938/1429 4911/1752/1441 4910/1751/1440 4898/937/1428
f 4900/939/1430 4912/1753/1442 4911/1752/1441 4899/938/1429
f 4901/940/1431 4913/1754/1443 4912/1753/1442 4900/939/1430
f 4902/941/1432 4914/1755/1444 4913/1754/1443 4901/940/1431
f 4904/1744/1433 4916/1756/1445 4915/1757/1446 4903/1745/1434
f 4905/1746/1435 4917/1758/1447 4916/1756/1445 4904/1744/1433
f 4906/1747/1436 4918/1759/1448 4917/1758/1447 4905/1746/1435
f 4907/1748/1437 4919/1760/1449 4918/1759/1448 4906/1747/1436
f 4908/1749/1438 4920/1761/1450 4919/1760/1449 4907/1748/1437
f 4909/1750/1439 4921/1762/1451 4920/1761/1450 4908/1749/1438
f 4910/1751/1440 4922/1763/1452 4921/1762/1451 4909/1750/1439
f 4911/1752/1441 4923/1764/1453 4922/1763/1452 4910/1751/1440
f 4912/1753/1442 4924/1765/1454 4923/1764/1453 4911/1752/1441
f 4913/1754/1443 4925/1766/1455 4924/1765/1454 4912/1753/1442
f 4914/1755/1444 4926/1767/1456 4925/1766/1455 4913/1754/1443
f 4916/1756/1445 4928/1768/1457 4927/1769/1458 4915/1757/1446
f 4917/1758/1447 4929/1770/1459 4928/1768/1457 4916/1756/1445
f 4918/1759/1448 4930/1771/1460 4929/1770/1459 4917/1758/1447
f 4919/1760/1449 4931/1772/1461 4930/1771/1460 4918/1759/1448
f 4920/1761/1450 4932/1773/1462 4931/1772/1461 4919/1760/1449
f 4921/1762/1451 4933/1774/1463 4932/1773/1462 4920/1761/1450
f 4922/1763/1452 4934/1775/1464 4933/1774/1463 4921/1762/1451
f 4923/1764/1453 4935/1776/1465 4934/1775/1464 4922/1763/1452
f 4924/1765/1454 4936/1777/1466 4935/1776/1465 4923/1764/1453
f 4925/1766/1455 4937/1778/1467 4936/1777/1466 4924/1765/1454
f 4926/1767/1456 4938/1779/1468 4937/1778/1467 4925/1766/1455
f 4928/1768/1457 4940/1780/1469 4939/84/1470 4927/1769/1458
f 4929/1770/1459 4941/1781/1471 4940/1780/1469 4928/1768/1457
f 4930/1771/1460 4942/1782/1472 4941/1781/1471 4929/1770/1459
f 4931/1772/1461 4943/1783/1473 4942/1782/1472 4930/1771/1460
f 4932/1773/1462 4944/1784/1474 4943/1783/1473 4931/1772/1461
f 4933/1774/1463 4945/1785/1475 4944/1784/1474 4932/1773/1462
f 4934/1775/1464 4946/1786/1476 4945/1785/1475 4933/1774/1463
f 4935/1776/1465 4947/1787/1477 4946/1786/1476 4934/1775/1464
f 4936/1777/1466 4948/1788/1478 4947/1787/1477 4935/1776/1465
f 4937/1778/1467 4949/1789/2285 4948/1788/1478 4936/1777/1466
f 4938/1779/1468 4950/1790/1480 4949/1789/2285 4937/1778/1467
f 4940/1780/1469 4952/1791/1481 4951/1792/1482 4939/84/1470
f 4941/1781/1471 4953/1793/1483 4952/1791/1481 4940/1780/1469
f 4942/1782/1472 4954/1794/1484 4953/1793/1483 4941/1781/1471
f 4943/1783/1473 4955/1795/2286 4954/1794/1484 4942/1782/1472
f 4944/1784/1474 4956/1796/1486 4955/1795/2286 4943/1783/1473
f 4945/1785/1475 4957/1797/1487 4956/1796/1486 4944/1784/1474
f 4946/1786/1476 4958/1798/2287 4957/1797/1487 4945/1785/1475
f 4947/1787/1477 4959/1799/1489 4958/1798/2287 4946/1786/1476
f 4948/1788/1478 4960/1800/1490 4959/1799/1489 4947/1787/1477
f 4949/1789/2285 4961/1801/1491 4960/1800/1490 4948/1788/1478
f 4950/1790/1480 4962/1802/1492 4961/1801/1491 4949/1789/2285
f 4952/1791/1481 4964/1803/1493 4963/1804/1494 4951/1792/1482
f 4953/1793/1483 4965/1805/1495 4964/1803/1493 4952/1791/1481
f 4954/1794/1484 4966/1806/1496 4965/1805/1495 4953/1793/1483
f 4955/1795/2286 4967/1807/1497 4966/1806/1496 4954/1794/1484
f 4956/1796/1486 4968/1808/1498 4967/1807/1497 4955/1795/2286
f 4957/1797/1487 4969/1809/1499 4968/1808/1498 4956/1796/1486
f 4958/1798/2287 4970/1810/1500 4969/1809/1499 4957/1797/1487
f 4959/1799/1489 4971/1811/1501 4970/1810/1500 4958/1798/2287
f 4960/1800/1490 4972/1812/1502 4971/1811/1501 4959/1799/1489
f 4961/1801/1491 4973/1813/1503 4972/1812/1502 4960/1800/1490
f 4962/1802/1492 4974/1814/1504 4973/1813/1503 4961/1801/1491
f 4964/1803/1493 4976/1815/1505 4975/1816/1506 4963/1804/1494
f 4965/1805/1495 4977/1817/1507 4976/1815/1505 4964/1803/1493
f 4966/1806/1496 4978/1818/1508 4977/1817/1507 4965/1805/1495
f 4967/1807/1497 4979/1819/1509 4978/1818/1508 4966/1806/1496
f 4968/1808/1498 4980/1820/1510 4979/1819/1509 4967/1807/1497
f 4969/1809/1499 4981/1821/1511 4980/1820/1510 4968/1808/1498
f 4970/1810/1500 4982/1822/1512 4981/1821/1511 4969/1809/1499
f 4971/1811/1501 4983/1823/1513 4982/1822/1512 4970/1810/1500
f 4972/1812/1502 4984/1824/1514 4983/1823/1513 4971/1811/1501
f 4973/1813/1503 4985/1825/1515 4984/1824/1514 4972/1812/1502
f 4974/1814/1504 4986/1826/1516 4985/1825/1515 4973/1813/1503
f 4976/1815/1505 4988/419/1517 4987/64/1518 4975/1816/1506
f 4977/1817/1507 4989/420/1519 4988/419/1517 4976/1815/1505
f 4978/1818/1508 4990/421/1520 4989/420/1519 4977/1817/1507
f 4979/1819/1509 4991/422/1521 4990/421/1520 4978/1818/1508
f 4980/1820/1510 4992/423/1522 4991/422/1521 4979/1819/1509
f 4981/1821/1511 4993/424/1523 4992/423/1522 4980/1820/1510
f 4982/1822/1512 4994/425/1524 4993/424/1523 4981/1821/1511
f 4983/1823/1513 4995/426/1525 4994/425/1524 4982/1822/1512
f 4984/1824/1514 4996/427/1526 4995/426/1525 4983/1823/1513
f 4985/1825/1515 4997/428/1527 4996/427/1526 4984/1824/1514
f 4986/1826/1516 4998/429/1528 4997/428/1527 4985/1825/1515
f 4988/419/1517 5000/1827/1529 4999/1828/1530 4987/64/1518
f 4989/420/1519 5001/1829/1531 5000/1827/1529 4988/419/1517
f 4990/421/1520 5002/1830/1532 5001/1829/1531 4989/420/1519
f 4991/422/1521 5003/1831/1533 5002/1830/1532 4990/421/1520
f 4992/423/1522 5004/1832/1534 5003/1831/1533 4991/422/1521
f 4993/424/1523 5005/1833/1535 5004/1832/1534 4992/423/1522
f 4994/425/1524 5006/1834/1536 5005/1833/1535 4993/424/1523
f 4995/426/1525 5007/1835/1537 5006/1834/1536 4994/425/1524
f 4996/427/1526 5008/1836/1538 5007/1835/1537 4995/426/1525
f 4997/428/1527 5009/1837/1539 5008/1836/1538 4996/427/1526
f 4998/429/1528 5010/1838/1540 5009/1837/1539 4997/428/1527
f 5000/1827/1529 5012/1839/1541 5011/1840/1542 4999/1828/1530
f 5001/1829/1531 5013/1841/1543 5012/1839/1541 5000/1827/1529
f 5002/1830/1532 5014/1842/1544 5013/1841/1543 5001/1829/1531
f 5003/1831/1533 5015/1843/1545 5014/1842/1544 5002/1830/1532
f 5004/1832/1534 5016/1844/1546 5015/1843/1545 5003/1831/1533
f 5005/1833/1535 5017/1845/1547 5016/1844/1546 5004/1832/1534
f 5006/1834/1536 5018/1846/1548 5017/1845/1547 5005/1833/1535
f 5007/1835/1537 5019/1847/1549 5018/1846/1548 5006/1834/1536
f 5008/1836/1538 5020/1848/1550 5019/1847/1549 5007/1835/1537
f 5009/1837/1539 5021/1849/1551 5020/1848/1550 5008/1836/1538
f 5010/1838/1540 5022/1850/1552 5021/1849/1551 5009/1837/1539
f 5012/1839/1541 5024/1851/1553 5023/1852/1554 5011/1840/1542
f 5013/1841/1543 5025/1853/1555 5024/1851/1553 5012/1839/1541
f 5014/1842/1544 5026/1854/1556 5025/1853/1555 5013/1841/1543
f 5015/1843/1545 5027/1855/1557 5026/1854/1556 5014/1842/1544
f 5016/1844/1546 5028/1856/1558 5027/1855/1557 5015/1843/1545
f 5017/1845/1547 5029/1857/1559 5028/1856/1558 5016/1844/1546
f 5018/1846/1548 5030/1858/1560 5029/1857/1559 5017/1845/1547
f 5019/1847/1549 5031/1859/1561 5030/1858/1560 5018/1846/1548
f 5020/1848/1550 5032/1860/1562 5031/1859/1561 5019/1847/1549
f 5021/1849/1551 5033/1861/1563 5032/1860/1562 5020/1848/1550
f 5022/1850/1552 5034/1862/1564 5033/1861/1563 5021/1849/1551
f 5024/1851/1553 5036/1863/1565 5035/41/1566 5023/1852/1554
f 5025/1853/1555 5037/1864/1567 5036/1863/1565 5024/1851/1553
f 5026/1854/1556 5038/1865/1568 5037/1864/1567 5025/1853/1555
f 5027/1855/1557 5039/1866/1569 5038/1865/1568 5026/1854/1556
f 5028/1856/1558 5040/1867/1570 5039/1866/1569 5027/1855/1557
f 5029/1857/1559 5041/1868/1571 5040/1867/1570 5028/1856/1558
f 5030/1858/1560 5042/1869/1572 5041/1868/1571 5029/1857/1559
f 5031/1859/1561 5043/1870/1573 5042/1869/1572 5030/1858/1560
f 5032/1860/1562 5044/1871/1574 5043/1870/1573 5031/1859/1561
f 5033/1861/1563 5045/1872/1575 5044/1871/1574 5032/1860/1562
f 5034/1862/1564 5046/1873/1576 5045/1872/1575 5033/1861/1563
f 5036/1863/1565 5048/1874/1577 5047/1875/1578 5035/41/1566
f 5037/1864/1567 5049/1876/1579 5048/1874/1577 5036/1863/1565
f 5038/1865/1568 5050/1877/1580 5049/1876/1579 5037/1864/1567
f 5039/1866/1569 5051/1878/1581 5050/1877/1580 5038/1865/1568
f 5040/1867/1570 5052/1879/1582 5051/1878/1581 5039/1866/1569
f 5041/1868/1571 5053/1880/1583 5052/1879/1582 5040/1867/1570
f 5042/1869/1572 5054/1881/1584 5053/1880/1583 5041/1868/1571
f 5043/1870/1573 5055/1882/1585 5054/1881/1584 5042/1869/1572
f 5044/1871/1574 5056/1883/1586 5055/1882/1585 5043/1870/1573
f 5045/1872/1575 5057/1884/1587 5056/1883/1586 5044/1871/1574
f 5046/1873/1576 5058/1885/1588 5057/1884/1587 5045/1872/1575
f 5048/1874/1577 5060/1886/1589 5059/1887/1590 5047/1875/1578
f 5049/1876/1579 5061/1888/2297 5060/1886/1589 5048/1874/1577
f 5050/1877/1580 5062/1889/1592 5061/1888/2297 5049/1876/1579
f 5051/1878/1581 5063/1890/1593 5062/1889/1592 5050/1877/1580
f 5052/1879/1582 5064/1891/1594 5063/1890/1593 5051/1878/1581
f 5053/1880/1583 5065/1892/1595 5064/1891/1594 5052/1879/1582
f 5054/1881/1584 5066/1893/1596 5065/1892/1595 5053/1880/1583
f 5055/1882/1585 5067/1894/1597 5066/1893/1596 5054/1881/1584
f 5056/1883/1586 5068/1895/2288 5067/1894/1597 5055/1882/1585
f 5057/1884/1587 5069/1896/1599 5068/1895/2288 5056/1883/1586
f 5058/1885/1588 5070/1897/1600 5069/1896/1599 5057/1884/1587
f 5060/1886/1589 5072/1898/1601 5071/1899/1602 5059/1887/1590
f 5061/1888/2297 5073/1900/1603 5072/1898/1601 5060/1886/1589
f 5062/1889/1592 5074/1901/1604 5073/1900/1603 5061/1888/2297
f 5063/1890/1593 5075/1902/1605 5074/1901/1604 5062/1889/1592
f 5064/1891/1594 5076/1903/1606 5075/1902/1605 5063/1890/1593
f 5065/1892/1595 5077/1904/1607 5076/1903/1606 5064/1891/1594
f 5066/1893/1596 5078/1905/1608 5077/1904/1607 5065/1892/1595
f 5067/1894/1597 5079/1906/1609 5078/1905/1608 5066/1893/1596
f 5068/1895/2288 5080/1907/1610 5079/1906/1609 5067/1894/1597
f 5069/1896/1599 5081/1908/1611 5080/1907/1610 5068/1895/2288
f 5070/1897/1600 5082/1909/1612 5081/1908/1611 5069/1896/1599
f 5072/1898/1601 5084/1230/1613 5083/20/1614 5071/1899/1602
f 5073/1900/1603 5085/1231/1615 5084/1230/1613 5072/1898/1601
f 5074/1901/1604 5086/1232/1616 5085/1231/1615 5073/1900/1603
f 5075/1902/1605 5087/1233/1617 5086/1232/1616 5074/1901/1604
f 5076/1903/1606 5088/1234/1618 5087/1233/1617 5075/1902/1605
f 5077/1904/1607 5089/1235/1619 5088/1234/1618 5076/1903/1606
f 5078/1905/1608 5090/1236/1620 5089/1235/1619 5077/1904/1607
f 5079/1906/1609 5091/1237/1621 5090/1236/1620 5078/1905/1608
f 5080/1907/1610 5092/1238/1622 5091/1237/1621 5079/1906/1609
f 5081/1908/1611 5093/1239/1623 5092/1238/1622 5080/1907/1610
f 5082/1909/1612 5094/1240/1624 5093/1239/1623 5081/1908/1611
f 5084/1230/1613 5096/1910/1625 5095/1911/1626 5083/20/1614
f 5085/1231/1615 5097/1912/1627 5096/1910/1625 5084/1230/1613
f 5086/1232/1616 5098/1913/1628 5097/1912/1627 5085/1231/1615
f 5087/1233/1617 5099/1914/1629 5098/1913/1628 5086/1232/1616
f 5088/1234/1618 5100/1915/1630 5099/1914/1629 5087/1233/1617
f 5089/1235/1619 5101/1916/1631 5100/1915/1630 5088/1234/1618
f 5090/1236/1620 5102/1917/1632 5101/1916/1631 5089/1235/1619
f 5091/1237/1621 5103/1918/1633 5102/1917/1632 5090/1236/1620
f 5092/1238/1622 5104/1919/1634 5103/1918/1633 5091/1237/1621
f 5093/1239/1623 5105/1920/1635 5104/1919/1634 5092/1238/1622
f 5094/1240/1624 5106/1921/1636 5105/1920/1635 5093/1239/1623
f 5096/1910/1625 5108/1922/1637 5107/1923/1638 5095/1911/1626
f 5097/1912/1627 5109/1924/1639 5108/1922/1637 5096/1910/1625
f 5098/1913/1628 5110/1925/1640 5109/1924/1639 5097/1912/1627
f 5099/1914/1629 5111/1926/1641 5110/1925/1640 5098/1913/1628
f 5100/1915/1630 5112/1927/1642 5111/1926/1641 5099/1914/1629
f 5101/1916/1631 5113/1928/1643 5112/1927/1642 5100/1915/1630
f 5102/1917/1632 5114/1929/1644 5113/1928/1643 5101/1916/1631
f 5103/1918/1633 5115/1930/1645 5114/1929/1644 5102/1917/1632
f 5104/1919/1634 5116/1931/1646 5115/1930/1645 5103/1918/1633
f 5105/1920/1635 5117/1932/1647 5116/1931/1646 5104/1919/1634
f 5106/1921/1636 5118/1933/1648 5117/1932/1647 5105/1920/1635
f 5108/1922/1637 5120/1934/1649 5119/1935/1650 5107/1923/1638
f 5109/1924/1639 5121/1936/1651 5120/1934/1649 5108/1922/1637
f 5110/1925/1640 5122/1937/1652 5121/1936/1651 5109/1924/1639
f 5111/1926/1641 5123/1938/1653 5122/1937/1652 5110/1925/1640
f 5112/1927/1642 5124/1939/1654 5123/1938/1653 5111/1926/1641
f 5113/1928/1643 5125/1940/1655 5124/1939/1654 5112/1927/1642
f 5114/1929/1644 5126/1941/1656 5125/1940/1655 5113/1928/1643
f 5115/1930/1645 5127/1942/1657 5126/1941/1656 5114/1929/1644
f 5116/1931/1646 5128/1943/1658 5127/1942/1657 5115/1930/1645
f 5117/1932/1647 5129/1944/1659 5128/1943/1658 5116/1931/1646
f 5118/1933/1648 5130/1945/1660 5129/1944/1659 5117/1932/1647
f 5120/1934/1649 5132/1946/1661 5131/50/1662 5119/1935/1650
f 5121/1936/1651 5133/1947/1663 5132/1946/1661 5120/1934/1649
f 5122/1937/1652 5134/1948/1664 5133/1947/1663 5121/1936/1651
f 5123/1938/1653 5135/1949/1665 5134/1948/1664 5122/1937/1652
f 5124/1939/1654 5136/1950/1666 5135/1949/1665 5123/1938/1653
f 5125/1940/1655 5137/1951/1667 5136/1950/1666 5124/1939/1654
f 5126/1941/1656 5138/1952/1668 5137/1951/1667 5125/1940/1655
f 5127/1942/1657 5139/1953/1669 5138/1952/1668 5126/1941/1656
f 5128/1943/1658 5140/1954/1670 5139/1953/1669 5127/1942/1657
f 5129/1944/1659 5141/1955/1671 5140/1954/1670 5128/1943/1658
f 5130/1945/1660 5142/1956/1672 5141/1955/1671 5129/1944/1659
f 5132/1946/1661 5144/1957/1673 5143/1958/1674 5131/50/1662
f 5133/1947/1663 5145/1959/1675 5144/1957/1673 5132/1946/1661
f 5134/1948/1664 5146/1960/1676 5145/1959/1675 5133/1947/1663
f 5135/1949/1665 5147/1961/1677 5146/1960/1676 5134/1948/1664
f 5136/1950/1666 5148/1962/1678 5147/1961/1677 5135/1949/1665
f 5137/1951/1667 5149/1963/1679 5148/1962/1678 5136/1950/1666
f 5138/1952/1668 5150/1964/1680 5149/1963/1679 5137/1951/1667
f 5139/1953/1669 5151/1965/1681 5150/1964/1680 5138/1952/1668
f 5140/1954/1670 5152/1966/1682 5151/1965/1681 5139/1953/1669
f 5141/1955/1671 5153/1967/1683 5152/1966/1682 5140/1954/1670
f 5142/1956/1672 5154/1968/1684 5153/1967/1683 5141/1955/1671
f 5144/1957/1673 5156/1969/1685 5155/1970/1686 5143/1958/1674
f 5145/1959/1675 5157/1971/1687 5156/1969/1685 5144/1957/1673
f 5146/1960/1676 5158/1972/1688 5157/1971/1687 5145/1959/1675
f 5147/1961/1677 5159/1973/1689 5158/1972/1688 5146/1960/1676
f 5148/1962/1678 5160/1974/1690 5159/1973/1689 5147/1961/1677
f 5149/1963/1679 5161/1975/1691 5160/1974/1690 5148/1962/1678
f 5150/1964/1680 5162/1976/1692 5161/1975/1691 5149/1963/1679
f 5151/1965/1681 5163/1977/1693 5162/1976/1692 5150/1964/1680
f 5152/1966/1682 5164/1978/1694 5163/1977/1693 5151/1965/1681
f 5153/1967/1683 5165/1979/1695 5164/1978/1694 5152/1966/1682
f 5154/1968/1684 5166/1980/1696 5165/1979/1695 5153/1967/1683
f 5156/1969/1685 5168/1981/1697 5167/1982/1698 5155/1970/1686
f 5157/1971/1687 5169/1983/1699 5168/1981/1697 5156/1969/1685
f 5158/1972/1688 5170/1984/1700 5169/1983/1699 5157/1971/1687
f 5159/1973/1689 5171/1985/1701 5170/1984/1700 5158/1972/1688
f 5160/1974/1690 5172/1986/1702 5171/1985/1701 5159/1973/1689
f 5161/1975/1691 5173/1987/1703 5172/1986/1702 5160/1974/1690
f 5162/1976/1692 5174/1988/1704 5173/1987/1703 5161/1975/1691
f 5163/1977/1693 5175/1989/1705 5174/1988/1704 5162/1976/1692
f 5164/1978/1694 5176/1990/1706 5175/1989/1705 5163/1977/1693
f 5165/1979/1695 5177/1991/1707 5176/1990/1706 5164/1978/1694
f 5166/1980/1696 5178/1992/1708 5177/1991/1707 5165/1979/1695
f 5168/1981/1697 4604/477/1133 4603/91/1136 5167/1982/1698
f 5169/1983/1699 4605/478/1137 4604/477/1133 5168/1981/1697
f 5170/1984/1700 4606/479/1139 4605/478/1137 5169/1983/1699
f 5171/1985/1701 4607/480/1141 4606/479/1139 5170/1984/1700
f 5172/1986/1702 4608/481/1143 4607/480/1141 5171/1985/1701
f 5173/1987/1703 4609/482/1145 4608/481/1143 5172/1986/1702
f 5174/1988/1704 4610/483/1147 4609/482/1145 5173/1987/1703
f 5175/1989/1705 4611/484/1149 4610/483/1147 5174/1988/1704
f 5176/1990/1706 4612/485/1151 4611/484/1149 5175/1989/1705
f 5177/1991/1707 4613/486/1153 4612/485/1151 5176/1990/1706
f 5178/1992/1708 4614/487/1155 4613/486/1153 5177/1991/1707
f 5180/304/1709 5192/1495/1710 5191/1496/1711 5179/129/1712
f 5181/307/1713 5193/1497/1714 5192/1495/1710 5180/304/1709
f 5182/309/1715 5194/1498/1716 5193/1497/1714 5181/307/1713
f 5183/311/1717 5195/1499/1718 5194/1498/1716 5182/309/1715
f 5184/313/1719 5196/1500/1720 5195/1499/1718 5183/311/1717
f 5185/315/1721 5197/1501/1722 5196/1500/1720 5184/313/1719
f 5186/317/1723 5198/1502/1724 5197/1501/1722 5185/315/1721
f 5187/319/1725 5199/1503/1726 5198/1502/1724 5186/317/1723
f 5188/321/1727 5200/1504/1728 5199/1503/1726 5187/319/1725
f 5189/323/1729 5201/1505/1730 5200/1504/1728 5188/321/1727
f 5190/325/1731 5202/1506/1732 5201/1505/1730 5189/323/1729
f 5192/1495/1710 5204/1507/1733 5203/1508/1734 5191/1496/1711
f 5193/1497/1714 5205/1509/1735 5204/1507/1733 5192/1495/1710
f 5194/1498/1716 5206/1510/1736 5205/1509/1735 5193/1497/1714
f 5195/1499/1718 5207/1511/1737 5206/1510/1736 5194/1498/1716
f 5196/1500/1720 5208/1512/1738 5207/1511/1737 5195/1499/1718
f 5197/1501/1722 5209/1513/1739 5208/1512/1738 5196/1500/1720
f 5198/1502/1724 5210/1514/1740 5209/1513/1739 5197/1501/1722
f 5199/1503/1726 5211/1515/1741 5210/1514/1740 5198/1502/1724
f 5200/1504/1728 5212/1516/1742 5211/1515/1741 5199/1503/1726
f 5201/1505/1730 5213/1517/1743 5212/1516/1742 5200/1504/1728
f 5202/1506/1732 5214/1518/1744 5213/1517/1743 5201/1505/1730
f 5204/1507/1733 5216/1519/1745 5215/1520/1746 5203/1508/1734
f 5205/1509/1735 5217/1521/1747 5216/1519/1745 5204/1507/1733
f 5206/1510/1736 5218/1522/1748 5217/1521/1747 5205/1509/1735
f 5207/1511/1737 5219/1523/1749 5218/1522/1748 5206/1510/1736
f 5208/1512/1738 5220/1524/1750 5219/1523/1749 5207/1511/1737
f 5209/1513/1739 5221/1525/1751 5220/1524/1750 5208/1512/1738
f 5210/1514/1740 5222/1526/1752 5221/1525/1751 5209/1513/1739
f 5211/1515/1741 5223/1527/1753 5222/1526/1752 5210/1514/1740
f 5212/1516/1742 5224/1528/1754 5223/1527/1753 5211/1515/1741
f 5213/1517/1743 5225/1529/1755 5224/1528/1754 5212/1516/1742
f 5214/1518/1744 5226/1530/1756 5225/1529/1755 5213/1517/1743
f 5216/1519/1745 5228/1531/1757 5227/97/1758 5215/1520/1746
f 5217/1521/1747 5229/1532/1759 5228/1531/1757 5216/1519/1745
f 5218/1522/1748 5230/1533/1760 5229/1532/1759 5217/1521/1747
f 5219/1523/1749 5231/1534/1761 5230/1533/1760 5218/1522/1748
f 5220/1524/1750 5232/1535/1762 5231/1534/1761 5219/1523/1749
f 5221/1525/1751 5233/1536/1763 5232/1535/1762 5220/1524/1750
f 5222/1526/1752 5234/1537/1764 5233/1536/1763 5221/1525/1751
f 5223/1527/1753 5235/1538/1765 5234/1537/1764 5222/1526/1752
f 5224/1528/1754 5236/1539/1766 5235/1538/1765 5223/1527/1753
f 5225/1529/1755 5237/1540/1767 5236/1539/1766 5224/1528/1754
f 5226/1530/1756 5238/1541/1768 5237/1540/1767 5225/1529/1755
f 5228/1531/1757 5240/1542/1769 5239/1543/1770 5227/97/1758
f 5229/1532/1759 5241/1544/1771 5240/1542/1769 5228/1531/1757
f 5230/1533/1760 5242/1545/1772 5241/1544/1771 5229/1532/1759
f 5231/1534/1761 5243/1546/1773 5242/1545/1772 5230/1533/1760
f 5232/1535/1762 5244/1547/1774 5243/1546/1773 5231/1534/1761
f 5233/1536/1763 5245/1548/1775 5244/1547/1774 5232/1535/1762
f 5234/1537/1764 5246/1549/1776 5245/1548/1775 5233/1536/1763
f 5235/1538/1765 5247/1550/1777 5246/1549/1776 5234/1537/1764
f 5236/1539/1766 5248/1551/1778 5247/1550/1777 5235/1538/1765
f 5237/1540/1767 5249/1552/1779 5248/1551/1778 5236/1539/1766
f 5238/1541/1768 5250/1553/1780 5249/1552/1779 5237/1540/1767
f 5240/1542/1769 5252/1554/1781 5251/1555/1782 5239/1543/1770
f 5241/1544/1771 5253/1556/1783 5252/1554/1781 5240/1542/1769
f 5242/1545/1772 5254/1557/1784 5253/1556/1783 5241/1544/1771
f 5243/1546/1773 5255/1558/2289 5254/1557/1784 5242/1545/1772
f 5244/1547/1774 5256/1559/1786 5255/1558/2289 5243/1546/1773
f 5245/1548/1775 5257/1560/1787 5256/1559/1786 5244/1547/1774
f 5246/1549/1776 5258/1561/2290 5257/1560/1787 5245/1548/1775
f 5247/1550/1777 5259/1562/1789 5258/1561/2290 5246/1549/1776
f 5248/1551/1778 5260/1563/1790 5259/1562/1789 5247/1550/1777
f 5249/1552/1779 5261/1564/1791 5260/1563/1790 5248/1551/1778
f 5250/1553/1780 5262/1565/1792 5261/1564/1791 5249/1552/1779
f 5252/1554/1781 5264/1566/1793 5263/1567/1794 5251/1555/1782
f 5253/1556/1783 5265/1568/1795 5264/1566/1793 5252/1554/1781
f 5254/1557/1784 5266/1569/1796 5265/1568/1795 5253/1556/1783
f 5255/1558/2289 5267/1570/1797 5266/1569/1796 5254/1557/1784
f 5256/1559/1786 5268/1571/1798 5267/1570/1797 5255/1558/2289
f 5257/1560/1787 5269/1572/1799 5268/1571/1798 5256/1559/1786
f 5258/1561/2290 5270/1573/1800 5269/1572/1799 5257/1560/1787
f 5259/1562/1789 5271/1574/1801 5270/1573/1800 5258/1561/2290
f 5260/1563/1790 5272/1575/1802 5271/1574/1801 5259/1562/1789
f 5261/1564/1791 5273/1576/1803 5272/1575/1802 5260/1563/1790
f 5262/1565/1792 5274/1577/1804 5273/1576/1803 5261/1564/1791
f 5264/1566/1793 5276/632/1805 5275/115/1806 5263/1567/1794
f 5265/1568/1795 5277/633/1807 5276/632/1805 5264/1566/1793
f 5266/1569/1796 5278/634/1808 5277/633/1807 5265/1568/1795
f 5267/1570/1797 5279/635/1809 5278/634/1808 5266/1569/1796
f 5268/1571/1798 5280/636/1810 5279/635/1809 5267/1570/1797
f 5269/1572/1799 5281/637/1811 5280/636/1810 5268/1571/1798
f 5270/1573/1800 5282/638/1812 5281/637/1811 5269/1572/1799
f 5271/1574/1801 5283/639/1813 5282/638/1812 5270/1573/1800
f 5272/1575/1802 5284/640/1814 5283/639/1813 5271/1574/1801
f 5273/1576/1803 5285/641/1815 5284/640/1814 5272/1575/1802
f 5274/1577/1804 5286/642/1816 5285/641/1815 5273/1576/1803
f 5276/632/1805 5288/1578/1817 5287/1579/1818 5275/115/1806
f 5277/633/1807 5289/1580/1819 5288/1578/1817 5276/632/1805
f 5278/634/1808 5290/1581/1820 5289/1580/1819 5277/633/1807
f 5279/635/1809 5291/1582/1821 5290/1581/1820 5278/634/1808
f 5280/636/1810 5292/1583/1822 5291/1582/1821 5279/635/1809
f 5281/637/1811 5293/1584/1823 5292/1583/1822 5280/636/1810
f 5282/638/1812 5294/1585/1824 5293/1584/1823 5281/637/1811
f 5283/639/1813 5295/1586/1825 5294/1585/1824 5282/638/1812
f 5284/640/1814 5296/1587/1826 5295/1586/1825 5283/639/1813
f 5285/641/1815 5297/1588/1827 5296/1587/1826 5284/640/1814
f 5286/642/1816 5298/1589/1828 5297/1588/1827 5285/641/1815
f 5288/1578/1817 5300/1590/1829 5299/1591/1830 5287/1579/1818
f 5289/1580/1819 5301/1592/1831 5300/1590/1829 5288/1578/1817
f 5290/1581/1820 5302/1593/1832 5301/1592/1831 5289/1580/1819
f 5291/1582/1821 5303/1594/1833 5302/1593/1832 5290/1581/1820
f 5292/1583/1822 5304/1595/1834 5303/1594/1833 5291/1582/1821
f 5293/1584/1823 5305/1596/1835 5304/1595/1834 5292/1583/1822
f 5294/1585/1824 5306/1597/1836 5305/1596/1835 5293/1584/1823
f 5295/1586/1825 5307/1598/1837 5306/1597/1836 5294/1585/1824
f 5296/1587/1826 5308/1599/1838 5307/1598/1837 5295/1586/1825
f 5297/1588/1827 5309/1600/1839 5308/1599/1838 5296/1587/1826
f 5298/1589/1828 5310/1601/1840 5309/1600/1839 5297/1588/1827
f 5300/1590/1829 5312/1602/1841 5311/1603/1842 5299/1591/1830
f 5301/1592/1831 5313/1604/1843 5312/1602/1841 5300/1590/1829
f 5302/1593/1832 5314/1605/1844 5313/1604/1843 5301/1592/1831
f 5303/1594/1833 5315/1606/1845 5314/1605/1844 5302/1593/1832
f 5304/1595/1834 5316/1607/1846 5315/1606/1845 5303/1594/1833
f 5305/1596/1835 5317/1608/1847 5316/1607/1846 5304/1595/1834
f 5306/1597/1836 5318/1609/1848 5317/1608/1847 5305/1596/1835
f 5307/1598/1837 5319/1610/1849 5318/1609/1848 5306/1597/1836
f 5308/1599/1838 5320/1611/1850 5319/1610/1849 5307/1598/1837
f 5309/1600/1839 5321/1612/1851 5320/1611/1850 5308/1599/1838
f 5310/1601/1840 5322/1613/1852 5321/1612/1851 5309/1600/1839
f 5312/1602/1841 5324/1614/1853 5323/58/1854 5311/1603/1842
f 5313/1604/1843 5325/1615/1855 5324/1614/1853 5312/1602/1841
f 5314/1605/1844 5326/1616/1856 5325/1615/1855 5313/1604/1843
f 5315/1606/1845 5327/1617/2291 5326/1616/1856 5314/1605/1844
f 5316/1607/1846 5328/1618/1858 5327/1617/2291 5315/1606/1845
f 5317/1608/1847 5329/1619/1859 5328/1618/1858 5316/1607/1846
f 5318/1609/1848 5330/1620/2292 5329/1619/1859 5317/1608/1847
f 5319/1610/1849 5331/1621/1861 5330/1620/2292 5318/1609/1848
f 5320/1611/1850 5332/1622/1862 5331/1621/1861 5319/1610/1849
f 5321/1612/1851 5333/1623/1863 5332/1622/1862 5320/1611/1850
f 5322/1613/1852 5334/1624/1864 5333/1623/1863 5321/1612/1851
f 5324/1614/1853 5336/1625/1865 5335/1626/1866 5323/58/1854
f 5325/1615/1855 5337/1627/1867 5336/1625/1865 5324/1614/1853
f 5326/1616/1856 5338/1628/1868 5337/1627/1867 5325/1615/1855
f 5327/1617/2291 5339/1629/1869 5338/1628/1868 5326/1616/1856
f 5328/1618/1858 5340/1630/1870 5339/1629/1869 5327/1617/2291
f 5329/1619/1859 5341/1631/1871 5340/1630/1870 5328/1618/1858
f 5330/1620/2292 5342/1632/1872 5341/1631/1871 5329/1619/1859
f 5331/1621/1861 5343/1633/1873 5342/1632/1872 5330/1620/2292
f 5332/1622/1862 5344/1634/1874 5343/1633/1873 5331/1621/1861
f 5333/1623/1863 5345/1635/1875 5344/1634/1874 5332/1622/1862
f 5334/1624/1864 5346/1636/1876 5345/1635/1875 5333/1623/1863
f 5336/1625/1865 5348/1637/1877 5347/1638/1878 5335/1626/1866
f 5337/1627/1867 5349/1639/1879 5348/1637/1877 5336/1625/1865
f 5338/1628/1868 5350/1640/1880 5349/1639/1879 5337/1627/1867
f 5339/1629/1869 5351/1641/1881 5350/1640/1880 5338/1628/1868
f 5340/1630/1870 5352/1642/1882 5351/1641/1881 5339/1629/1869
f 5341/1631/1871 5353/1643/1883 5352/1642/1882 5340/1630/1870
f 5342/1632/1872 5354/1644/1884 5353/1643/1883 5341/1631/1871
f 5343/1633/1873 5355/1645/1885 5354/1644/1884 5342/1632/1872
f 5344/1634/1874 5356/1646/1886 5355/1645/1885 5343/1633/1873
f 5345/1635/1875 5357/1647/1887 5356/1646/1886 5344/1634/1874
f 5346/1636/1876 5358/1648/1888 5357/1647/1887 5345/1635/1875
f 5348/1637/1877 5360/1649/1889 5359/1650/1890 5347/1638/1878
f 5349/1639/1879 5361/1651/1891 5360/1649/1889 5348/1637/1877
f 5350/1640/1880 5362/1652/1892 5361/1651/1891 5349/1639/1879
f 5351/1641/1881 5363/1653/1893 5362/1652/1892 5350/1640/1880
f 5352/1642/1882 5364/1654/1894 5363/1653/1893 5351/1641/1881
f 5353/1643/1883 5365/1655/1895 5364/1654/1894 5352/1642/1882
f 5354/1644/1884 5366/1656/1896 5365/1655/1895 5353/1643/1883
f 5355/1645/1885 5367/1657/1897 5366/1656/1896 5354/1644/1884
f 5356/1646/1886 5368/1658/1898 5367/1657/1897 5355/1645/1885
f 5357/1647/1887 5369/1659/1899 5368/1658/1898 5356/1646/1886
f 5358/1648/1888 5370/1660/1900 5369/1659/1899 5357/1647/1887
f 5360/1649/1889 5372/362/1901 5371/6/1902 5359/1650/1890
f 5361/1651/1891 5373/363/1903 5372/362/1901 5360/1649/1889
f 5362/1652/1892 5374/364/1904 5373/363/1903 5361/1651/1891
f 5363/1653/1893 5375/365/1905 5374/364/1904 5362/1652/1892
f 5364/1654/1894 5376/366/1906 5375/365/1905 5363/1653/1893
f 5365/1655/1895 5377/367/1907 5376/366/1906 5364/1654/1894
f 5366/1656/1896 5378/368/1908 5377/367/1907 5365/1655/1895
f 5367/1657/1897 5379/369/1909 5378/368/1908 5366/1656/1896
f 5368/1658/1898 5380/370/1910 5379/369/1909 5367/1657/1897
f 5369/1659/1899 5381/371/1911 5380/370/1910 5368/1658/1898
f 5370/1660/1900 5382/372/1912 5381/371/1911 5369/1659/1899
f 5372/362/1901 5384/1661/1913 5383/1662/1914 5371/6/1902
f 5373/363/1903 5385/1663/1915 5384/1661/1913 5372/362/1901
f 5374/364/1904 5386/1664/1916 5385/1663/1915 5373/363/1903
f 5375/365/1905 5387/1665/1917 5386/1664/1916 5374/364/1904
f 5376/366/1906 5388/1666/1918 5387/1665/1917 5375/365/1905
f 5377/367/1907 5389/1667/1919 5388/1666/1918 5376/366/1906
f 5378/368/1908 5390/1668/1920 5389/1667/1919 5377/367/1907
f 5379/369/1909 5391/1669/1921 5390/1668/1920 5378/368/1908
f 5380/370/1910 5392/1670/1922 5391/1669/1921 5379/369/1909
f 5381/371/1911 5393/1671/1923 5392/1670/1922 5380/370/1910
f 5382/372/1912 5394/1672/1924 5393/1671/1923 5381/371/1911
f 5384/1661/1913 5396/1673/1925 5395/1674/1926 5383/1662/1914
f 5385/1663/1915 5397/1675/1927 5396/1673/1925 5384/1661/1913
f 5386/1664/1916 5398/1676/1928 5397/1675/1927 5385/1663/1915
f 5387/1665/1917 5399/1677/1929 5398/1676/1928 5386/1664/1916
f 5388/1666/1918 5400/1678/1930 5399/1677/1929 5387/1665/1917
f 5389/1667/1919 5401/1679/1931 5400/1678/1930 5388/1666/1918
f 5390/1668/1920 5402/1680/1932 5401/1679/1931 5389/1667/1919
f 5391/1669/1921 5403/1681/1933 5402/1680/1932 5390/1668/1920
f 5392/1670/1922 5404/1682/1934 5403/1681/1933 5391/1669/1921
f 5393/1671/1923 5405/1683/1935 5404/1682/1934 5392/1670/1922
f 5394/1672/1924 5406/1684/1936 5405/1683/1935 5393/1671/1923
f 5396/1673/1925 5408/1685/1937 5407/1686/1938 5395/1674/1926
f 5397/1675/1927 5409/1687/1939 5408/1685/1937 5396/1673/1925
f 5398/1676/1928 5410/1688/1940 5409/1687/1939 5397/1675/1927
f 5399/1677/1929 5411/1689/1941 5410/1688/1940 5398/1676/1928
f 5400/1678/1930 5412/1690/1942 5411/1689/1941 5399/1677/1929
f 5401/1679/1931 5413/1691/1943 5412/1690/1942 5400/1678/1930
f 5402/1680/1932 5414/1692/1944 5413/1691/1943 5401/1679/1931
f 5403/1681/1933 5415/1693/1945 5414/1692/1944 5402/1680/1932
f 5404/1682/1934 5416/1694/1946 5415/1693/1945 5403/1681/1933
f 5405/1683/1935 5417/1695/1947 5416/1694/1946 5404/1682/1934
f 5406/1684/1936 5418/1696/1948 5417/1695/1947 5405/1683/1935
f 5408/1685/1937 5420/1697/1949 5419/22/1950 5407/1686/1938
f 5409/1687/1939 5421/1698/1951 5420/1697/1949 5408/1685/1937
f 5410/1688/1940 5422/1699/1952 5421/1698/1951 5409/1687/1939
f 5411/1689/1941 5423/1700/1953 5422/1699/1952 5410/1688/1940
f 5412/1690/1942 5424/1701/1954 5423/1700/1953 5411/1689/1941
f 5413/1691/1943 5425/1702/1955 5424/1701/1954 5412/1690/1942
f 5414/1692/1944 5426/1703/1956 5425/1702/1955 5413/1691/1943
f 5415/1693/1945 5427/1704/1957 5426/1703/1956 5414/1692/1944
f 5416/1694/1946 5428/1705/1958 5427/1704/1957 5415/1693/1945
f 5417/1695/1947 5429/1706/1959 5428/1705/1958 5416/1694/1946
f 5418/1696/1948 5430/1707/1960 5429/1706/1959 5417/1695/1947
f 5420/1697/1949 5432/1708/1961 5431/1709/1962 5419/22/1950
f 5421/1698/1951 5433/1710/1963 5432/1708/1961 5420/1697/1949
f 5422/1699/1952 5434/1711/1964 5433/1710/1963 5421/1698/1951
f 5423/1700/1953 5435/1712/1965 5434/1711/1964 5422/1699/1952
f 5424/1701/1954 5436/1713/1966 5435/1712/1965 5423/1700/1953
f 5425/1702/1955 5437/1714/1967 5436/1713/1966 5424/1701/1954
f 5426/1703/1956 5438/1715/1968 5437/1714/1967 5425/1702/1955
f 5427/1704/1957 5439/1716/1969 5438/1715/1968 5426/1703/1956
f 5428/1705/1958 5440/1717/1970 5439/1716/1969 5427/1704/1957
f 5429/1706/1959 5441/1718/1971 5440/1717/1970 5428/1705/1958
f 5430/1707/1960 5442/1719/1972 5441/1718/1971 5429/1706/1959
f 5432/1708/1961 5444/1720/1973 5443/1721/1974 5431/1709/1962
f 5433/1710/1963 5445/1722/1975 5444/1720/1973 5432/1708/1961
f 5434/1711/1964 5446/1723/1976 5445/1722/1975 5433/1710/1963
f 5435/1712/1965 5447/1724/1977 5446/1723/1976 5434/1711/1964
f 5436/1713/1966 5448/1725/1978 5447/1724/1977 5435/1712/1965
f 5437/1714/1967 5449/1726/1979 5448/1725/1978 5436/1713/1966
f 5438/1715/1968 5450/1727/1980 5449/1726/1979 5437/1714/1967
f 5439/1716/1969 5451/1728/1981 5450/1727/1980 5438/1715/1968
f 5440/1717/1970 5452/1729/1982 5451/1728/1981 5439/1716/1969
f 5441/1718/1971 5453/1730/1983 5452/1729/1982 5440/1717/1970
f 5442/1719/1972 5454/1731/1984 5453/1730/1983 5441/1718/1971
f 5444/1720/1973 5456/1732/1985 5455/1733/1986 5443/1721/1974
f 5445/1722/1975 5457/1734/1987 5456/1732/1985 5444/1720/1973
f 5446/1723/1976 5458/1735/2293 5457/1734/1987 5445/1722/1975
f 5447/1724/1977 5459/1736/1989 5458/1735/2293 5446/1723/1976
f 5448/1725/1978 5460/1737/1990 5459/1736/1989 5447/1724/1977
f 5449/1726/1979 5461/1738/1991 5460/1737/1990 5448/1725/1978
f 5450/1727/1980 5462/1739/1992 5461/1738/1991 5449/1726/1979
f 5451/1728/1981 5463/1740/2294 5462/1739/1992 5450/1727/1980
f 5452/1729/1982 5464/1741/1994 5463/1740/2294 5451/1728/1981
f 5453/1730/1983 5465/1742/1995 5464/1741/1994 5452/1729/1982
f 5454/1731/1984 5466/1743/1996 5465/1742/1995 5453/1730/1983
f 5456/1732/1985 5468/931/1997 5467/122/1998 5455/1733/1986
f 5457/1734/1987 5469/932/1999 5468/931/1997 5456/1732/1985
f 5458/1735/2293 5470/933/2000 5469/932/1999 5457/1734/1987
f 5459/1736/1989 5471/934/2001 5470/933/2000 5458/1735/2293
f 5460/1737/1990 5472/935/2002 5471/934/2001 5459/1736/1989
f 5461/1738/1991 5473/936/2003 5472/935/2002 5460/1737/1990
f 5462/1739/1992 5474/937/2004 5473/936/2003 5461/1738/1991
f 5463/1740/2294 5475/938/2005 5474/937/2004 5462/1739/1992
f 5464/1741/1994 5476/939/2006 5475/938/2005 5463/1740/2294
f 5465/1742/1995 5477/940/2007 5476/939/2006 5464/1741/1994
f 5466/1743/1996 5478/941/2008 5477/940/2007 5465/1742/1995
f 5468/931/1997 5480/1744/2009 5479/1745/2010 5467/122/1998
f 5469/932/1999 5481/1746/2011 5480/1744/2009 5468/931/1997
f 5470/933/2000 5482/1747/2012 5481/1746/2011 5469/932/1999
f 5471/934/2001 5483/1748/2013 5482/1747/2012 5470/933/2000
f 5472/935/2002 5484/1749/2014 5483/1748/2013 5471/934/2001
f 5473/936/2003 5485/1750/2015 5484/1749/2014 5472/935/2002
f 5474/937/2004 5486/1751/2016 5485/1750/2015 5473/936/2003
f 5475/938/2005 5487/1752/2017 5486/1751/2016 5474/937/2004
f 5476/939/2006 5488/1753/2018 5487/1752/2017 5475/938/2005
f 5477/940/2007 5489/1754/2019 5488/1753/2018 5476/939/2006
f 5478/941/2008 5490/1755/2020 5489/1754/2019 5477/940/2007
f 5480/1744/2009 5492/1756/2021 5491/1757/2022 5479/1745/2010
f 5481/1746/2011 5493/1758/2023 5492/1756/2021 5480/1744/2009
f 5482/1747/2012 5494/1759/2024 5493/1758/2023 5481/1746/2011
f 5483/1748/2013 5495/1760/2025 5494/1759/2024 5482/1747/2012
f 5484/1749/2014 5496/1761/2026 5495/1760/2025 5483/1748/2013
f 5485/1750/2015 5497/1762/2027 5496/1761/2026 5484/1749/2014
f 5486/1751/2016 5498/1763/2028 5497/1762/2027 5485/1750/2015
f 5487/1752/2017 5499/1764/2029 5498/1763/2028 5486/1751/2016
f 5488/1753/2018 5500/1765/2030 5499/1764/2029 5487/1752/2017
f 5489/1754/2019 5501/1766/2031 5500/1765/2030 5488/1753/2018
f 5490/1755/2020 5502/1767/2032 5501/1766/2031 5489/1754/2019
f 5492/1756/2021 5504/1768/2033 5503/1769/2034 5491/1757/2022
f 5493/1758/2023 5505/1770/2035 5504/1768/2033 5492/1756/2021
f 5494/1759/2024 5506/1771/2036 5505/1770/2035 5493/1758/2023
f 5495/1760/2025 5507/1772/2037 5506/1771/2036 5494/1759/2024
f 5496/1761/2026 5508/1773/2038 5507/1772/2037 5495/1760/2025
f 5497/1762/2027 5509/1774/2039 5508/1773/2038 5496/1761/2026
f 5498/1763/2028 5510/1775/2040 5509/1774/2039 5497/1762/2027
f 5499/1764/2029 5511/1776/2041 5510/1775/2040 5498/1763/2028
f 5500/1765/2030 5512/1777/2042 5511/1776/2041 5499/1764/2029
f 5501/1766/2031 5513/1778/2043 5512/1777/2042 5500/1765/2030
f 5502/1767/2032 5514/1779/2044 5513/1778/2043 5501/1766/2031
f 5504/1768/2033 5516/1780/2045 5515/84/2046 5503/1769/2034
f 5505/1770/2035 5517/1781/2047 5516/1780/2045 5504/1768/2033
f 5506/1771/2036 5518/1782/2048 5517/1781/2047 5505/1770/2035
f 5507/1772/2037 5519/1783/2049 5518/1782/2048 5506/1771/2036
f 5508/1773/2038 5520/1784/2050 5519/1783/2049 5507/1772/2037
f 5509/1774/2039 5521/1785/2051 5520/1784/2050 5508/1773/2038
f 5510/1775/2040 5522/1786/2052 5521/1785/2051 5509/1774/2039
f 5511/1776/2041 5523/1787/2053 5522/1786/2052 5510/1775/2040
f 5512/1777/2042 5524/1788/2054 5523/1787/2053 5511/1776/2041
f 5513/1778/2043 5525/1789/2055 5524/1788/2054 5512/1777/2042
f 5514/1779/2044 5526/1790/2056 5525/1789/2055 5513/1778/2043
f 5516/1780/2045 5528/1791/2057 5527/1792/2058 5515/84/2046
f 5517/1781/2047 5529/1793/2059 5528/1791/2057 5516/1780/2045
f 5518/1782/2048 5530/1794/2060 5529/1793/2059 5517/1781/2047
f 5519/1783/2049 5531/1795/2061 5530/1794/2060 5518/1782/2048
f 5520/1784/2050 5532/1796/2062 5531/1795/2061 5519/1783/2049
f 5521/1785/2051 5533/1797/2063 5532/1796/2062 5520/1784/2050
f 5522/1786/2052 5534/1798/2064 5533/1797/2063 5521/1785/2051
f 5523/1787/2053 5535/1799/2065 5534/1798/2064 5522/1786/2052
f 5524/1788/2054 5536/1800/2066 5535/1799/2065 5523/1787/2053
f 5525/1789/2055 5537/1801/2067 5536/1800/2066 5524/1788/2054
f 5526/1790/2056 5538/1802/2068 5537/1801/2067 5525/1789/2055
f 5528/1791/2057 5540/1803/2069 5539/1804/2070 5527/1792/2058
f 5529/1793/2059 5541/1805/2071 5540/1803/2069 5528/1791/2057
f 5530/1794/2060 5542/1806/2072 5541/1805/2071 5529/1793/2059
f 5531/1795/2061 5543/1807/2295 5542/1806/2072 5530/1794/2060
f 5532/1796/2062 5544/1808/2074 5543/1807/2295 5531/1795/2061
f 5533/1797/2063 5545/1809/2075 5544/1808/2074 5532/1796/2062
f 5534/1798/2064 5546/1810/2296 5545/1809/2075 5533/1797/2063
f 5535/1799/2065 5547/1811/2077 5546/1810/2296 5534/1798/2064
f 5536/1800/2066 5548/1812/2078 5547/1811/2077 5535/1799/2065
f 5537/1801/2067 5549/1813/2079 5548/1812/2078 5536/1800/2066
f 5538/1802/2068 5550/1814/2080 5549/1813/2079 5537/1801/2067
f 5540/1803/2069 5552/1815/2081 5551/1816/2082 5539/1804/2070
f 5541/1805/2071 5553/1817/2083 5552/1815/2081 5540/1803/2069
f 5542/1806/2072 5554/1818/2084 5553/1817/2083 5541/1805/2071
f 5543/1807/2295 5555/1819/2085 5554/1818/2084 5542/1806/2072
f 5544/1808/2074 5556/1820/2086 5555/1819/2085 5543/1807/2295
f 5545/1809/2075 5557/1821/2087 5556/1820/2086 5544/1808/2074
f 5546/1810/2296 5558/1822/2088 5557/1821/2087 5545/1809/2075
f 5547/1811/2077 5559/1823/2089 5558/1822/2088 5546/1810/2296
f 5548/1812/2078 5560/1824/2090 5559/1823/2089 5547/1811/2077
f 5549/1813/2079 5561/1825/2091 5560/1824/2090 5548/1812/2078
f 5550/1814/2080 5562/1826/2092 5561/1825/2091 5549/1813/2079
f 5552/1815/2081 5564/419/2093 5563/64/2094 5551/1816/2082
f 5553/1817/2083 5565/420/2095 5564/419/2093 5552/1815/2081
f 5554/1818/2084 5566/421/2096 5565/420/2095 5553/1817/2083
f 5555/1819/2085 5567/422/2097 5566/421/2096 5554/1818/2084
f 5556/1820/2086 5568/423/2098 5567/422/2097 5555/1819/2085
f 5557/1821/2087 5569/424/2099 5568/423/2098 5556/1820/2086
f 5558/1822/2088 5570/425/2100 5569/424/2099 5557/1821/2087
f 5559/1823/2089 5571/426/2101 5570/425/2100 5558/1822/2088
f 5560/1824/2090 5572/427/2102 5571/426/2101 5559/1823/2089
f 5561/1825/2091 5573/428/2103 5572/427/2102 5560/1824/2090
f 5562/1826/2092 5574/429/2104 5573/428/2103 5561/1825/2091
f 5564/419/2093 5576/1827/2105 5575/1828/2106 5563/64/2094
f 5565/420/2095 5577/1829/2107 5576/1827/2105 5564/419/2093
f 5566/421/2096 5578/1830/2108 5577/1829/2107 5565/420/2095
f 5567/422/2097 5579/1831/2109 5578/1830/2108 5566/421/2096
f 5568/423/2098 5580/1832/2110 5579/1831/2109 5567/422/2097
f 5569/424/2099 5581/1833/2111 5580/1832/2110 5568/423/2098
f 5570/425/2100 5582/1834/2112 5581/1833/2111 5569/424/2099
f 5571/426/2101 5583/1835/2113 5582/1834/2112 5570/425/2100
f 5572/427/2102 5584/1836/2114 5583/1835/2113 5571/426/2101
f 5573/428/2103 5585/1837/2115 5584/1836/2114 5572/427/2102
f 5574/429/2104 5586/1838/2116 5585/1837/2115 5573/428/2103
f 5576/1827/2105 5588/1839/2117 5587/1840/2118 5575/1828/2106
f 5577/1829/2107 5589/1841/2119 5588/1839/2117 5576/1827/2105
f 5578/1830/2108 5590/1842/2120 5589/1841/2119 5577/1829/2107
f 5579/1831/2109 5591/1843/2121 5590/1842/2120 5578/1830/2108
f 5580/1832/2110 5592/1844/2122 5591/1843/2121 5579/1831/2109
f 5581/1833/2111 5593/1845/2123 5592/1844/2122 5580/1832/2110
f 5582/1834/2112 5594/1846/2124 5593/1845/2123 5581/1833/2111
f 5583/1835/2113 5595/1847/2125 5594/1846/2124 5582/1834/2112
f 5584/1836/2114 5596/1848/2126 5595/1847/2125 5583/1835/2113
f 5585/1837/2115 5597/1849/2127 5596/1848/2126 5584/1836/2114
f 5586/1838/2116 5598/1850/2128 5597/1849/2127 5585/1837/2115
f 5588/1839/2117 5600/1851/2129 5599/1852/2130 5587/1840/2118
f 5589/1841/2119 5601/1853/2131 5600/1851/2129 5588/1839/2117
f 5590/1842/2120 5602/1854/2132 5601/1853/2131 5589/1841/2119
f 5591/1843/2121 5603/1855/2133 5602/1854/2132 5590/1842/2120
f 5592/1844/2122 5604/1856/2134 5603/1855/2133 5591/1843/2121
f 5593/1845/2123 5605/1857/2135 5604/1856/2134 5592/1844/2122
f 5594/1846/2124 5606/1858/2136 5605/1857/2135 5593/1845/2123
f 5595/1847/2125 5607/1859/2137 5606/1858/2136 5594/1846/2124
f 5596/1848/2126 5608/1860/2138 5607/1859/2137 5595/1847/2125
f 5597/1849/2127 5609/1861/2139 5608/1860/2138 5596/1848/2126
f 5598/1850/2128 5610/1862/2140 5609/1861/2139 5597/1849/2127
f 5600/1851/2129 5612/1863/2141 5611/41/2142 5599/1852/2130
f 5601/1853/2131 5613/1864/2143 5612/1863/2141 5600/1851/2129
f 5602/1854/2132 5614/1865/2144 5613/1864/2143 5601/1853/2131
f 5603/1855/2133 5615/1866/2145 5614/1865/2144 5602/1854/2132
f 5604/1856/2134 5616/1867/2146 5615/1866/2145 5603/1855/2133
f 5605/1857/2135 5617/1868/2147 5616/1867/2146 5604/1856/2134
f 5606/1858/2136 5618/1869/2148 5617/1868/2147 5605/1857/2135
f 5607/1859/2137 5619/1870/2149 5618/1869/2148 5606/1858/2136
f 5608/1860/2138 5620/1871/2150 5619/1870/2149 5607/1859/2137
f 5609/1861/2139 5621/1872/2151 5620/1871/2150 5608/1860/2138
f 5610/1862/2140 5622/1873/2152 5621/1872/2151 5609/1861/2139
f 5612/1863/2141 5624/1874/2153 5623/1875/2154 5611/41/2142
f 5613/1864/2143 5625/1876/2155 5624/1874/2153 5612/1863/2141
f 5614/1865/2144 5626/1877/2156 5625/1876/2155 5613/1864/2143
f 5615/1866/2145 5627/1878/2157 5626/1877/2156 5614/1865/2144
f 5616/1867/2146 5628/1879/2158 5627/1878/2157 5615/1866/2145
f 5617/1868/2147 5629/1880/2159 5628/1879/2158 5616/1867/2146
f 5618/1869/2148 5630/1881/2160 5629/1880/2159 5617/1868/2147
f 5619/1870/2149 5631/1882/2161 5630/1881/2160 5618/1869/2148
f 5620/1871/2150 5632/1883/2162 5631/1882/2161 5619/1870/2149
f 5621/1872/2151 5633/1884/2163 5632/1883/2162 5620/1871/2150
f 5622/1873/2152 5634/1885/2164 5633/1884/2163 5621/1872/2151
f 5624/1874/2153 5636/1886/2165 5635/1887/2166 5623/1875/2154
f 5625/1876/2155 5637/1888/2167 5636/1886/2165 5624/1874/2153
f 5626/1877/2156 5638/1889/2168 5637/1888/2167 5625/1876/2155
f 5627/1878/2157 5639/1890/2169 5638/1889/2168 5626/1877/2156
f 5628/1879/2158 5640/1891/2170 5639/1890/2169 5627/1878/2157
f 5629/1880/2159 5641/1892/2171 5640/1891/2170 5628/1879/2158
f 5630/1881/2160 5642/1893/2172 5641/1892/2171 5629/1880/2159
f 5631/1882/2161 5643/1894/2173 5642/1893/2172 5630/1881/2160
f 5632/1883/2162 5644/1895/2174 5643/1894/2173 5631/1882/2161
f 5633/1884/2163 5645/1896/2175 5644/1895/2174 5632/1883/2162
f 5634/1885/2164 5646/1897/2176 5645/1896/2175 5633/1884/2163
f 5636/1886/2165 5648/1898/2177 5647/1899/2178 5635/1887/2166
f 5637/1888/2167 5649/1900/2179 5648/1898/2177 5636/1886/2165
f 5638/1889/2168 5650/1901/2180 5649/1900/2179 5637/1888/2167
f 5639/1890/2169 5651/1902/2181 5650/1901/2180 5638/1889/2168
f 5640/1891/2170 5652/1903/2182 5651/1902/2181 5639/1890/2169
f 5641/1892/2171 5653/1904/2183 5652/1903/2182 5640/1891/2170
f 5642/1893/2172 5654/1905/2184 5653/1904/2183 5641/1892/2171
f 5643/1894/2173 5655/1906/2185 5654/1905/2184 5642/1893/2172
f 5644/1895/2174 5656/1907/2186 5655/1906/2185 5643/1894/2173
f 5645/1896/2175 5657/1908/2187 5656/1907/2186 5644/1895/2174
f 5646/1897/2176 5658/1909/2188 5657/1908/2187 5645/1896/2175
f 5648/1898/2177 5660/1230/2189 5659/20/2190 5647/1899/2178
f 5649/1900/2179 5661/1231/2191 5660/1230/2189 5648/1898/2177
f 5650/1901/2180 5662/1232/2192 5661/1231/2191 5649/1900/2179
f 5651/1902/2181 5663/1233/2193 5662/1232/2192 5650/1901/2180
f 5652/1903/2182 5664/1234/2194 5663/1233/2193 5651/1902/2181
f 5653/1904/2183 5665/1235/2195 5664/1234/2194 5652/1903/2182
f 5654/1905/2184 5666/1236/2196 5665/1235/2195 5653/1904/2183
f 5655/1906/2185 5667/1237/2197 5666/1236/2196 5654/1905/2184
f 5656/1907/2186 5668/1238/2198 5667/1237/2197 5655/1906/2185
f 5657/1908/2187 5669/1239/2199 5668/1238/2198 5656/1907/2186
f 5658/1909/2188 5670/1240/2200 5669/1239/2199 5657/1908/2187
f 5660/1230/2189 5672/1910/2201 5671/1911/2202 5659/20/2190
f 5661/1231/2191 5673/1912/2203 5672/1910/2201 5660/1230/2189
f 5662/1232/2192 5674/1913/2204 5673/1912/2203 5661/1231/2191
f 5663/1233/2193 5675/1914/2205 5674/1913/2204 5662/1232/2192
f 5664/1234/2194 5676/1915/2206 5675/1914/2205 5663/1233/2193
f 5665/1235/2195 5677/1916/2207 5676/1915/2206 5664/1234/2194
f 5666/1236/2196 5678/1917/2208 5677/1916/2207 5665/1235/2195
f 5667/1237/2197 5679/1918/2209 5678/1917/2208 5666/1236/2196
f 5668/1238/2198 5680/1919/2210 5679/1918/2209 5667/1237/2197
f 5669/1239/2199 5681/1920/2211 5680/1919/2210 5668/1238/2198
f 5670/1240/2200 5682/1921/2212 5681/1920/2211 5669/1239/2199
f 5672/1910/2201 5684/1922/2213 5683/1923/2214 5671/1911/2202
f 5673/1912/2203 5685/1924/2215 5684/1922/2213 5672/1910/2201
f 5674/1913/2204 5686/1925/2216 5685/1924/2215 5673/1912/2203
f 5675/1914/2205 5687/1926/2217 5686/1925/2216 5674/1913/2204
f 5676/1915/2206 5688/1927/2218 5687/1926/2217 5675/1914/2205
f 5677/1916/2207 5689/1928/2219 5688/1927/2218 5676/1915/2206
f 5678/1917/2208 5690/1929/2220 5689/1928/2219 5677/1916/2207
f 5679/1918/2209 5691/1930/2221 5690/1929/2220 5678/1917/2208
f 5680/1919/2210 5692/1931/2222 5691/1930/2221 5679/1918/2209
f 5681/1920/2211 5693/1932/2223 5692/1931/2222 5680/1919/2210
f 5682/1921/2212 5694/1933/2224 5693/1932/2223 5681/1920/2211
f 5684/1922/2213 5696/1934/2225 5695/1935/2226 5683/1923/2214
f 5685/1924/2215 5697/1936/2227 5696/1934/2225 5684/1922/2213
f 5686/1925/2216 5698/1937/2228 5697/1936/2227 5685/1924/2215
f 5687/1926/2217 5699/1938/2229 5698/1937/2228 5686/1925/2216
f 5688/1927/2218 5700/1939/2230 5699/1938/2229 5687/1926/2217
f 5689/1928/2219 5701/1940/2231 5700/1939/2230 5688/1927/2218
f 5690/1929/2220 5702/1941/2232 5701/1940/2231 5689/1928/2219
f 5691/1930/2221 5703/1942/2233 5702/1941/2232 5690/1929/2220
f 5692/1931/2222 5704/1943/2234 5703/1942/2233 5691/1930/2221
f 5693/1932/2223 5705/1944/2235 5704/1943/2234 5692/1931/2222
f 5694/1933/2224 5706/1945/2236 5705/1944/2235 5693/1932/2223
f 5696/1934/2225 5708/1946/2237 5707/50/2238 5695/1935/2226
f 5697/1936/2227 5709/1947/2239 5708/1946/2237 5696/1934/2225
f 5698/1937/2228 5710/1948/2240 5709/1947/2239 5697/1936/2227
f 5699/1938/2229 5711/1949/2241 5710/1948/2240 5698/1937/2228
f 5700/1939/2230 5712/1950/2242 5711/1949/2241 5699/1938/2229
f 5701/1940/2231 5713/1951/2243 5712/1950/2242 5700/1939/2230
f 5702/1941/2232 5714/1952/2244 5713/1951/2243 5701/1940/2231
f 5703/1942/2233 5715/1953/2245 5714/1952/2244 5702/1941/2232
f 5704/1943/2234 5716/1954/2246 5715/1953/2245 5703/1942/2233
f 5705/1944/2235 5717/1955/2247 5716/1954/2246 5704/1943/2234
f 5706/1945/2236 5718/1956/2248 5717/1955/2247 5705/1944/2235
f 5708/1946/2237 5720/1957/2249 5719/1958/2250 5707/50/2238
f 5709/1947/2239 5721/1959/2251 5720/1957/2249 5708/1946/2237
f 5710/1948/2240 5722/1960/2252 5721/1959/2251 5709/1947/2239
f 5711/1949/2241 5723/1961/2253 5722/1960/2252 5710/1948/2240
f 5712/1950/2242 5724/1962/2254 5723/1961/2253 5711/1949/2241
f 5713/1951/2243 5725/1963/2255 5724/1962/2254 5712/1950/2242
f 5714/1952/2244 5726/1964/2256 5725/1963/2255 5713/1951/2243
f 5715/1953/2245 5727/1965/2257 5726/1964/2256 5714/1952/2244
f 5716/1954/2246 5728/1966/2258 5727/1965/2257 5715/1953/2245
f 5717/1955/2247 5729/1967/2259 5728/1966/2258 5716/1954/2246
f 5718/1956/2248 5730/1968/2260 5729/1967/2259 5717/1955/2247
f 5720/1957/2249 5732/1969/2261 5731/1970/2262 5719/1958/2250
f 5721/1959/2251 5733/1971/2263 5732/1969/2261 5720/1957/2249
f 5722/1960/2252 5734/1972/2264 5733/1971/2263 5721/1959/2251
f 5723/1961/2253 5735/1973/2265 5734/1972/2264 5722/1960/2252
f 5724/1962/2254 5736/1974/2266 5735/1973/2265 5723/1961/2253
f 5725/1963/2255 5737/1975/2267 5736/1974/2266 5724/1962/2254
f 5726/1964/2256 5738/1976/2268 5737/1975/2267 5725/1963/2255
f 5727/1965/2257 5739/1977/2269 5738/1976/2268 5726/1964/2256
f 5728/1966/2258 5740/1978/2270 5739/1977/2269 5727/1965/2257
f 5729/1967/2259 5741/1979/2271 5740/1978/2270 5728/1966/2258
f 5730/1968/2260 5742/1980/2272 5741/1979/2271 5729/1967/2259
f 5732/1969/2261 5744/1981/2273 5743/1982/2274 5731/1970/2262
f 5733/1971/2263 5745/1983/2275 5744/1981/2273 5732/1969/2261
f 5734/1972/2264 5746/1984/2276 5745/1983/2275 5733/1971/2263
f 5735/1973/2265 5747/1985/2277 5746/1984/2276 5734/1972/2264
f 5736/1974/2266 5748/1986/2278 5747/1985/2277 5735/1973/2265
f 5737/1975/2267 5749/1987/2279 5748/1986/2278 5736/1974/2266
f 5738/1976/2268 5750/1988/2280 5749/1987/2279 5737/1975/2267
f 5739/1977/2269 5751/1989/2281 5750/1988/2280 5738/1976/2268
f 5740/1978/2270 5752/1990/2282 5751/1989/2281 5739/1977/2269
f 5741/1979/2271 5753/1991/2283 5752/1990/2282 5740/1978/2270
f 5742/1980/2272 5754/1992/2284 5753/1991/2283 5741/1979/2271
f 5744/1981/2273 5180/477/1709 5179/91/1712 5743/1982/2274
f 5745/1983/2275 5181/478/1713 5180/477/1709 5744/1981/2273
f 5746/1984/2276 5182/479/1715 5181/478/1713 5745/1983/2275
f 5747/1985/2277 5183/480/1717 5182/479/1715 5746/1984/2276
f 5748/1986/2278 5184/481/1719 5183/480/1717 5747/1985/2277
f 5749/1987/2279 5185/482/1721 5184/481/1719 5748/1986/2278
f 5750/1988/2280 5186/483/1723 5185/482/1721 5749/1987/2279
f 5751/1989/2281 5187/484/1725 5186/483/1723 5750/1988/2280
f 5752/1990/2282 5188/485/1727 5187/484/1725 5751/1989/2281
f 5753/1991/2283 5189/486/1729 5188/485/1727 5752/1990/2282
f 5754/1992/2284 5190/487/1731 5189/486/1729 5753/1991/2283
f 5756/304/2298 5768/1993/2299 5767/1994/2300 5755/129/2301
f 5757/307/2302 5769/1995/2303 5768/1993/2299 5756/304/2298
f 5758/309/2304 5770/1996/2305 5769/1995/2303 5757/307/2302
f 5759/311/2306 5771/1997/2307 5770/1996/2305 5758/309/2304
f 5760/313/2308 5772/1998/2309 5771/1997/2307 5759/311/2306
f 5761/315/2310 5773/1999/2311 5772/1998/2309 5760/313/2308
f 5762/317/2312 5774/2000/2313 5773/1999/2311 5761/315/2310
f 5763/319/2314 5775/2001/2315 5774/2000/2313 5762/317/2312
f 5764/321/2316 5776/2002/2317 5775/2001/2315 5763/319/2314
f 5765/323/2318 5777/2003/2319 5776/2002/2317 5764/321/2316
f 5766/325/2320 5778/2004/2321 5777/2003/2319 5765/323/2318
f 5768/1993/2299 5780/2005/2322 5779/2006/2323 5767/1994/2300
f 5769/1995/2303 5781/2007/2324 5780/2005/2322 5768/1993/2299
f 5770/1996/2305 5782/2008/2325 5781/2007/2324 5769/1995/2303
f 5771/1997/2307 5783/2009/2326 5782/2008/2325 5770/1996/2305
f 5772/1998/2309 5784/2010/2327 5783/2009/2326 5771/1997/2307
f 5773/1999/2311 5785/2011/2328 5784/2010/2327 5772/1998/2309
f 5774/2000/2313 5786/2012/2329 5785/2011/2328 5773/1999/2311
f 5775/2001/2315 5787/2013/2330 5786/2012/2329 5774/2000/2313
f 5776/2002/2317 5788/2014/2331 5787/2013/2330 5775/2001/2315
f 5777/2003/2319 5789/2015/2332 5788/2014/2331 5776/2002/2317
f 5778/2004/2321 5790/2016/2333 5789/2015/2332 5777/2003/2319
f 5780/2005/2322 5792/2017/2334 5791/2018/2335 5779/2006/2323
f 5781/2007/2324 5793/2019/2336 5792/2017/2334 5780/2005/2322
f 5782/2008/2325 5794/2020/2337 5793/2019/2336 5781/2007/2324
f 5783/2009/2326 5795/2021/2338 5794/2020/2337 5782/2008/2325
f 5784/2010/2327 5796/2022/2339 5795/2021/2338 5783/2009/2326
f 5785/2011/2328 5797/2023/2340 5796/2022/2339 5784/2010/2327
f 5786/2012/2329 5798/2024/2341 5797/2023/2340 5785/2011/2328
f 5787/2013/2330 5799/2025/2342 5798/2024/2341 5786/2012/2329
f 5788/2014/2331 5800/2026/2343 5799/2025/2342 5787/2013/2330
f 5789/2015/2332 5801/2027/2344 5800/2026/2343 5788/2014/2331
f 5790/2016/2333 5802/2028/2345 5801/2027/2344 5789/2015/2332
f 5792/2017/2334 5804/2029/2346 5803/2030/2347 5791/2018/2335
f 5793/2019/2336 5805/2031/2348 5804/2029/2346 5792/2017/2334
f 5794/2020/2337 5806/2032/2349 5805/2031/2348 5793/2019/2336
f 5795/2021/2338 5807/2033/2350 5806/2032/2349 5794/2020/2337
f 5796/2022/2339 5808/2034/2351 5807/2033/2350 5795/2021/2338
f 5797/2023/2340 5809/2035/2352 5808/2034/2351 5796/2022/2339
f 5798/2024/2341 5810/2036/2353 5809/2035/2352 5797/2023/2340
f 5799/2025/2342 5811/2037/2354 5810/2036/2353 5798/2024/2341
f 5800/2026/2343 5812/2038/2355 5811/2037/2354 5799/2025/2342
f 5801/2027/2344 5813/2039/2356 5812/2038/2355 5800/2026/2343
f 5802/2028/2345 5814/2040/2357 5813/2039/2356 5801/2027/2344
f 5804/2029/2346 5816/2041/2358 5815/2042/2359 5803/2030/2347
f 5805/2031/2348 5817/2043/2360 5816/2041/2358 5804/2029/2346
f 5806/2032/2349 5818/2044/2361 5817/2043/2360 5805/2031/2348
f 5807/2033/2350 5819/2045/2362 5818/2044/2361 5806/2032/2349
f 5808/2034/2351 5820/2046/2363 5819/2045/2362 5807/2033/2350
f 5809/2035/2352 5821/2047/2364 5820/2046/2363 5808/2034/2351
f 5810/2036/2353 5822/2048/2365 5821/2047/2364 5809/2035/2352
f 5811/2037/2354 5823/2049/2366 5822/2048/2365 5810/2036/2353
f 5812/2038/2355 5824/2050/2367 5823/2049/2366 5811/2037/2354
f 5813/2039/2356 5825/2051/2368 5824/2050/2367 5812/2038/2355
f 5814/2040/2357 5826/2052/2369 5825/2051/2368 5813/2039/2356
f 5816/2041/2358 5828/2053/2370 5827/2054/2371 5815/2042/2359
f 5817/2043/2360 5829/2055/2372 5828/2053/2370 5816/2041/2358
f 5818/2044/2361 5830/2056/2373 5829/2055/2372 5817/2043/2360
f 5819/2045/2362 5831/2057/2374 5830/2056/2373 5818/2044/2361
f 5820/2046/2363 5832/2058/2375 5831/2057/2374 5819/2045/2362
f 5821/2047/2364 5833/2059/2376 5832/2058/2375 5820/2046/2363
f 5822/2048/2365 5834/2060/2377 5833/2059/2376 5821/2047/2364
f 5823/2049/2366 5835/2061/2378 5834/2060/2377 5822/2048/2365
f 5824/2050/2367 5836/2062/2379 5835/2061/2378 5823/2049/2366
f 5825/2051/2368 5837/2063/2380 5836/2062/2379 5824/2050/2367
f 5826/2052/2369 5838/2064/2381 5837/2063/2380 5825/2051/2368
f 5828/2053/2370 5840/2065/2382 5839/2066/2383 5827/2054/2371
f 5829/2055/2372 5841/2067/2384 5840/2065/2382 5828/2053/2370
f 5830/2056/2373 5842/2068/2385 5841/2067/2384 5829/2055/2372
f 5831/2057/2374 5843/2069/2386 5842/2068/2385 5830/2056/2373
f 5832/2058/2375 5844/2070/2387 5843/2069/2386 5831/2057/2374
f 5833/2059/2376 5845/2071/2388 5844/2070/2387 5832/2058/2375
f 5834/2060/2377 5846/2072/2389 5845/2071/2388 5833/2059/2376
f 5835/2061/2378 5847/2073/2390 5846/2072/2389 5834/2060/2377
f 5836/2062/2379 5848/2074/2391 5847/2073/2390 5835/2061/2378
f 5837/2063/2380 5849/2075/2392 5848/2074/2391 5836/2062/2379
f 5838/2064/2381 5850/2076/2393 5849/2075/2392 5837/2063/2380
f 5840/2065/2382 5852/2077/2394 5851/2078/2395 5839/2066/2383
f 5841/2067/2384 5853/2079/2396 5852/2077/2394 5840/2065/2382
f 5842/2068/2385 5854/2080/2397 5853/2079/2396 5841/2067/2384
f 5843/2069/2386 5855/2081/2398 5854/2080/2397 5842/2068/2385
f 5844/2070/2387 5856/2082/2399 5855/2081/2398 5843/2069/2386
f 5845/2071/2388 5857/2083/2400 5856/2082/2399 5844/2070/2387
f 5846/2072/2389 5858/2084/2401 5857/2083/2400 5845/2071/2388
f 5847/2073/2390 5859/2085/2402 5858/2084/2401 5846/2072/2389
f 5848/2074/2391 5860/2086/2403 5859/2085/2402 5847/2073/2390
f 5849/2075/2392 5861/2087/2404 5860/2086/2403 5848/2074/2391
f 5850/2076/2393 5862/2088/2405 5861/2087/2404 5849/2075/2392
f 5852/2077/2394 5864/2089/2406 5863/2090/2407 5851/2078/2395
f 5853/2079/2396 5865/2091/2408 5864/2089/2406 5852/2077/2394
f 5854/2080/2397 5866/2092/2409 5865/2091/2408 5853/2079/2396
f 5855/2081/2398 5867/2093/2410 5866/2092/2409 5854/2080/2397
f 5856/2082/2399 5868/2094/2411 5867/2093/2410 5855/2081/2398
f 5857/2083/2400 5869/2095/2412 5868/2094/2411 5856/2082/2399
f 5858/2084/2401 5870/2096/2413 5869/2095/2412 5857/2083/2400
f 5859/2085/2402 5871/2097/2414 5870/2096/2413 5858/2084/2401
f 5860/2086/2403 5872/2098/2415 5871/2097/2414 5859/2085/2402
f 5861/2087/2404 5873/2099/2416 5872/2098/2415 5860/2086/2403
f 5862/2088/2405 5874/2100/2417 5873/2099/2416 5861/2087/2404
f 5864/2089/2406 5876/2101/2418 5875/2102/2419 5863/2090/2407
f 5865/2091/2408 5877/2103/2420 5876/2101/2418 5864/2089/2406
f 5866/2092/2409 5878/2104/2421 5877/2103/2420 5865/2091/2408
f 5867/2093/2410 5879/2105/2422 5878/2104/2421 5866/2092/2409
f 5868/2094/2411 5880/2106/2423 5879/2105/2422 5867/2093/2410
f 5869/2095/2412 5881/2107/2424 5880/2106/2423 5868/2094/2411
f 5870/2096/2413 5882/2108/2425 5881/2107/2424 5869/2095/2412
f 5871/2097/2414 5883/2109/2426 5882/2108/2425 5870/2096/2413
f 5872/2098/2415 5884/2110/2427 5883/2109/2426 5871/2097/2414
f 5873/2099/2416 5885/2111/2428 5884/2110/2427 5872/2098/2415
f 5874/2100/2417 5886/2112/2429 5885/2111/2428 5873/2099/2416
f 5876/2101/2418 5888/2113/2430 5887/2114/2431 5875/2102/2419
f 5877/2103/2420 5889/2115/2432 5888/2113/2430 5876/2101/2418
f 5878/2104/2421 5890/2116/2433 5889/2115/2432 5877/2103/2420
f 5879/2105/2422 5891/2117/2434 5890/2116/2433 5878/2104/2421
f 5880/2106/2423 5892/2118/2435 5891/2117/2434 5879/2105/2422
f 5881/2107/2424 5893/2119/2436 5892/2118/2435 5880/2106/2423
f 5882/2108/2425 5894/2120/2437 5893/2119/2436 5881/2107/2424
f 5883/2109/2426 5895/2121/2438 5894/2120/2437 5882/2108/2425
f 5884/2110/2427 5896/2122/2439 5895/2121/2438 5883/2109/2426
f 5885/2111/2428 5897/2123/2440 5896/2122/2439 5884/2110/2427
f 5886/2112/2429 5898/2124/2441 5897/2123/2440 5885/2111/2428
f 5888/2113/2430 5900/2125/2442 5899/2126/2443 5887/2114/2431
f 5889/2115/2432 5901/2127/2444 5900/2125/2442 5888/2113/2430
f 5890/2116/2433 5902/2128/2445 5901/2127/2444 5889/2115/2432
f 5891/2117/2434 5903/2129/2446 5902/2128/2445 5890/2116/2433
f 5892/2118/2435 5904/2130/2447 5903/2129/2446 5891/2117/2434
f 5893/2119/2436 5905/2131/2448 5904/2130/2447 5892/2118/2435
f 5894/2120/2437 5906/2132/2449 5905/2131/2448 5893/2119/2436
f 5895/2121/2438 5907/2133/2450 5906/2132/2449 5894/2120/2437
f 5896/2122/2439 5908/2134/2451 5907/2133/2450 5895/2121/2438
f 5897/2123/2440 5909/2135/2452 5908/2134/2451 5896/2122/2439
f 5898/2124/2441 5910/2136/2453 5909/2135/2452 5897/2123/2440
f 5900/2125/2442 5912/2137/2454 5911/2138/2455 5899/2126/2443
f 5901/2127/2444 5913/2139/2456 5912/2137/2454 5900/2125/2442
f 5902/2128/2445 5914/2140/2457 5913/2139/2456 5901/2127/2444
f 5903/2129/2446 5915/2141/2458 5914/2140/2457 5902/2128/2445
f 5904/2130/2447 5916/2142/2459 5915/2141/2458 5903/2129/2446
f 5905/2131/2448 5917/2143/2460 5916/2142/2459 5904/2130/2447
f 5906/2132/2449 5918/2144/2461 5917/2143/2460 5905/2131/2448
f 5907/2133/2450 5919/2145/2462 5918/2144/2461 5906/2132/2449
f 5908/2134/2451 5920/2146/2463 5919/2145/2462 5907/2133/2450
f 5909/2135/2452 5921/2147/2464 5920/2146/2463 5908/2134/2451
f 5910/2136/2453 5922/2148/2465 5921/2147/2464 5909/2135/2452
f 5912/2137/2454 5924/2149/2466 5923/2150/2467 5911/2138/2455
f 5913/2139/2456 5925/2151/2468 5924/2149/2466 5912/2137/2454
f 5914/2140/2457 5926/2152/2469 5925/2151/2468 5913/2139/2456
f 5915/2141/2458 5927/2153/2470 5926/2152/2469 5914/2140/2457
f 5916/2142/2459 5928/2154/2471 5927/2153/2470 5915/2141/2458
f 5917/2143/2460 5929/2155/2472 5928/2154/2471 5916/2142/2459
f 5918/2144/2461 5930/2156/2473 5929/2155/2472 5917/2143/2460
f 5919/2145/2462 5931/2157/2474 5930/2156/2473 5918/2144/2461
f 5920/2146/2463 5932/2158/2475 5931/2157/2474 5919/2145/2462
f 5921/2147/2464 5933/2159/2476 5932/2158/2475 5920/2146/2463
f 5922/2148/2465 5934/2160/2477 5933/2159/2476 5921/2147/2464
f 5924/2149/2466 5936/2161/2478 5935/2162/2479 5923/2150/2467
f 5925/2151/2468 5937/2163/2480 5936/2161/2478 5924/2149/2466
f 5926/2152/2469 5938/2164/2481 5937/2163/2480 5925/2151/2468
f 5927/2153/2470 5939/2165/2482 5938/2164/2481 5926/2152/2469
f 5928/2154/2471 5940/2166/2483 5939/2165/2482 5927/2153/2470
f 5929/2155/2472 5941/2167/2484 5940/2166/2483 5928/2154/2471
f 5930/2156/2473 5942/2168/2485 5941/2167/2484 5929/2155/2472
f 5931/2157/2474 5943/2169/2486 5942/2168/2485 5930/2156/2473
f 5932/2158/2475 5944/2170/2487 5943/2169/2486 5931/2157/2474
f 5933/2159/2476 5945/2171/2488 5944/2170/2487 5932/2158/2475
f 5934/2160/2477 5946/2172/2489 5945/2171/2488 5933/2159/2476
f 5936/2161/2478 5948/2173/2490 5947/2174/2491 5935/2162/2479
f 5937/2163/2480 5949/2175/2492 5948/2173/2490 5936/2161/2478
f 5938/2164/2481 5950/2176/2493 5949/2175/2492 5937/2163/2480
f 5939/2165/2482 5951/2177/2494 5950/2176/2493 5938/2164/2481
f 5940/2166/2483 5952/2178/2495 5951/2177/2494 5939/2165/2482
f 5941/2167/2484 5953/2179/2496 5952/2178/2495 5940/2166/2483
f 5942/2168/2485 5954/2180/2497 5953/2179/2496 5941/2167/2484
f 5943/2169/2486 5955/2181/2498 5954/2180/2497 5942/2168/2485
f 5944/2170/2487 5956/2182/2499 5955/2181/2498 5943/2169/2486
f 5945/2171/2488 5957/2183/2500 5956/2182/2499 5944/2170/2487
f 5946/2172/2489 5958/2184/2501 5957/2183/2500 5945/2171/2488
f 5948/2173/2490 5960/2185/2502 5959/2186/2503 5947/2174/2491
f 5949/2175/2492 5961/2187/2504 5960/2185/2502 5948/2173/2490
f 5950/2176/2493 5962/2188/2505 5961/2187/2504 5949/2175/2492
f 5951/2177/2494 5963/2189/2506 5962/2188/2505 5950/2176/2493
f 5952/2178/2495 5964/2190/2507 5963/2189/2506 5951/2177/2494
f 5953/2179/2496 5965/2191/2508 5964/2190/2507 5952/2178/2495
f 5954/2180/2497 5966/2192/2509 5965/2191/2508 5953/2179/2496
f 5955/2181/2498 5967/2193/2510 5966/2192/2509 5954/2180/2497
f 5956/2182/2499 5968/2194/2511 5967/2193/2510 5955/2181/2498
f 5957/2183/2500 5969/2195/2512 5968/2194/2511 5956/2182/2499
f 5958/2184/2501 5970/2196/2513 5969/2195/2512 5957/2183/2500
f 5960/2185/2502 5972/2197/2514 5971/2198/2515 5959/2186/2503
f 5961/2187/2504 5973/2199/2516 5972/2197/2514 5960/2185/2502
f 5962/2188/2505 5974/2200/2517 5973/2199/2516 5961/2187/2504
f 5963/2189/2506 5975/2201/2518 5974/2200/2517 5962/2188/2505
f 5964/2190/2507 5976/2202/2519 5975/2201/2518 5963/2189/2506
f 5965/2191/2508 5977/2203/2520 5976/2202/2519 5964/2190/2507
f 5966/2192/2509 5978/2204/2521 5977/2203/2520 5965/2191/2508
f 5967/2193/2510 5979/2205/2522 5978/2204/2521 5966/2192/2509
f 5968/2194/2511 5980/2206/2523 5979/2205/2522 5967/2193/2510
f 5969/2195/2512 5981/2207/2524 5980/2206/2523 5968/2194/2511
f 5970/2196/2513 5982/2208/2525 5981/2207/2524 5969/2195/2512
f 5972/2197/2514 5984/2209/2526 5983/2210/2527 5971/2198/2515
f 5973/2199/2516 5985/2211/2528 5984/2209/2526 5972/2197/2514
f 5974/2200/2517 5986/2212/2529 5985/2211/2528 5973/2199/2516
f 5975/2201/2518 5987/2213/2530 5986/2212/2529 5974/2200/2517
f 5976/2202/2519 5988/2214/2531 5987/2213/2530 5975/2201/2518
f 5977/2203/2520 5989/2215/2532 5988/2214/2531 5976/2202/2519
f 5978/2204/2521 5990/2216/2533 5989/2215/2532 5977/2203/2520
f 5979/2205/2522 5991/2217/2534 5990/2216/2533 5978/2204/2521
f 5980/2206/2523 5992/2218/2535 5991/2217/2534 5979/2205/2522
f 5981/2207/2524 5993/2219/2536 5992/2218/2535 5980/2206/2523
f 5982/2208/2525 5994/2220/2537 5993/2219/2536 5981/2207/2524
f 5984/2209/2526 5996/2221/2538 5995/2222/2539 5983/2210/2527
f 5985/2211/2528 5997/2223/2540 5996/2221/2538 5984/2209/2526
f 5986/2212/2529 5998/2224/2541 5997/2223/2540 5985/2211/2528
f 5987/2213/2530 5999/2225/2542 5998/2224/2541 5986/2212/2529
f 5988/2214/2531 6000/2226/2543 5999/2225/2542 5987/2213/2530
f 5989/2215/2532 6001/2227/2544 6000/2226/2543 5988/2214/2531
f 5990/2216/2533 6002/2228/2545 6001/2227/2544 5989/2215/2532
f 5991/2217/2534 6003/2229/2546 6002/2228/2545 5990/2216/2533
f 5992/2218/2535 6004/2230/2547 6003/2229/2546 5991/2217/2534
f 5993/2219/2536 6005/2231/2548 6004/2230/2547 5992/2218/2535
f 5994/2220/2537 6006/2232/2549 6005/2231/2548 5993/2219/2536
f 5996/2221/2538 6008/2233/2550 6007/2234/2551 5995/2222/2539
f 5997/2223/2540 6009/2235/2552 6008/2233/2550 5996/2221/2538
f 5998/2224/2541 6010/2236/2553 6009/2235/2552 5997/2223/2540
f 5999/2225/2542 6011/2237/2554 6010/2236/2553 5998/2224/2541
f 6000/2226/2543 6012/2238/2555 6011/2237/2554 5999/2225/2542
f 6001/2227/2544 6013/2239/2556 6012/2238/2555 6000/2226/2543
f 6002/2228/2545 6014/2240/2557 6013/2239/2556 6001/2227/2544
f 6003/2229/2546 6015/2241/2558 6014/2240/2557 6002/2228/2545
f 6004/2230/2547 6016/2242/2559 6015/2241/2558 6003/2229/2546
f 6005/2231/2548 6017/2243/2560 6016/2242/2559 6004/2230/2547
f 6006/2232/2549 6018/2244/2561 6017/2243/2560 6005/2231/2548
f 6008/2233/2550 6020/2245/2562 6019/2246/2563 6007/2234/2551
f 6009/2235/2552 6021/2247/2564 6020/2245/2562 6008/2233/2550
f 6010/2236/2553 6022/2248/2565 6021/2247/2564 6009/2235/2552
f 6011/2237/2554 6023/2249/2566 6022/2248/2565 6010/2236/2553
f 6012/2238/2555 6024/2250/2567 6023/2249/2566 6011/2237/2554
f 6013/2239/2556 6025/2251/2568 6024/2250/2567 6012/2238/2555
f 6014/2240/2557 6026/2252/2569 6025/2251/2568 6013/2239/2556
f 6015/2241/2558 6027/2253/2570 6026/2252/2569 6014/2240/2557
f 6016/2242/2559 6028/2254/2571 6027/2253/2570 6015/2241/2558
f 6017/2243/2560 6029/2255/2572 6028/2254/2571 6016/2242/2559
f 6018/2244/2561 6030/2256/2573 6029/2255/2572 6017/2243/2560
f 6020/2245/2562 6032/2257/2574 6031/2258/2575 6019/2246/2563
f 6021/2247/2564 6033/2259/2576 6032/2257/2574 6020/2245/2562
f 6022/2248/2565 6034/2260/2577 6033/2259/2576 6021/2247/2564
f 6023/2249/2566 6035/2261/2578 6034/2260/2577 6022/2248/2565
f 6024/2250/2567 6036/2262/2579 6035/2261/2578 6023/2249/2566
f 6025/2251/2568 6037/2263/2580 6036/2262/2579 6024/2250/2567
f 6026/2252/2569 6038/2264/2581 6037/2263/2580 6025/2251/2568
f 6027/2253/2570 6039/2265/2582 6038/2264/2581 6026/2252/2569
f 6028/2254/2571 6040/2266/2583 6039/2265/2582 6027/2253/2570
f 6029/2255/2572 6041/2267/2584 6040/2266/2583 6028/2254/2571
f 6030/2256/2573 6042/2268/2585 6041/2267/2584 6029/2255/2572
f 6032/2257/2574 6044/2269/2586 6043/2270/2587 6031/2258/2575
f 6033/2259/2576 6045/2271/2588 6044/2269/2586 6032/2257/2574
f 6034/2260/2577 6046/2272/2589 6045/2271/2588 6033/2259/2576
f 6035/2261/2578 6047/2273/2590 6046/2272/2589 6034/2260/2577
f 6036/2262/2579 6048/2274/2591 6047/2273/2590 6035/2261/2578
f 6037/2263/2580 6049/2275/2592 6048/2274/2591 6036/2262/2579
f 6038/2264/2581 6050/2276/2593 6049/2275/2592 6037/2263/2580
f 6039/2265/2582 6051/2277/2594 6050/2276/2593 6038/2264/2581
f 6040/2266/2583 6052/2278/2595 6051/2277/2594 6039/2265/2582
f 6041/2267/2584 6053/2279/2596 6052/2278/2595 6040/2266/2583
f 6042/2268/2585 6054/2280/2597 6053/2279/2596 6041/2267/2584
f 6044/2269/2586 6056/2281/2598 6055/2282/2599 6043/2270/2587
f 6045/2271/2588 6057/2283/2600 6056/2281/2598 6044/2269/2586
f 6046/2272/2589 6058/2284/2601 6057/2283/2600 6045/2271/2588
f 6047/2273/2590 6059/2285/2602 6058/2284/2601 6046/2272/2589
f 6048/2274/2591 6060/2286/2603 6059/2285/2602 6047/2273/2590
f 6049/2275/2592 6061/2287/2604 6060/2286/2603 6048/2274/2591
f 6050/2276/2593 6062/2288/2605 6061/2287/2604 6049/2275/2592
f 6051/2277/2594 6063/2289/2606 6062/2288/2605 6050/2276/2593
f 6052/2278/2595 6064/2290/2607 6063/2289/2606 6051/2277/2594
f 6053/2279/2596 6065/2291/2608 6064/2290/2607 6052/2278/2595
f 6054/2280/2597 6066/2292/2609 6065/2291/2608 6053/2279/2596
f 6056/2281/2598 6068/2293/2610 6067/2294/2611 6055/2282/2599
f 6057/2283/2600 6069/2295/2612 6068/2293/2610 6056/2281/2598
f 6058/2284/2601 6070/2296/2613 6069/2295/2612 6057/2283/2600
f 6059/2285/2602 6071/2297/2614 6070/2296/2613 6058/2284/2601
f 6060/2286/2603 6072/2298/2615 6071/2297/2614 6059/2285/2602
f 6061/2287/2604 6073/2299/2616 6072/2298/2615 6060/2286/2603
f 6062/2288/2605 6074/2300/2617 6073/2299/2616 6061/2287/2604
f 6063/2289/2606 6075/2301/2618 6074/2300/2617 6062/2288/2605
f 6064/2290/2607 6076/2302/2619 6075/2301/2618 6063/2289/2606
f 6065/2291/2608 6077/2303/2620 6076/2302/2619 6064/2290/2607
f 6066/2292/2609 6078/2304/2621 6077/2303/2620 6065/2291/2608
f 6068/2293/2610 6080/2305/2622 6079/2306/2623 6067/2294/2611
f 6069/2295/2612 6081/2307/2624 6080/2305/2622 6068/2293/2610
f 6070/2296/2613 6082/2308/2625 6081/2307/2624 6069/2295/2612
f 6071/2297/2614 6083/2309/2626 6082/2308/2625 6070/2296/2613
f 6072/2298/2615 6084/2310/2627 6083/2309/2626 6071/2297/2614
f 6073/2299/2616 6085/2311/2628 6084/2310/2627 6072/2298/2615
f 6074/2300/2617 6086/2312/2629 6085/2311/2628 6073/2299/2616
f 6075/2301/2618 6087/2313/2630 6086/2312/2629 6074/2300/2617
f 6076/2302/2619 6088/2314/2631 6087/2313/2630 6075/2301/2618
f 6077/2303/2620 6089/2315/2632 6088/2314/2631 6076/2302/2619
f 6078/2304/2621 6090/2316/2633 6089/2315/2632 6077/2303/2620
f 6080/2305/2622 6092/2317/2634 6091/2318/2635 6079/2306/2623
f 6081/2307/2624 6093/2319/2636 6092/2317/2634 6080/2305/2622
f 6082/2308/2625 6094/2320/2637 6093/2319/2636 6081/2307/2624
f 6083/2309/2626 6095/2321/2638 6094/2320/2637 6082/2308/2625
f 6084/2310/2627 6096/2322/2639 6095/2321/2638 6083/2309/2626
f 6085/2311/2628 6097/2323/2640 6096/2322/2639 6084/2310/2627
f 6086/2312/2629 6098/2324/2641 6097/2323/2640 6085/2311/2628
f 6087/2313/2630 6099/2325/2642 6098/2324/2641 6086/2312/2629
f 6088/2314/2631 6100/2326/2643 6099/2325/2642 6087/2313/2630
f 6089/2315/2632 6101/2327/2644 6100/2326/2643 6088/2314/2631
f 6090/2316/2633 6102/2328/2645 6101/2327/2644 6089/2315/2632
f 6092/2317/2634 6104/2329/2646 6103/2330/2647 6091/2318/2635
f 6093/2319/2636 6105/2331/2648 6104/2329/2646 6092/2317/2634
f 6094/2320/2637 6106/2332/2649 6105/2331/2648 6093/2319/2636
f 6095/2321/2638 6107/2333/2650 6106/2332/2649 6094/2320/2637
f 6096/2322/2639 6108/2334/2651 6107/2333/2650 6095/2321/2638
f 6097/2323/2640 6109/2335/2652 6108/2334/2651 6096/2322/2639
f 6098/2324/2641 6110/2336/2653 6109/2335/2652 6097/2323/2640
f 6099/2325/2642 6111/2337/2654 6110/2336/2653 6098/2324/2641
f 6100/2326/2643 6112/2338/2655 6111/2337/2654 6099/2325/2642
f 6101/2327/2644 6113/2339/2656 6112/2338/2655 6100/2326/2643
f 6102/2328/2645 6114/2340/2657 6113/2339/2656 6101/2327/2644
f 6104/2329/2646 6116/2341/2658 6115/2342/2659 6103/2330/2647
f 6105/2331/2648 6117/2343/2660 6116/2341/2658 6104/2329/2646
f 6106/2332/2649 6118/2344/2661 6117/2343/2660 6105/2331/2648
f 6107/2333/2650 6119/2345/2662 6118/2344/2661 6106/2332/2649
f 6108/2334/2651 6120/2346/2663 6119/2345/2662 6107/2333/2650
f 6109/2335/2652 6121/2347/2664 6120/2346/2663 6108/2334/2651
f 6110/2336/2653 6122/2348/2665 6121/2347/2664 6109/2335/2652
f 6111/2337/2654 6123/2349/2666 6122/2348/2665 6110/2336/2653
f 6112/2338/2655 6124/2350/2667 6123/2349/2666 6111/2337/2654
f 6113/2339/2656 6125/2351/2668 6124/2350/2667 6112/2338/2655
f 6114/2340/2657 6126/2352/2669 6125/2351/2668 6113/2339/2656
f 6116/2341/2658 6128/2353/2670 6127/2354/2671 6115/2342/2659
f 6117/2343/2660 6129/2355/2672 6128/2353/2670 6116/2341/2658
f 6118/2344/2661 6130/2356/2673 6129/2355/2672 6117/2343/2660
f 6119/2345/2662 6131/2357/2674 6130/2356/2673 6118/2344/2661
f 6120/2346/2663 6132/2358/2675 6131/2357/2674 6119/2345/2662
f 6121/2347/2664 6133/2359/2676 6132/2358/2675 6120/2346/2663
f 6122/2348/2665 6134/2360/2677 6133/2359/2676 6121/2347/2664
f 6123/2349/2666 6135/2361/2678 6134/2360/2677 6122/2348/2665
f 6124/2350/2667 6136/2362/2679 6135/2361/2678 6123/2349/2666
f 6125/2351/2668 6137/2363/2680 6136/2362/2679 6124/2350/2667
f 6126/2352/2669 6138/2364/2681 6137/2363/2680 6125/2351/2668
f 6128/2353/2670 6140/2365/2682 6139/2366/2683 6127/2354/2671
f 6129/2355/2672 6141/2367/2684 6140/2365/2682 6128/2353/2670
f 6130/2356/2673 6142/2368/2685 6141/2367/2684 6129/2355/2672
f 6131/2357/2674 6143/2369/2686 6142/2368/2685 6130/2356/2673
f 6132/2358/2675 6144/2370/2687 6143/2369/2686 6131/2357/2674
f 6133/2359/2676 6145/2371/2688 6144/2370/2687 6132/2358/2675
f 6134/2360/2677 6146/2372/2689 6145/2371/2688 6133/2359/2676
f 6135/2361/2678 6147/2373/2690 6146/2372/2689 6134/2360/2677
f 6136/2362/2679 6148/2374/2691 6147/2373/2690 6135/2361/2678
f 6137/2363/2680 6149/2375/2692 6148/2374/2691 6136/2362/2679
f 6138/2364/2681 6150/2376/2693 6149/2375/2692 6137/2363/2680
f 6140/2365/2682 6152/2377/2694 6151/2378/2695 6139/2366/2683
f 6141/2367/2684 6153/2379/2696 6152/2377/2694 6140/2365/2682
f 6142/2368/2685 6154/2380/2697 6153/2379/2696 6141/2367/2684
f 6143/2369/2686 6155/2381/2698 6154/2380/2697 6142/2368/2685
f 6144/2370/2687 6156/2382/2699 6155/2381/2698 6143/2369/2686
f 6145/2371/2688 6157/2383/2700 6156/2382/2699 6144/2370/2687
f 6146/2372/2689 6158/2384/2701 6157/2383/2700 6145/2371/2688
f 6147/2373/2690 6159/2385/2702 6158/2384/2701 6146/2372/2689
f 6148/2374/2691 6160/2386/2703 6159/2385/2702 6147/2373/2690
f 6149/2375/2692 6161/2387/2704 6160/2386/2703 6148/2374/2691
f 6150/2376/2693 6162/2388/2705 6161/2387/2704 6149/2375/2692
f 6152/2377/2694 6164/2389/2706 6163/2390/2707 6151/2378/2695
f 6153/2379/2696 6165/2391/2708 6164/2389/2706 6152/2377/2694
f 6154/2380/2697 6166/2392/2709 6165/2391/2708 6153/2379/2696
f 6155/2381/2698 6167/2393/2710 6166/2392/2709 6154/2380/2697
f 6156/2382/2699 6168/2394/2711 6167/2393/2710 6155/2381/2698
f 6157/2383/2700 6169/2395/2712 6168/2394/2711 6156/2382/2699
f 6158/2384/2701 6170/2396/2713 6169/2395/2712 6157/2383/2700
f 6159/2385/2702 6171/2397/2714 6170/2396/2713 6158/2384/2701
f 6160/2386/2703 6172/2398/2715 6171/2397/2714 6159/2385/2702
f 6161/2387/2704 6173/2399/2716 6172/2398/2715 6160/2386/2703
f 6162/2388/2705 6174/2400/2717 6173/2399/2716 6161/2387/2704
f 6164/2389/2706 6176/2401/2718 6175/2402/2719 6163/2390/2707
f 6165/2391/2708 6177/2403/2720 6176/2401/2718 6164/2389/2706
f 6166/2392/2709 6178/2404/2721 6177/2403/2720 6165/2391/2708
f 6167/2393/2710 6179/2405/2722 6178/2404/2721 6166/2392/2709
f 6168/2394/2711 6180/2406/2723 6179/2405/2722 6167/2393/2710
f 6169/2395/2712 6181/2407/2724 6180/2406/2723 6168/2394/2711
f 6170/2396/2713 6182/2408/2725 6181/2407/2724 6169/2395/2712
f 6171/2397/2714 6183/2409/2726 6182/2408/2725 6170/2396/2713
f 6172/2398/2715 6184/2410/2727 6183/2409/2726 6171/2397/2714
f 6173/2399/2716 6185/2411/2728 6184/2410/2727 6172/2398/2715
f 6174/2400/2717 6186/2412/2729 6185/2411/2728 6173/2399/2716
f 6176/2401/2718 6188/2413/2730 6187/2414/2731 6175/2402/2719
f 6177/2403/2720 6189/2415/2732 6188/2413/2730 6176/2401/2718
f 6178/2404/2721 6190/2416/2733 6189/2415/2732 6177/2403/2720
f 6179/2405/2722 6191/2417/2734 6190/2416/2733 6178/2404/2721
f 6180/2406/2723 6192/2418/2735 6191/2417/2734 6179/2405/2722
f 6181/2407/2724 6193/2419/2736 6192/2418/2735 6180/2406/2723
f 6182/2408/2725 6194/2420/2737 6193/2419/2736 6181/2407/2724
f 6183/2409/2726 6195/2421/2738 6194/2420/2737 6182/2408/2725
f 6184/2410/2727 6196/2422/2739 6195/2421/2738 6183/2409/2726
f 6185/2411/2728 6197/2423/2740 6196/2422/2739 6184/2410/2727
f 6186/2412/2729 6198/2424/2741 6197/2423/2740 6185/2411/2728
f 6188/2413/2730 6200/2425/2742 6199/2426/2743 6187/2414/2731
f 6189/2415/2732 6201/2427/2744 6200/2425/2742 6188/2413/2730
f 6190/2416/2733 6202/2428/2745 6201/2427/2744 6189/2415/2732
f 6191/2417/2734 6203/2429/2746 6202/2428/2745 6190/2416/2733
f 6192/2418/2735 6204/2430/2747 6203/2429/2746 6191/2417/2734
f 6193/2419/2736 6205/2431/2748 6204/2430/2747 6192/2418/2735
f 6194/2420/2737 6206/2432/2749 6205/2431/2748 6193/2419/2736
f 6195/2421/2738 6207/2433/2750 6206/2432/2749 6194/2420/2737
f 6196/2422/2739 6208/2434/2751 6207/2433/2750 6195/2421/2738
f 6197/2423/2740 6209/2435/2752 6208/2434/2751 6196/2422/2739
f 6198/2424/2741 6210/2436/2753 6209/2435/2752 6197/2423/2740
f 6200/2425/2742 6212/2437/2754 6211/2438/2755 6199/2426/2743
f 6201/2427/2744 6213/2439/2756 6212/2437/2754 6200/2425/2742
f 6202/2428/2745 6214/2440/2757 6213/2439/2756 6201/2427/2744
f 6203/2429/2746 6215/2441/2758 6214/2440/2757 6202/2428/2745
f 6204/2430/2747 6216/2442/2759 6215/2441/2758 6203/2429/2746
f 6205/2431/2748 6217/2443/2760 6216/2442/2759 6204/2430/2747
f 6206/2432/2749 6218/2444/2761 6217/2443/2760 6205/2431/2748
f 6207/2433/2750 6219/2445/2762 6218/2444/2761 6206/2432/2749
f 6208/2434/2751 6220/2446/2763 6219/2445/2762 6207/2433/2750
f 6209/2435/2752 6221/2447/2764 6220/2446/2763 6208/2434/2751
f 6210/2436/2753 6222/2448/2765 6221/2447/2764 6209/2435/2752
f 6212/2437/2754 6224/2449/2766 6223/2450/2767 6211/2438/2755
f 6213/2439/2756 6225/2451/2768 6224/2449/2766 6212/2437/2754
f 6214/2440/2757 6226/2452/2769 6225/2451/2768 6213/2439/2756
f 6215/2441/2758 6227/2453/2770 6226/2452/2769 6214/2440/2757
f 6216/2442/2759 6228/2454/2771 6227/2453/2770 6215/2441/2758
f 6217/2443/2760 6229/2455/2772 6228/2454/2771 6216/2442/2759
f 6218/2444/2761 6230/2456/2773 6229/2455/2772 6217/2443/2760
f 6219/2445/2762 6231/2457/2774 6230/2456/2773 6218/2444/2761
f 6220/2446/2763 6232/2458/2775 6231/2457/2774 6219/2445/2762
f 6221/2447/2764 6233/2459/2776 6232/2458/2775 6220/2446/2763
f 6222/2448/2765 6234/2460/2777 6233/2459/2776 6221/2447/2764
f 6224/2449/2766 6236/2461/2778 6235/2462/2779 6223/2450/2767
f 6225/2451/2768 6237/2463/2780 6236/2461/2778 6224/2449/2766
f 6226/2452/2769 6238/2464/2781 6237/2463/2780 6225/2451/2768
f 6227/2453/2770 6239/2465/2782 6238/2464/2781 6226/2452/2769
f 6228/2454/2771 6240/2466/2783 6239/2465/2782 6227/2453/2770
f 6229/2455/2772 6241/2467/2784 6240/2466/2783 6228/2454/2771
f 6230/2456/2773 6242/2468/2785 6241/2467/2784 6229/2455/2772
f 6231/2457/2774 6243/2469/2786 6242/2468/2785 6230/2456/2773
f 6232/2458/2775 6244/2470/2787 6243/2469/2786 6231/2457/2774
f 6233/2459/2776 6245/2471/2788 6244/2470/2787 6232/2458/2775
f 6234/2460/2777 6246/2472/2789 6245/2471/2788 6233/2459/2776
f 6236/2461/2778 6248/2473/2790 6247/2474/2791 6235/2462/2779
f 6237/2463/2780 6249/2475/2792 6248/2473/2790 6236/2461/2778
f 6238/2464/2781 6250/2476/2793 6249/2475/2792 6237/2463/2780
f 6239/2465/2782 6251/2477/2794 6250/2476/2793 6238/2464/2781
f 6240/2466/2783 6252/2478/2795 6251/2477/2794 6239/2465/2782
f 6241/2467/2784 6253/2479/2796 6252/2478/2795 6240/2466/2783
f 6242/2468/2785 6254/2480/2797 6253/2479/2796 6241/2467/2784
f 6243/2469/2786 6255/2481/2798 6254/2480/2797 6242/2468/2785
f 6244/2470/2787 6256/2482/2799 6255/2481/2798 6243/2469/2786
f 6245/2471/2788 6257/2483/2800 6256/2482/2799 6244/2470/2787
f 6246/2472/2789 6258/2484/2801 6257/2483/2800 6245/2471/2788
f 6248/2473/2790 6260/2485/2802 6259/2486/2803 6247/2474/2791
f 6249/2475/2792 6261/2487/2804 6260/2485/2802 6248/2473/2790
f 6250/2476/2793 6262/2488/2805 6261/2487/2804 6249/2475/2792
f 6251/2477/2794 6263/2489/2806 6262/2488/2805 6250/2476/2793
f 6252/2478/2795 6264/2490/2807 6263/2489/2806 6251/2477/2794
f 6253/2479/2796 6265/2491/2808 6264/2490/2807 6252/2478/2795
f 6254/2480/2797 6266/2492/2809 6265/2491/2808 6253/2479/2796
f 6255/2481/2798 6267/2493/2810 6266/2492/2809 6254/2480/2797
f 6256/2482/2799 6268/2494/2811 6267/2493/2810 6255/2481/2798
f 6257/2483/2800 6269/2495/2812 6268/2494/2811 6256/2482/2799
f 6258/2484/2801 6270/2496/2813 6269/2495/2812 6257/2483/2800
f 6260/2485/2802 6272/2497/2814 6271/2498/2815 6259/2486/2803
f 6261/2487/2804 6273/2499/2816 6272/2497/2814 6260/2485/2802
f 6262/2488/2805 6274/2500/2817 6273/2499/2816 6261/2487/2804
f 6263/2489/2806 6275/2501/2818 6274/2500/2817 6262/2488/2805
f 6264/2490/2807 6276/2502/2819 6275/2501/2818 6263/2489/2806
f 6265/2491/2808 6277/2503/2820 6276/2502/2819 6264/2490/2807
f 6266/2492/2809 6278/2504/2821 6277/2503/2820 6265/2491/2808
f 6267/2493/2810 6279/2505/2822 6278/2504/2821 6266/2492/2809
f 6268/2494/2811 6280/2506/2823 6279/2505/2822 6267/2493/2810
f 6269/2495/2812 6281/2507/2824 6280/2506/2823 6268/2494/2811
f 6270/2496/2813 6282/2508/2825 6281/2507/2824 6269/2495/2812
f 6272/2497/2814 6284/2509/2826 6283/2510/2827 6271/2498/2815
f 6273/2499/2816 6285/2511/2828 6284/2509/2826 6272/2497/2814
f 6274/2500/2817 6286/2512/2829 6285/2511/2828 6273/2499/2816
f 6275/2501/2818 6287/2513/2830 6286/2512/2829 6274/2500/2817
f 6276/2502/2819 6288/2514/2831 6287/2513/2830 6275/2501/2818
f 6277/2503/2820 6289/2515/2832 6288/2514/2831 6276/2502/2819
f 6278/2504/2821 6290/2516/2833 6289/2515/2832 6277/2503/2820
f 6279/2505/2822 6291/2517/2834 6290/2516/2833 6278/2504/2821
f 6280/2506/2823 6292/2518/2835 6291/2517/2834 6279/2505/2822
f 6281/2507/2824 6293/2519/2836 6292/2518/2835 6280/2506/2823
f 6282/2508/2825 6294/2520/2837 6293/2519/2836 6281/2507/2824
f 6284/2509/2826 6296/2521/2838 6295/2522/2839 6283/2510/2827
f 6285/2511/2828 6297/2523/2840 6296/2521/2838 6284/2509/2826
f 6286/2512/2829 6298/2524/2841 6297/2523/2840 6285/2511/2828
f 6287/2513/2830 6299/2525/2842 6298/2524/2841 6286/2512/2829
f 6288/2514/2831 6300/2526/2843 6299/2525/2842 6287/2513/2830
f 6289/2515/2832 6301/2527/2844 6300/2526/2843 6288/2514/2831
f 6290/2516/2833 6302/2528/2845 6301/2527/2844 6289/2515/2832
f 6291/2517/2834 6303/2529/2846 6302/2528/2845 6290/2516/2833
f 6292/2518/2835 6304/2530/2847 6303/2529/2846 6291/2517/2834
f 6293/2519/2836 6305/2531/2848 6304/2530/2847 6292/2518/2835
f 6294/2520/2837 6306/2532/2849 6305/2531/2848 6293/2519/2836
f 6296/2521/2838 6308/2533/2850 6307/2534/2851 6295/2522/2839
f 6297/2523/2840 6309/2535/2852 6308/2533/2850 6296/2521/2838
f 6298/2524/2841 6310/2536/2853 6309/2535/2852 6297/2523/2840
f 6299/2525/2842 6311/2537/2854 6310/2536/2853 6298/2524/2841
f 6300/2526/2843 6312/2538/2855 6311/2537/2854 6299/2525/2842
f 6301/2527/2844 6313/2539/2856 6312/2538/2855 6300/2526/2843
f 6302/2528/2845 6314/2540/2857 6313/2539/2856 6301/2527/2844
f 6303/2529/2846 6315/2541/2858 6314/2540/2857 6302/2528/2845
f 6304/2530/2847 6316/2542/2859 6315/2541/2858 6303/2529/2846
f 6305/2531/2848 6317/2543/2860 6316/2542/2859 6304/2530/2847
f 6306/2532/2849 6318/2544/2861 6317/2543/2860 6305/2531/2848
f 6308/2533/2850 6320/2545/2862 6319/2546/2863 6307/2534/2851
f 6309/2535/2852 6321/2547/2864 6320/2545/2862 6308/2533/2850
f 6310/2536/2853 6322/2548/2865 6321/2547/2864 6309/2535/2852
f 6311/2537/2854 6323/2549/2866 6322/2548/2865 6310/2536/2853
f 6312/2538/2855 6324/2550/2867 6323/2549/2866 6311/2537/2854
f 6313/2539/2856 6325/2551/2868 6324/2550/2867 6312/2538/2855
f 6314/2540/2857 6326/2552/2869 6325/2551/2868 6313/2539/2856
f 6315/2541/2858 6327/2553/2870 6326/2552/2869 6314/2540/2857
f 6316/2542/2859 6328/2554/2871 6327/2553/2870 6315/2541/2858
f 6317/2543/2860 6329/2555/2872 6328/2554/2871 6316/2542/2859
f 6318/2544/2861 6330/2556/2873 6329/2555/2872 6317/2543/2860
f 6320/2545/2862 6332/2557/2874 6331/2558/2875 6319/2546/2863
f 6321/2547/2864 6333/2559/2876 6332/2557/2874 6320/2545/2862
f 6322/2548/2865 6334/2560/2877 6333/2559/2876 6321/2547/2864
f 6323/2549/2866 6335/2561/2878 6334/2560/2877 6322/2548/2865
f 6324/2550/2867 6336/2562/2879 6335/2561/2878 6323/2549/2866
f 6325/2551/2868 6337/2563/2880 6336/2562/2879 6324/2550/2867
f 6326/2552/2869 6338/2564/2881 6337/2563/2880 6325/2551/2868
f 6327/2553/2870 6339/2565/2882 6338/2564/2881 6326/2552/2869
f 6328/2554/2871 6340/2566/2883 6339/2565/2882 6327/2553/2870
f 6329/2555/2872 6341/2567/2884 6340/2566/2883 6328/2554/2871
f 6330/2556/2873 6342/2568/2885 6341/2567/2884 6329/2555/2872
f 6332/2557/2874 6344/2569/2886 6343/2570/2887 6331/2558/2875
f 6333/2559/2876 6345/2571/2888 6344/2569/2886 6332/2557/2874
f 6334/2560/2877 6346/2572/2889 6345/2571/2888 6333/2559/2876
f 6335/2561/2878 6347/2573/2890 6346/2572/2889 6334/2560/2877
f 6336/2562/2879 6348/2574/2891 6347/2573/2890 6335/2561/2878
f 6337/2563/2880 6349/2575/2892 6348/2574/2891 6336/2562/2879
f 6338/2564/2881 6350/2576/2893 6349/2575/2892 6337/2563/2880
f 6339/2565/2882 6351/2577/2894 6350/2576/2893 6338/2564/2881
f 6340/2566/2883 6352/2578/2895 6351/2577/2894 6339/2565/2882
f 6341/2567/2884 6353/2579/2896 6352/2578/2895 6340/2566/2883
f 6342/2568/2885 6354/2580/2897 6353/2579/2896 6341/2567/2884
f 6344/2569/2886 6356/2581/2898 6355/2582/2899 6343/2570/2887
f 6345/2571/2888 6357/2583/2900 6356/2581/2898 6344/2569/2886
f 6346/2572/2889 6358/2584/2901 6357/2583/2900 6345/2571/2888
f 6347/2573/2890 6359/2585/2902 6358/2584/2901 6346/2572/2889
f 6348/2574/2891 6360/2586/2903 6359/2585/2902 6347/2573/2890
f 6349/2575/2892 6361/2587/2904 6360/2586/2903 6348/2574/2891
f 6350/2576/2893 6362/2588/2905 6361/2587/2904 6349/2575/2892
f 6351/2577/2894 6363/2589/2906 6362/2588/2905 6350/2576/2893
f 6352/2578/2895 6364/2590/2907 6363/2589/2906 6351/2577/2894
f 6353/2579/2896 6365/2591/2908 6364/2590/2907 6352/2578/2895
f 6354/2580/2897 6366/2592/2909 6365/2591/2908 6353/2579/2896
f 6356/2581/2898 6368/2593/2910 6367/2594/2911 6355/2582/2899
f 6357/2583/2900 6369/2595/2912 6368/2593/2910 6356/2581/2898
f 6358/2584/2901 6370/2596/2913 6369/2595/2912 6357/2583/2900
f 6359/2585/2902 6371/2597/2914 6370/2596/2913 6358/2584/2901
f 6360/2586/2903 6372/2598/2915 6371/2597/2914 6359/2585/2902
f 6361/2587/2904 6373/2599/2916 6372/2598/2915 6360/2586/2903
f 6362/2588/2905 6374/2600/2917 6373/2599/2916 6361/2587/2904
f 6363/2589/2906 6375/2601/2918 6374/2600/2917 6362/2588/2905
f 6364/2590/2907 6376/2602/2919 6375/2601/2918 6363/2589/2906
f 6365/2591/2908 6377/2603/2920 6376/2602/2919 6364/2590/2907
f 6366/2592/2909 6378/2604/2921 6377/2603/2920 6365/2591/2908
f 6368/2593/2910 6380/2605/2922 6379/2606/2923 6367/2594/2911
f 6369/2595/2912 6381/2607/2924 6380/2605/2922 6368/2593/2910
f 6370/2596/2913 6382/2608/2925 6381/2607/2924 6369/2595/2912
f 6371/2597/2914 6383/2609/2926 6382/2608/2925 6370/2596/2913
f 6372/2598/2915 6384/2610/2927 6383/2609/2926 6371/2597/2914
f 6373/2599/2916 6385/2611/2928 6384/2610/2927 6372/2598/2915
f 6374/2600/2917 6386/2612/2929 6385/2611/2928 6373/2599/2916
f 6375/2601/2918 6387/2613/2930 6386/2612/2929 6374/2600/2917
f 6376/2602/2919 6388/2614/2931 6387/2613/2930 6375/2601/2918
f 6377/2603/2920 6389/2615/2932 6388/2614/2931 6376/2602/2919
f 6378/2604/2921 6390/2616/2933 6389/2615/2932 6377/2603/2920
f 6380/2605/2922 6392/2617/2934 6391/2618/2935 6379/2606/2923
f 6381/2607/2924 6393/2619/2936 6392/2617/2934 6380/2605/2922
f 6382/2608/2925 6394/2620/2937 6393/2619/2936 6381/2607/2924
f 6383/2609/2926 6395/2621/2938 6394/2620/2937 6382/2608/2925
f 6384/2610/2927 6396/2622/2939 6395/2621/2938 6383/2609/2926
f 6385/2611/2928 6397/2623/2940 6396/2622/2939 6384/2610/2927
f 6386/2612/2929 6398/2624/2941 6397/2623/2940 6385/2611/2928
f 6387/2613/2930 6399/2625/2942 6398/2624/2941 6386/2612/2929
f 6388/2614/2931 6400/2626/2943 6399/2625/2942 6387/2613/2930
f 6389/2615/2932 6401/2627/2944 6400/2626/2943 6388/2614/2931
f 6390/2616/2933 6402/2628/2945 6401/2627/2944 6389/2615/2932
f 6392/2617/2934 6404/2629/2946 6403/2630/2947 6391/2618/2935
f 6393/2619/2936 6405/2631/2948 6404/2629/2946 6392/2617/2934
f 6394/2620/2937 6406/2632/2949 6405/2631/2948 6393/2619/2936
f 6395/2621/2938 6407/2633/2950 6406/2632/2949 6394/2620/2937
f 6396/2622/2939 6408/2634/2951 6407/2633/2950 6395/2621/2938
f 6397/2623/2940 6409/2635/2952 6408/2634/2951 6396/2622/2939
f 6398/2624/2941 6410/2636/2953 6409/2635/2952 6397/2623/2940
f 6399/2625/2942 6411/2637/2954 6410/2636/2953 6398/2624/2941
f 6400/2626/2943 6412/2638/2955 6411/2637/2954 6399/2625/2942
f 6401/2627/2944 6413/2639/2956 6412/2638/2955 6400/2626/2943
f 6402/2628/2945 6414/2640/2957 6413/2639/2956 6401/2627/2944
f 6404/2629/2946 6416/2641/2958 6415/2642/2959 6403/2630/2947
f 6405/2631/2948 6417/2643/2960 6416/2641/2958 6404/2629/2946
f 6406/2632/2949 6418/2644/2961 6417/2643/2960 6405/2631/2948
f 6407/2633/2950 6419/2645/2962 6418/2644/2961 6406/2632/2949
f 6408/2634/2951 6420/2646/2963 6419/2645/2962 6407/2633/2950
f 6409/2635/2952 6421/2647/2964 6420/2646/2963 6408/2634/2951
f 6410/2636/2953 6422/2648/2965 6421/2647/2964 6409/2635/2952
f 6411/2637/2954 6423/2649/2966 6422/2648/2965 6410/2636/2953
f 6412/2638/2955 6424/2650/2967 6423/2649/2966 6411/2637/2954
f 6413/2639/2956 6425/2651/2968 6424/2650/2967 6412/2638/2955
f 6414/2640/2957 6426/2652/2969 6425/2651/2968 6413/2639/2956
f 6416/2641/2958 6428/2653/2970 6427/2654/2971 6415/2642/2959
f 6417/2643/2960 6429/2655/2972 6428/2653/2970 6416/2641/2958
f 6418/2644/2961 6430/2656/2973 6429/2655/2972 6417/2643/2960
f 6419/2645/2962 6431/2657/2974 6430/2656/2973 6418/2644/2961
f 6420/2646/2963 6432/2658/2975 6431/2657/2974 6419/2645/2962
f 6421/2647/2964 6433/2659/2976 6432/2658/2975 6420/2646/2963
f 6422/2648/2965 6434/2660/2977 6433/2659/2976 6421/2647/2964
f 6423/2649/2966 6435/2661/2978 6434/2660/2977 6422/2648/2965
f 6424/2650/2967 6436/2662/2979 6435/2661/2978 6423/2649/2966
f 6425/2651/2968 6437/2663/2980 6436/2662/2979 6424/2650/2967
f 6426/2652/2969 6438/2664/2981 6437/2663/2980 6425/2651/2968
f 6428/2653/2970 6440/2665/2982 6439/2666/2983 6427/2654/2971
f 6429/2655/2972 6441/2667/2984 6440/2665/2982 6428/2653/2970
f 6430/2656/2973 6442/2668/2985 6441/2667/2984 6429/2655/2972
f 6431/2657/2974 6443/2669/2986 6442/2668/2985 6430/2656/2973
f 6432/2658/2975 6444/2670/2987 6443/2669/2986 6431/2657/2974
f 6433/2659/2976 6445/2671/2988 6444/2670/2987 6432/2658/2975
f 6434/2660/2977 6446/2672/2989 6445/2671/2988 6433/2659/2976
f 6435/2661/2978 6447/2673/2990 6446/2672/2989 6434/2660/2977
f 6436/2662/2979 6448/2674/2991 6447/2673/2990 6435/2661/2978
f 6437/2663/2980 6449/2675/2992 6448/2674/2991 6436/2662/2979
f 6438/2664/2981 6450/2676/2993 6449/2675/2992 6437/2663/2980
f 6440/2665/2982 6452/2677/2994 6451/2678/2995 6439/2666/2983
f 6441/2667/2984 6453/2679/2996 6452/2677/2994 6440/2665/2982
f 6442/2668/2985 6454/2680/2997 6453/2679/2996 6441/2667/2984
f 6443/2669/2986 6455/2681/2998 6454/2680/2997 6442/2668/2985
f 6444/2670/2987 6456/2682/2999 6455/2681/2998 6443/2669/2986
f 6445/2671/2988 6457/2683/3000 6456/2682/2999 6444/2670/2987
f 6446/2672/2989 6458/2684/3001 6457/2683/3000 6445/2671/2988
f 6447/2673/2990 6459/2685/3002 6458/2684/3001 6446/2672/2989
f 6448/2674/2991 6460/2686/3003 6459/2685/3002 6447/2673/2990
f 6449/2675/2992 6461/2687/3004 6460/2686/3003 6448/2674/2991
f 6450/2676/2993 6462/2688/3005 6461/2687/3004 6449/2675/2992
f 6452/2677/2994 6464/2689/3006 6463/2690/3007 6451/2678/2995
f 6453/2679/2996 6465/2691/3008 6464/2689/3006 6452/2677/2994
f 6454/2680/2997 6466/2692/3009 6465/2691/3008 6453/2679/2996
f 6455/2681/2998 6467/2693/3010 6466/2692/3009 6454/2680/2997
f 6456/2682/2999 6468/2694/3011 6467/2693/3010 6455/2681/2998
f 6457/2683/3000 6469/2695/3012 6468/2694/3011 6456/2682/2999
f 6458/2684/3001 6470/2696/3013 6469/2695/3012 6457/2683/3000
f 6459/2685/3002 6471/2697/3014 6470/2696/3013 6458/2684/3001
f 6460/2686/3003 6472/2698/3015 6471/2697/3014 6459/2685/3002
f 6461/2687/3004 6473/2699/3016 6472/2698/3015 6460/2686/3003
f 6462/2688/3005 6474/2700/3017 6473/2699/3016 6461/2687/3004
f 6464/2689/3006 6476/2701/3018 6475/2702/3019 6463/2690/3007
f 6465/2691/3008 6477/2703/3020 6476/2701/3018 6464/2689/3006
f 6466/2692/3009 6478/2704/3021 6477/2703/3020 6465/2691/3008
f 6467/2693/3010 6479/2705/3022 6478/2704/3021 6466/2692/3009
f 6468/2694/3011 6480/2706/3023 6479/2705/3022 6467/2693/3010
f 6469/2695/3012 6481/2707/3024 6480/2706/3023 6468/2694/3011
f 6470/2696/3013 6482/2708/3025 6481/2707/3024 6469/2695/3012
f 6471/2697/3014 6483/2709/3026 6482/2708/3025 6470/2696/3013
f 6472/2698/3015 6484/2710/3027 6483/2709/3026 6471/2697/3014
f 6473/2699/3016 6485/2711/3028 6484/2710/3027 6472/2698/3015
f 6474/2700/3017 6486/2712/3029 6485/2711/3028 6473/2699/3016
f 6476/2701/3018 6488/2713/3030 6487/2714/3031 6475/2702/3019
f 6477/2703/3020 6489/2715/3032 6488/2713/3030 6476/2701/3018
f 6478/2704/3021 6490/2716/3033 6489/2715/3032 6477/2703/3020
f 6479/2705/3022 6491/2717/3034 6490/2716/3033 6478/2704/3021
f 6480/2706/3023 6492/2718/3035 6491/2717/3034 6479/2705/3022
f 6481/2707/3024 6493/2719/3036 6492/2718/3035 6480/2706/3023
f 6482/2708/3025 6494/2720/3037 6493/2719/3036 6481/2707/3024
f 6483/2709/3026 6495/2721/3038 6494/2720/3037 6482/2708/3025
f 6484/2710/3027 6496/2722/3039 6495/2721/3038 6483/2709/3026
f 6485/2711/3028 6497/2723/3040 6496/2722/3039 6484/2710/3027
f 6486/2712/3029 6498/2724/3041 6497/2723/3040 6485/2711/3028
f 6488/2713/3030 6500/2725/3042 6499/2726/3043 6487/2714/3031
f 6489/2715/3032 6501/2727/3044 6500/2725/3042 6488/2713/3030
f 6490/2716/3033 6502/2728/3045 6501/2727/3044 6489/2715/3032
f 6491/2717/3034 6503/2729/3046 6502/2728/3045 6490/2716/3033
f 6492/2718/3035 6504/2730/3047 6503/2729/3046 6491/2717/3034
f 6493/2719/3036 6505/2731/3048 6504/2730/3047 6492/2718/3035
f 6494/2720/3037 6506/2732/3049 6505/2731/3048 6493/2719/3036
f 6495/2721/3038 6507/2733/3050 6506/2732/3049 6494/2720/3037
f 6496/2722/3039 6508/2734/3051 6507/2733/3050 6495/2721/3038
f 6497/2723/3040 6509/2735/3052 6508/2734/3051 6496/2722/3039
f 6498/2724/3041 6510/2736/3053 6509/2735/3052 6497/2723/3040
f 6500/2725/3042 6512/2737/3054 6511/2738/3055 6499/2726/3043
f 6501/2727/3044 6513/2739/3056 6512/2737/3054 6500/2725/3042
f 6502/2728/3045 6514/2740/3057 6513/2739/3056 6501/2727/3044
f 6503/2729/3046 6515/2741/3058 6514/2740/3057 6502/2728/3045
f 6504/2730/3047 6516/2742/3059 6515/2741/3058 6503/2729/3046
f 6505/2731/3048 6517/2743/3060 6516/2742/3059 6504/2730/3047
f 6506/2732/3049 6518/2744/3061 6517/2743/3060 6505/2731/3048
f 6507/2733/3050 6519/2745/3062 6518/2744/3061 6506/2732/3049
f 6508/2734/3051 6520/2746/3063 6519/2745/3062 6507/2733/3050
f 6509/2735/3052 6521/2747/3064 6520/2746/3063 6508/2734/3051
f 6510/2736/3053 6522/2748/3065 6521/2747/3064 6509/2735/3052
f 6512/2737/3054 6524/2749/3066 6523/2750/3067 6511/2738/3055
f 6513/2739/3056 6525/2751/3068 6524/2749/3066 6512/2737/3054
f 6514/2740/3057 6526/2752/3069 6525/2751/3068 6513/2739/3056
f 6515/2741/3058 6527/2753/3070 6526/2752/3069 6514/2740/3057
f 6516/2742/3059 6528/2754/3071 6527/2753/3070 6515/2741/3058
f 6517/2743/3060 6529/2755/3072 6528/2754/3071 6516/2742/3059
f 6518/2744/3061 6530/2756/3073 6529/2755/3072 6517/2743/3060
f 6519/2745/3062 6531/2757/3074 6530/2756/3073 6518/2744/3061
f 6520/2746/3063 6532/2758/3075 6531/2757/3074 6519/2745/3062
f 6521/2747/3064 6533/2759/3076 6532/2758/3075 6520/2746/3063
f 6522/2748/3065 6534/2760/3077 6533/2759/3076 6521/2747/3064
f 6524/2749/3066 6536/2761/3078 6535/2762/3079 6523/2750/3067
f 6525/2751/3068 6537/2763/3080 6536/2761/3078 6524/2749/3066
f 6526/2752/3069 6538/2764/3081 6537/2763/3080 6525/2751/3068
f 6527/2753/3070 6539/2765/3082 6538/2764/3081 6526/2752/3069
f 6528/2754/3071 6540/2766/3083 6539/2765/3082 6527/2753/3070
f 6529/2755/3072 6541/2767/3084 6540/2766/3083 6528/2754/3071
f 6530/2756/3073 6542/2768/3085 6541/2767/3084 6529/2755/3072
f 6531/2757/3074 6543/2769/3086 6542/2768/3085 6530/2756/3073
f 6532/2758/3075 6544/2770/3087 6543/2769/3086 6531/2757/3074
f 6533/2759/3076 6545/2771/3088 6544/2770/3087 6532/2758/3075
f 6534/2760/3077 6546/2772/3089 6545/2771/3088 6533/2759/3076
f 6536/2761/3078 6548/2773/3090 6547/2774/3091 6535/2762/3079
f 6537/2763/3080 6549/2775/3092 6548/2773/3090 6536/2761/3078
f 6538/2764/3081 6550/2776/3093 6549/2775/3092 6537/2763/3080
f 6539/2765/3082 6551/2777/3094 6550/2776/3093 6538/2764/3081
f 6540/2766/3083 6552/2778/3095 6551/2777/3094 6539/2765/3082
f 6541/2767/3084 6553/2779/3096 6552/2778/3095 6540/2766/3083
f 6542/2768/3085 6554/2780/3097 6553/2779/3096 6541/2767/3084
f 6543/2769/3086 6555/2781/3098 6554/2780/3097 6542/2768/3085
f 6544/2770/3087 6556/2782/3099 6555/2781/3098 6543/2769/3086
f 6545/2771/3088 6557/2783/3100 6556/2782/3099 6544/2770/3087
f 6546/2772/3089 6558/2784/3101 6557/2783/3100 6545/2771/3088
f 6548/2773/3090 6560/2785/3102 6559/2786/3103 6547/2774/3091
f 6549/2775/3092 6561/2787/3104 6560/2785/3102 6548/2773/3090
f 6550/2776/3093 6562/2788/3105 6561/2787/3104 6549/2775/3092
f 6551/2777/3094 6563/2789/3106 6562/2788/3105 6550/2776/3093
f 6552/2778/3095 6564/2790/3107 6563/2789/3106 6551/2777/3094
f 6553/2779/3096 6565/2791/3108 6564/2790/3107 6552/2778/3095
f 6554/2780/3097 6566/2792/3109 6565/2791/3108 6553/2779/3096
f 6555/2781/3098 6567/2793/3110 6566/2792/3109 6554/2780/3097
f 6556/2782/3099 6568/2794/3111 6567/2793/3110 6555/2781/3098
f 6557/2783/3100 6569/2795/3112 6568/2794/3111 6556/2782/3099
f 6558/2784/3101 6570/2796/3113 6569/2795/3112 6557/2783/3100
f 6560/2785/3102 6572/2797/3114 6571/2798/3115 6559/2786/3103
f 6561/2787/3104 6573/2799/3116 6572/2797/3114 6560/2785/3102
f 6562/2788/3105 6574/2800/3117 6573/2799/3116 6561/2787/3104
f 6563/2789/3106 6575/2801/3118 6574/2800/3117 6562/2788/3105
f 6564/2790/3107 6576/2802/3119 6575/2801/3118 6563/2789/3106
f 6565/2791/3108 6577/2803/3120 6576/2802/3119 6564/2790/3107
f 6566/2792/3109 6578/2804/3121 6577/2803/3120 6565/2791/3108
f 6567/2793/3110 6579/2805/3122 6578/2804/3121 6566/2792/3109
f 6568/2794/3111 6580/2806/3123 6579/2805/3122 6567/2793/3110
f 6569/2795/3112 6581/2807/3124 6580/2806/3123 6568/2794/3111
f 6570/2796/3113 6582/2808/3125 6581/2807/3124 6569/2795/3112
f 6572/2797/3114 6584/2809/3126 6583/2810/3127 6571/2798/3115
f 6573/2799/3116 6585/2811/3128 6584/2809/3126 6572/2797/3114
f 6574/2800/3117 6586/2812/3129 6585/2811/3128 6573/2799/3116
f 6575/2801/3118 6587/2813/3130 6586/2812/3129 6574/2800/3117
f 6576/2802/3119 6588/2814/3131 6587/2813/3130 6575/2801/3118
f 6577/2803/3120 6589/2815/3132 6588/2814/3131 6576/2802/3119
f 6578/2804/3121 6590/2816/3133 6589/2815/3132 6577/2803/3120
f 6579/2805/3122 6591/2817/3134 6590/2816/3133 6578/2804/3121
f 6580/2806/3123 6592/2818/3135 6591/2817/3134 6579/2805/3122
f 6581/2807/3124 6593/2819/3136 6592/2818/3135 6580/2806/3123
f 6582/2808/3125 6594/2820/3137 6593/2819/3136 6581/2807/3124
f 6584/2809/3126 6596/2821/3138 6595/2822/3139 6583/2810/3127
f 6585/2811/3128 6597/2823/3140 6596/2821/3138 6584/2809/3126
f 6586/2812/3129 6598/2824/3141 6597/2823/3140 6585/2811/3128
f 6587/2813/3130 6599/2825/3142 6598/2824/3141 6586/2812/3129
f 6588/2814/3131 6600/2826/3143 6599/2825/3142 6587/2813/3130
f 6589/2815/3132 6601/2827/3144 6600/2826/3143 6588/2814/3131
f 6590/2816/3133 6602/2828/3145 6601/2827/3144 6589/2815/3132
f 6591/2817/3134 6603/2829/3146 6602/2828/3145 6590/2816/3133
f 6592/2818/3135 6604/2830/3147 6603/2829/3146 6591/2817/3134
f 6593/2819/3136 6605/2831/3148 6604/2830/3147 6592/2818/3135
f 6594/2820/3137 6606/2832/3149 6605/2831/3148 6593/2819/3136
f 6596/2821/3138 6608/2833/3150 6607/2834/3151 6595/2822/3139
f 6597/2823/3140 6609/2835/3152 6608/2833/3150 6596/2821/3138
f 6598/2824/3141 6610/2836/3153 6609/2835/3152 6597/2823/3140
f 6599/2825/3142 6611/2837/3154 6610/2836/3153 6598/2824/3141
f 6600/2826/3143 6612/2838/3155 6611/2837/3154 6599/2825/3142
f 6601/2827/3144 6613/2839/3156 6612/2838/3155 6600/2826/3143
f 6602/2828/3145 6614/2840/3157 6613/2839/3156 6601/2827/3144
f 6603/2829/3146 6615/2841/3158 6614/2840/3157 6602/2828/3145
f 6604/2830/3147 6616/2842/3159 6615/2841/3158 6603/2829/3146
f 6605/2831/3148 6617/2843/3160 6616/2842/3159 6604/2830/3147
f 6606/2832/3149 6618/2844/3161 6617/2843/3160 6605/2831/3148
f 6608/2833/3150 6620/2845/3162 6619/2846/3163 6607/2834/3151
f 6609/2835/3152 6621/2847/3164 6620/2845/3162 6608/2833/3150
f 6610/2836/3153 6622/2848/3165 6621/2847/3164 6609/2835/3152
f 6611/2837/3154 6623/2849/3166 6622/2848/3165 6610/2836/3153
f 6612/2838/3155 6624/2850/3167 6623/2849/3166 6611/2837/3154
f 6613/2839/3156 6625/2851/3168 6624/2850/3167 6612/2838/3155
f 6614/2840/3157 6626/2852/3169 6625/2851/3168 6613/2839/3156
f 6615/2841/3158 6627/2853/3170 6626/2852/3169 6614/2840/3157
f 6616/2842/3159 6628/2854/3171 6627/2853/3170 6615/2841/3158
f 6617/2843/3160 6629/2855/3172 6628/2854/3171 6616/2842/3159
f 6618/2844/3161 6630/2856/3173 6629/2855/3172 6617/2843/3160
f 6620/2845/3162 5756/477/2298 5755/91/2301 6619/2846/3163
f 6621/2847/3164 5757/478/2302 5756/477/2298 6620/2845/3162
f 6622/2848/3165 5758/479/2304 5757/478/2302 6621/2847/3164
f 6623/2849/3166 5759/480/2306 5758/479/2304 6622/2848/3165
f 6624/2850/3167 5760/481/2308 5759/480/2306 6623/2849/3166
f 6625/2851/3168 5761/482/2310 5760/481/2308 6624/2850/3167
f 6626/2852/3169 5762/483/2312 5761/482/2310 6625/2851/3168
f 6627/2853/3170 5763/484/2314 5762/483/2312 6626/2852/3169
f 6628/2854/3171 5764/485/2316 5763/484/2314 6627/2853/3170
f 6629/2855/3172 5765/486/2318 5764/485/2316 6628/2854/3171
f 6630/2856/3173 5766/487/2320 5765/486/2318 6629/2855/3172
f 6632/304/3174 6644/2857/3175 6643/2858/3176 6631/129/3177
f 6633/307/3178 6645/2859/3179 6644/2857/3175 6632/304/3174
f 6634/309/3180 6646/2860/3181 6645/2859/3179 6633/307/3178
f 6635/311/3182 6647/2861/3183 6646/2860/3181 6634/309/3180
f 6636/313/3184 6648/2862/3185 6647/2861/3183 6635/311/3182
f 6637/315/3186 6649/2863/3187 6648/2862/3185 6636/313/3184
f 6638/317/3188 6650/2864/3189 6649/2863/3187 6637/315/3186
f 6639/319/3190 6651/2865/3191 6650/2864/3189 6638/317/3188
f 6640/321/3192 6652/2866/3193 6651/2865/3191 6639/319/3190
f 6641/323/3194 6653/2867/3195 6652/2866/3193 6640/321/3192
f 6642/325/3196 6654/2868/3197 6653/2867/3195 6641/323/3194
f 6644/2857/3175 6656/2869/3198 6655/2870/3199 6643/2858/3176
f 6645/2859/3179 6657/2871/3200 6656/2869/3198 6644/2857/3175
f 6646/2860/3181 6658/2872/3201 6657/2871/3200 6645/2859/3179
f 6647/2861/3183 6659/2873/3202 6658/2872/3201 6646/2860/3181
f 6648/2862/3185 6660/2874/3203 6659/2873/3202 6647/2861/3183
f 6649/2863/3187 6661/2875/3204 6660/2874/3203 6648/2862/3185
f 6650/2864/3189 6662/2876/3205 6661/2875/3204 6649/2863/3187
f 6651/2865/3191 6663/2877/3206 6662/2876/3205 6650/2864/3189
f 6652/2866/3193 6664/2878/3207 6663/2877/3206 6651/2865/3191
f 6653/2867/3195 6665/2879/3208 6664/2878/3207 6652/2866/3193
f 6654/2868/3197 6666/2880/3209 6665/2879/3208 6653/2867/3195
f 6656/2869/3198 6668/2881/3210 6667/2882/3211 6655/2870/3199
f 6657/2871/3200 6669/2883/3212 6668/2881/3210 6656/2869/3198
f 6658/2872/3201 6670/2884/3213 6669/2883/3212 6657/2871/3200
f 6659/2873/3202 6671/2885/3214 6670/2884/3213 6658/2872/3201
f 6660/2874/3203 6672/2886/3215 6671/2885/3214 6659/2873/3202
f 6661/2875/3204 6673/2887/3216 6672/2886/3215 6660/2874/3203
f 6662/2876/3205 6674/2888/3217 6673/2887/3216 6661/2875/3204
f 6663/2877/3206 6675/2889/3218 6674/2888/3217 6662/2876/3205
f 6664/2878/3207 6676/2890/3219 6675/2889/3218 6663/2877/3206
f 6665/2879/3208 6677/2891/3220 6676/2890/3219 6664/2878/3207
f 6666/2880/3209 6678/2892/3221 6677/2891/3220 6665/2879/3208
f 6668/2881/3210 6680/305/3222 6679/306/3223 6667/2882/3211
f 6669/2883/3212 6681/308/3224 6680/305/3222 6668/2881/3210
f 6670/2884/3213 6682/310/3225 6681/308/3224 6669/2883/3212
f 6671/2885/3214 6683/312/3226 6682/310/3225 6670/2884/3213
f 6672/2886/3215 6684/314/3227 6683/312/3226 6671/2885/3214
f 6673/2887/3216 6685/316/3228 6684/314/3227 6672/2886/3215
f 6674/2888/3217 6686/318/3229 6685/316/3228 6673/2887/3216
f 6675/2889/3218 6687/320/3230 6686/318/3229 6674/2888/3217
f 6676/2890/3219 6688/322/3231 6687/320/3230 6675/2889/3218
f 6677/2891/3220 6689/324/3232 6688/322/3231 6676/2890/3219
f 6678/2892/3221 6690/326/3233 6689/324/3232 6677/2891/3220
f 6680/305/3222 6692/1531/3234 6691/97/3235 6679/306/3223
f 6681/308/3224 6693/1532/3236 6692/1531/3234 6680/305/3222
f 6682/310/3225 6694/1533/3237 6693/1532/3236 6681/308/3224
f 6683/312/3226 6695/1534/3238 6694/1533/3237 6682/310/3225
f 6684/314/3227 6696/1535/3239 6695/1534/3238 6683/312/3226
f 6685/316/3228 6697/1536/3240 6696/1535/3239 6684/314/3227
f 6686/318/3229 6698/1537/3241 6697/1536/3240 6685/316/3228
f 6687/320/3230 6699/1538/3242 6698/1537/3241 6686/318/3229
f 6688/322/3231 6700/1539/3243 6699/1538/3242 6687/320/3230
f 6689/324/3232 6701/1540/3244 6700/1539/3243 6688/322/3231
f 6690/326/3233 6702/1541/3245 6701/1540/3244 6689/324/3232
f 6692/1531/3234 6704/2893/3246 6703/231/3247 6691/97/3235
f 6693/1532/3236 6705/2894/3248 6704/2893/3246 6692/1531/3234
f 6694/1533/3237 6706/2895/3249 6705/2894/3248 6693/1532/3236
f 6695/1534/3238 6707/2896/3250 6706/2895/3249 6694/1533/3237
f 6696/1535/3239 6708/2897/3251 6707/2896/3250 6695/1534/3238
f 6697/1536/3240 6709/2898/3252 6708/2897/3251 6696/1535/3239
f 6698/1537/3241 6710/2899/3253 6709/2898/3252 6697/1536/3240
f 6699/1538/3242 6711/2900/3254 6710/2899/3253 6698/1537/3241
f 6700/1539/3243 6712/2901/3255 6711/2900/3254 6699/1538/3242
f 6701/1540/3244 6713/2902/3256 6712/2901/3255 6700/1539/3243
f 6702/1541/3245 6714/2903/3257 6713/2902/3256 6701/1540/3244
f 6704/2893/3246 6716/2904/3258 6715/2905/3259 6703/231/3247
f 6705/2894/3248 6717/2906/3260 6716/2904/3258 6704/2893/3246
f 6706/2895/3249 6718/2907/3261 6717/2906/3260 6705/2894/3248
f 6707/2896/3250 6719/2908/3262 6718/2907/3261 6706/2895/3249
f 6708/2897/3251 6720/2909/3263 6719/2908/3262 6707/2896/3250
f 6709/2898/3252 6721/2910/3264 6720/2909/3263 6708/2897/3251
f 6710/2899/3253 6722/2911/3265 6721/2910/3264 6709/2898/3252
f 6711/2900/3254 6723/2912/3266 6722/2911/3265 6710/2899/3253
f 6712/2901/3255 6724/2913/3267 6723/2912/3266 6711/2900/3254
f 6713/2902/3256 6725/2914/3268 6724/2913/3267 6712/2901/3255
f 6714/2903/3257 6726/2915/3269 6725/2914/3268 6713/2902/3256
f 6716/2904/3258 6728/327/3270 6727/328/3271 6715/2905/3259
f 6717/2906/3260 6729/329/3272 6728/327/3270 6716/2904/3258
f 6718/2907/3261 6730/330/3273 6729/329/3272 6717/2906/3260
f 6719/2908/3262 6731/331/3274 6730/330/3273 6718/2907/3261
f 6720/2909/3263 6732/332/3275 6731/331/3274 6719/2908/3262
f 6721/2910/3264 6733/333/3276 6732/332/3275 6720/2909/3263
f 6722/2911/3265 6734/334/3277 6733/333/3276 6721/2910/3264
f 6723/2912/3266 6735/335/3278 6734/334/3277 6722/2911/3265
f 6724/2913/3267 6736/336/3279 6735/335/3278 6723/2912/3266
f 6725/2914/3268 6737/337/3280 6736/336/3279 6724/2913/3267
f 6726/2915/3269 6738/338/3281 6737/337/3280 6725/2914/3268
f 6728/327/3270 6740/2916/3282 6739/2917/3283 6727/328/3271
f 6729/329/3272 6741/2918/3284 6740/2916/3282 6728/327/3270
f 6730/330/3273 6742/2919/3285 6741/2918/3284 6729/329/3272
f 6731/331/3274 6743/2920/3286 6742/2919/3285 6730/330/3273
f 6732/332/3275 6744/2921/3287 6743/2920/3286 6731/331/3274
f 6733/333/3276 6745/2922/3288 6744/2921/3287 6732/332/3275
f 6734/334/3277 6746/2923/3289 6745/2922/3288 6733/333/3276
f 6735/335/3278 6747/2924/3290 6746/2923/3289 6734/334/3277
f 6736/336/3279 6748/2925/3291 6747/2924/3290 6735/335/3278
f 6737/337/3280 6749/2926/3292 6748/2925/3291 6736/336/3279
f 6738/338/3281 6750/2927/3293 6749/2926/3292 6737/337/3280
f 6740/2916/3282 6752/632/3294 6751/115/3295 6739/2917/3283
f 6741/2918/3284 6753/633/3296 6752/632/3294 6740/2916/3282
f 6742/2919/3285 6754/634/3297 6753/633/3296 6741/2918/3284
f 6743/2920/3286 6755/635/3298 6754/634/3297 6742/2919/3285
f 6744/2921/3287 6756/636/3299 6755/635/3298 6743/2920/3286
f 6745/2922/3288 6757/637/3300 6756/636/3299 6744/2921/3287
f 6746/2923/3289 6758/638/3301 6757/637/3300 6745/2922/3288
f 6747/2924/3290 6759/639/3302 6758/638/3301 6746/2923/3289
f 6748/2925/3291 6760/640/3303 6759/639/3302 6747/2924/3290
f 6749/2926/3292 6761/641/3304 6760/640/3303 6748/2925/3291
f 6750/2927/3293 6762/642/3305 6761/641/3304 6749/2926/3292
f 6752/632/3294 6764/2928/3306 6763/2929/3307 6751/115/3295
f 6753/633/3296 6765/2930/3308 6764/2928/3306 6752/632/3294
f 6754/634/3297 6766/2931/3309 6765/2930/3308 6753/633/3296
f 6755/635/3298 6767/2932/3310 6766/2931/3309 6754/634/3297
f 6756/636/3299 6768/2933/3311 6767/2932/3310 6755/635/3298
f 6757/637/3300 6769/2934/3312 6768/2933/3311 6756/636/3299
f 6758/638/3301 6770/2935/3313 6769/2934/3312 6757/637/3300
f 6759/639/3302 6771/2936/3314 6770/2935/3313 6758/638/3301
f 6760/640/3303 6772/2937/3315 6771/2936/3314 6759/639/3302
f 6761/641/3304 6773/2938/3316 6772/2937/3315 6760/640/3303
f 6762/642/3305 6774/2939/3317 6773/2938/3316 6761/641/3304
f 6764/2928/3306 6776/339/3318 6775/142/3319 6763/2929/3307
f 6765/2930/3308 6777/340/3320 6776/339/3318 6764/2928/3306
f 6766/2931/3309 6778/341/3321 6777/340/3320 6765/2930/3308
f 6767/2932/3310 6779/342/3322 6778/341/3321 6766/2931/3309
f 6768/2933/3311 6780/343/3323 6779/342/3322 6767/2932/3310
f 6769/2934/3312 6781/344/3324 6780/343/3323 6768/2933/3311
f 6770/2935/3313 6782/345/3325 6781/344/3324 6769/2934/3312
f 6771/2936/3314 6783/346/3326 6782/345/3325 6770/2935/3313
f 6772/2937/3315 6784/347/3327 6783/346/3326 6771/2936/3314
f 6773/2938/3316 6785/348/3328 6784/347/3327 6772/2937/3315
f 6774/2939/3317 6786/349/3329 6785/348/3328 6773/2938/3316
f 6776/339/3318 6788/2940/3330 6787/2941/3331 6775/142/3319
f 6777/340/3320 6789/2942/3332 6788/2940/3330 6776/339/3318
f 6778/341/3321 6790/2943/3333 6789/2942/3332 6777/340/3320
f 6779/342/3322 6791/2944/3334 6790/2943/3333 6778/341/3321
f 6780/343/3323 6792/2945/3335 6791/2944/3334 6779/342/3322
f 6781/344/3324 6793/2946/3336 6792/2945/3335 6780/343/3323
f 6782/345/3325 6794/2947/3337 6793/2946/3336 6781/344/3324
f 6783/346/3326 6795/2948/3338 6794/2947/3337 6782/345/3325
f 6784/347/3327 6796/2949/3339 6795/2948/3338 6783/346/3326
f 6785/348/3328 6797/2950/3340 6796/2949/3339 6784/347/3327
f 6786/349/3329 6798/2951/3341 6797/2950/3340 6785/348/3328
f 6788/2940/3330 6800/2952/3342 6799/2953/3343 6787/2941/3331
f 6789/2942/3332 6801/2954/3344 6800/2952/3342 6788/2940/3330
f 6790/2943/3333 6802/2955/3345 6801/2954/3344 6789/2942/3332
f 6791/2944/3334 6803/2956/3346 6802/2955/3345 6790/2943/3333
f 6792/2945/3335 6804/2957/3347 6803/2956/3346 6791/2944/3334
f 6793/2946/3336 6805/2958/3348 6804/2957/3347 6792/2945/3335
f 6794/2947/3337 6806/2959/3349 6805/2958/3348 6793/2946/3336
f 6795/2948/3338 6807/2960/3350 6806/2959/3349 6794/2947/3337
f 6796/2949/3339 6808/2961/3351 6807/2960/3350 6795/2948/3338
f 6797/2950/3340 6809/2962/3352 6808/2961/3351 6796/2949/3339
f 6798/2951/3341 6810/2963/3353 6809/2962/3352 6797/2950/3340
f 6800/2952/3342 6812/1614/3354 6811/58/3355 6799/2953/3343
f 6801/2954/3344 6813/1615/3356 6812/1614/3354 6800/2952/3342
f 6802/2955/3345 6814/1616/3357 6813/1615/3356 6801/2954/3344
f 6803/2956/3346 6815/1617/3358 6814/1616/3357 6802/2955/3345
f 6804/2957/3347 6816/1618/3359 6815/1617/3358 6803/2956/3346
f 6805/2958/3348 6817/1619/3360 6816/1618/3359 6804/2957/3347
f 6806/2959/3349 6818/1620/3361 6817/1619/3360 6805/2958/3348
f 6807/2960/3350 6819/1621/3362 6818/1620/3361 6806/2959/3349
f 6808/2961/3351 6820/1622/3363 6819/1621/3362 6807/2960/3350
f 6809/2962/3352 6821/1623/3364 6820/1622/3363 6808/2961/3351
f 6810/2963/3353 6822/1624/3365 6821/1623/3364 6809/2962/3352
f 6812/1614/3354 6824/350/3366 6823/351/3367 6811/58/3355
f 6813/1615/3356 6825/352/3368 6824/350/3366 6812/1614/3354
f 6814/1616/3357 6826/353/3369 6825/352/3368 6813/1615/3356
f 6815/1617/3358 6827/354/3370 6826/353/3369 6814/1616/3357
f 6816/1618/3359 6828/355/3371 6827/354/3370 6815/1617/3358
f 6817/1619/3360 6829/356/3372 6828/355/3371 6816/1618/3359
f 6818/1620/3361 6830/357/3373 6829/356/3372 6817/1619/3360
f 6819/1621/3362 6831/358/3374 6830/357/3373 6818/1620/3361
f 6820/1622/3363 6832/359/3375 6831/358/3374 6819/1621/3362
f 6821/1623/3364 6833/360/3376 6832/359/3375 6820/1622/3363
f 6822/1624/3365 6834/361/3377 6833/360/3376 6821/1623/3364
f 6824/350/3366 6836/2964/3378 6835/2965/3379 6823/351/3367
f 6825/352/3368 6837/2966/3380 6836/2964/3378 6824/350/3366
f 6826/353/3369 6838/2967/3381 6837/2966/3380 6825/352/3368
f 6827/354/3370 6839/2968/3382 6838/2967/3381 6826/353/3369
f 6828/355/3371 6840/2969/3383 6839/2968/3382 6827/354/3370
f 6829/356/3372 6841/2970/3384 6840/2969/3383 6828/355/3371
f 6830/357/3373 6842/2971/3385 6841/2970/3384 6829/356/3372
f 6831/358/3374 6843/2972/3386 6842/2971/3385 6830/357/3373
f 6832/359/3375 6844/2973/3387 6843/2972/3386 6831/358/3374
f 6833/360/3376 6845/2974/3388 6844/2973/3387 6832/359/3375
f 6834/361/3377 6846/2975/3389 6845/2974/3388 6833/360/3376
f 6836/2964/3378 6848/2976/3390 6847/228/3391 6835/2965/3379
f 6837/2966/3380 6849/2977/3392 6848/2976/3390 6836/2964/3378
f 6838/2967/3381 6850/2978/3393 6849/2977/3392 6837/2966/3380
f 6839/2968/3382 6851/2979/3394 6850/2978/3393 6838/2967/3381
f 6840/2969/3383 6852/2980/3395 6851/2979/3394 6839/2968/3382
f 6841/2970/3384 6853/2981/3396 6852/2980/3395 6840/2969/3383
f 6842/2971/3385 6854/2982/3397 6853/2981/3396 6841/2970/3384
f 6843/2972/3386 6855/2983/3398 6854/2982/3397 6842/2971/3385
f 6844/2973/3387 6856/2984/3399 6855/2983/3398 6843/2972/3386
f 6845/2974/3388 6857/2985/3400 6856/2984/3399 6844/2973/3387
f 6846/2975/3389 6858/2986/3401 6857/2985/3400 6845/2974/3388
f 6848/2976/3390 6860/2987/3402 6859/2988/3403 6847/228/3391
f 6849/2977/3392 6861/2989/3404 6860/2987/3402 6848/2976/3390
f 6850/2978/3393 6862/2990/3405 6861/2989/3404 6849/2977/3392
f 6851/2979/3394 6863/2991/3406 6862/2990/3405 6850/2978/3393
f 6852/2980/3395 6864/2992/3407 6863/2991/3406 6851/2979/3394
f 6853/2981/3396 6865/2993/3408 6864/2992/3407 6852/2980/3395
f 6854/2982/3397 6866/2994/3409 6865/2993/3408 6853/2981/3396
f 6855/2983/3398 6867/2995/3410 6866/2994/3409 6854/2982/3397
f 6856/2984/3399 6868/2996/3411 6867/2995/3410 6855/2983/3398
f 6857/2985/3400 6869/2997/3412 6868/2996/3411 6856/2984/3399
f 6858/2986/3401 6870/2998/3413 6869/2997/3412 6857/2985/3400
f 6860/2987/3402 6872/362/3414 6871/6/3415 6859/2988/3403
f 6861/2989/3404 6873/363/3416 6872/362/3414 6860/2987/3402
f 6862/2990/3405 6874/364/3417 6873/363/3416 6861/2989/3404
f 6863/2991/3406 6875/365/3418 6874/364/3417 6862/2990/3405
f 6864/2992/3407 6876/366/3419 6875/365/3418 6863/2991/3406
f 6865/2993/3408 6877/367/3420 6876/366/3419 6864/2992/3407
f 6866/2994/3409 6878/368/3421 6877/367/3420 6865/2993/3408
f 6867/2995/3410 6879/369/3422 6878/368/3421 6866/2994/3409
f 6868/2996/3411 6880/370/3423 6879/369/3422 6867/2995/3410
f 6869/2997/3412 6881/371/3424 6880/370/3423 6868/2996/3411
f 6870/2998/3413 6882/372/3425 6881/371/3424 6869/2997/3412
f 6872/362/3414 6884/2999/3426 6883/3000/3427 6871/6/3415
f 6873/363/3416 6885/3001/3428 6884/2999/3426 6872/362/3414
f 6874/364/3417 6886/3002/3429 6885/3001/3428 6873/363/3416
f 6875/365/3418 6887/3003/3430 6886/3002/3429 6874/364/3417
f 6876/366/3419 6888/3004/3431 6887/3003/3430 6875/365/3418
f 6877/367/3420 6889/3005/3432 6888/3004/3431 6876/366/3419
f 6878/368/3421 6890/3006/3433 6889/3005/3432 6877/367/3420
f 6879/369/3422 6891/3007/3434 6890/3006/3433 6878/368/3421
f 6880/370/3423 6892/3008/3435 6891/3007/3434 6879/369/3422
f 6881/371/3424 6893/3009/3436 6892/3008/3435 6880/370/3423
f 6882/372/3425 6894/3010/3437 6893/3009/3436 6881/371/3424
f 6884/2999/3426 6896/3011/3438 6895/3012/3439 6883/3000/3427
f 6885/3001/3428 6897/3013/3440 6896/3011/3438 6884/2999/3426
f 6886/3002/3429 6898/3014/3441 6897/3013/3440 6885/3001/3428
f 6887/3003/3430 6899/3015/3442 6898/3014/3441 6886/3002/3429
f 6888/3004/3431 6900/3016/3443 6899/3015/3442 6887/3003/3430
f 6889/3005/3432 6901/3017/3444 6900/3016/3443 6888/3004/3431
f 6890/3006/3433 6902/3018/3445 6901/3017/3444 6889/3005/3432
f 6891/3007/3434 6903/3019/3446 6902/3018/3445 6890/3006/3433
f 6892/3008/3435 6904/3020/3447 6903/3019/3446 6891/3007/3434
f 6893/3009/3436 6905/3021/3448 6904/3020/3447 6892/3008/3435
f 6894/3010/3437 6906/3022/3449 6905/3021/3448 6893/3009/3436
f 6896/3011/3438 6908/3023/3450 6907/3024/3451 6895/3012/3439
f 6897/3013/3440 6909/3025/3452 6908/3023/3450 6896/3011/3438
f 6898/3014/3441 6910/3026/3453 6909/3025/3452 6897/3013/3440
f 6899/3015/3442 6911/3027/3454 6910/3026/3453 6898/3014/3441
f 6900/3016/3443 6912/3028/3455 6911/3027/3454 6899/3015/3442
f 6901/3017/3444 6913/3029/3456 6912/3028/3455 6900/3016/3443
f 6902/3018/3445 6914/3030/3457 6913/3029/3456 6901/3017/3444
f 6903/3019/3446 6915/3031/3458 6914/3030/3457 6902/3018/3445
f 6904/3020/3447 6916/3032/3459 6915/3031/3458 6903/3019/3446
f 6905/3021/3448 6917/3033/3460 6916/3032/3459 6904/3020/3447
f 6906/3022/3449 6918/3034/3461 6917/3033/3460 6905/3021/3448
f 6908/3023/3450 6920/373/3462 6919/194/3463 6907/3024/3451
f 6909/3025/3452 6921/374/3464 6920/373/3462 6908/3023/3450
f 6910/3026/3453 6922/375/3465 6921/374/3464 6909/3025/3452
f 6911/3027/3454 6923/376/3466 6922/375/3465 6910/3026/3453
f 6912/3028/3455 6924/377/3467 6923/376/3466 6911/3027/3454
f 6913/3029/3456 6925/378/3468 6924/377/3467 6912/3028/3455
f 6914/3030/3457 6926/379/3469 6925/378/3468 6913/3029/3456
f 6915/3031/3458 6927/380/3470 6926/379/3469 6914/3030/3457
f 6916/3032/3459 6928/381/3471 6927/380/3470 6915/3031/3458
f 6917/3033/3460 6929/382/3472 6928/381/3471 6916/3032/3459
f 6918/3034/3461 6930/383/3473 6929/382/3472 6917/3033/3460
f 6920/373/3462 6932/1697/3474 6931/22/3475 6919/194/3463
f 6921/374/3464 6933/1698/3476 6932/1697/3474 6920/373/3462
f 6922/375/3465 6934/1699/3477 6933/1698/3476 6921/374/3464
f 6923/376/3466 6935/1700/3478 6934/1699/3477 6922/375/3465
f 6924/377/3467 6936/1701/3479 6935/1700/3478 6923/376/3466
f 6925/378/3468 6937/1702/3480 6936/1701/3479 6924/377/3467
f 6926/379/3469 6938/1703/3481 6937/1702/3480 6925/378/3468
f 6927/380/3470 6939/1704/3482 6938/1703/3481 6926/379/3469
f 6928/381/3471 6940/1705/3483 6939/1704/3482 6927/380/3470
f 6929/382/3472 6941/1706/3484 6940/1705/3483 6928/381/3471
f 6930/383/3473 6942/1707/3485 6941/1706/3484 6929/382/3472
f 6932/1697/3474 6944/3035/3486 6943/3036/3487 6931/22/3475
f 6933/1698/3476 6945/3037/3488 6944/3035/3486 6932/1697/3474
f 6934/1699/3477 6946/3038/3489 6945/3037/3488 6933/1698/3476
f 6935/1700/3478 6947/3039/3490 6946/3038/3489 6934/1699/3477
f 6936/1701/3479 6948/3040/3491 6947/3039/3490 6935/1700/3478
f 6937/1702/3480 6949/3041/3492 6948/3040/3491 6936/1701/3479
f 6938/1703/3481 6950/3042/3493 6949/3041/3492 6937/1702/3480
f 6939/1704/3482 6951/3043/3494 6950/3042/3493 6938/1703/3481
f 6940/1705/3483 6952/3044/3495 6951/3043/3494 6939/1704/3482
f 6941/1706/3484 6953/3045/3496 6952/3044/3495 6940/1705/3483
f 6942/1707/3485 6954/3046/3497 6953/3045/3496 6941/1706/3484
f 6944/3035/3486 6956/3047/3498 6955/3048/3499 6943/3036/3487
f 6945/3037/3488 6957/3049/3500 6956/3047/3498 6944/3035/3486
f 6946/3038/3489 6958/3050/3501 6957/3049/3500 6945/3037/3488
f 6947/3039/3490 6959/3051/3502 6958/3050/3501 6946/3038/3489
f 6948/3040/3491 6960/3052/3503 6959/3051/3502 6947/3039/3490
f 6949/3041/3492 6961/3053/3504 6960/3052/3503 6948/3040/3491
f 6950/3042/3493 6962/3054/3505 6961/3053/3504 6949/3041/3492
f 6951/3043/3494 6963/3055/3506 6962/3054/3505 6950/3042/3493
f 6952/3044/3495 6964/3056/3507 6963/3055/3506 6951/3043/3494
f 6953/3045/3496 6965/3057/3508 6964/3056/3507 6952/3044/3495
f 6954/3046/3497 6966/3058/3509 6965/3057/3508 6953/3045/3496
f 6956/3047/3498 6968/384/3510 6967/385/3511 6955/3048/3499
f 6957/3049/3500 6969/386/3512 6968/384/3510 6956/3047/3498
f 6958/3050/3501 6970/387/3513 6969/386/3512 6957/3049/3500
f 6959/3051/3502 6971/388/3514 6970/387/3513 6958/3050/3501
f 6960/3052/3503 6972/389/3515 6971/388/3514 6959/3051/3502
f 6961/3053/3504 6973/390/3516 6972/389/3515 6960/3052/3503
f 6962/3054/3505 6974/391/3517 6973/390/3516 6961/3053/3504
f 6963/3055/3506 6975/392/3518 6974/391/3517 6962/3054/3505
f 6964/3056/3507 6976/393/3519 6975/392/3518 6963/3055/3506
f 6965/3057/3508 6977/394/3520 6976/393/3519 6964/3056/3507
f 6966/3058/3509 6978/395/3521 6977/394/3520 6965/3057/3508
f 6968/384/3510 6980/3059/3522 6979/3060/3523 6967/385/3511
f 6969/386/3512 6981/3061/3524 6980/3059/3522 6968/384/3510
f 6970/387/3513 6982/3062/3525 6981/3061/3524 6969/386/3512
f 6971/388/3514 6983/3063/3526 6982/3062/3525 6970/387/3513
f 6972/389/3515 6984/3064/3527 6983/3063/3526 6971/388/3514
f 6973/390/3516 6985/3065/3528 6984/3064/3527 6972/389/3515
f 6974/391/3517 6986/3066/3529 6985/3065/3528 6973/390/3516
f 6975/392/3518 6987/3067/3530 6986/3066/3529 6974/391/3517
f 6976/393/3519 6988/3068/3531 6987/3067/3530 6975/392/3518
f 6977/394/3520 6989/3069/3532 6988/3068/3531 6976/393/3519
f 6978/395/3521 6990/3070/3533 6989/3069/3532 6977/394/3520
f 6980/3059/3522 6992/931/3534 6991/122/3535 6979/3060/3523
f 6981/3061/3524 6993/932/3536 6992/931/3534 6980/3059/3522
f 6982/3062/3525 6994/933/3537 6993/932/3536 6981/3061/3524
f 6983/3063/3526 6995/934/3538 6994/933/3537 6982/3062/3525
f 6984/3064/3527 6996/935/3539 6995/934/3538 6983/3063/3526
f 6985/3065/3528 6997/936/3540 6996/935/3539 6984/3064/3527
f 6986/3066/3529 6998/937/3541 6997/936/3540 6985/3065/3528
f 6987/3067/3530 6999/938/3542 6998/937/3541 6986/3066/3529
f 6988/3068/3531 7000/939/3543 6999/938/3542 6987/3067/3530
f 6989/3069/3532 7001/940/3544 7000/939/3543 6988/3068/3531
f 6990/3070/3533 7002/941/3545 7001/940/3544 6989/3069/3532
f 6992/931/3534 7004/3071/3546 7003/3072/3547 6991/122/3535
f 6993/932/3536 7005/3073/3548 7004/3071/3546 6992/931/3534
f 6994/933/3537 7006/3074/3549 7005/3073/3548 6993/932/3536
f 6995/934/3538 7007/3075/3550 7006/3074/3549 6994/933/3537
f 6996/935/3539 7008/3076/3551 7007/3075/3550 6995/934/3538
f 6997/936/3540 7009/3077/3552 7008/3076/3551 6996/935/3539
f 6998/937/3541 7010/3078/3553 7009/3077/3552 6997/936/3540
f 6999/938/3542 7011/3079/3554 7010/3078/3553 6998/937/3541
f 7000/939/3543 7012/3080/3555 7011/3079/3554 6999/938/3542
f 7001/940/3544 7013/3081/3556 7012/3080/3555 7000/939/3543
f 7002/941/3545 7014/3082/3557 7013/3081/3556 7001/940/3544
f 7004/3071/3546 7016/396/3558 7015/397/3559 7003/3072/3547
f 7005/3073/3548 7017/398/3560 7016/396/3558 7004/3071/3546
f 7006/3074/3549 7018/399/3561 7017/398/3560 7005/3073/3548
f 7007/3075/3550 7019/400/3562 7018/399/3561 7006/3074/3549
f 7008/3076/3551 7020/401/3563 7019/400/3562 7007/3075/3550
f 7009/3077/3552 7021/402/3564 7020/401/3563 7008/3076/3551
f 7010/3078/3553 7022/403/3565 7021/402/3564 7009/3077/3552
f 7011/3079/3554 7023/404/3566 7022/403/3565 7010/3078/3553
f 7012/3080/3555 7024/405/3567 7023/404/3566 7011/3079/3554
f 7013/3081/3556 7025/406/3568 7024/405/3567 7012/3080/3555
f 7014/3082/3557 7026/407/3569 7025/406/3568 7013/3081/3556
f 7016/396/3558 7028/3083/3570 7027/3084/3571 7015/397/3559
f 7017/398/3560 7029/3085/3572 7028/3083/3570 7016/396/3558
f 7018/399/3561 7030/3086/3573 7029/3085/3572 7017/398/3560
f 7019/400/3562 7031/3087/3574 7030/3086/3573 7018/399/3561
f 7020/401/3563 7032/3088/3575 7031/3087/3574 7019/400/3562
f 7021/402/3564 7033/3089/3576 7032/3088/3575 7020/401/3563
f 7022/403/3565 7034/3090/3577 7033/3089/3576 7021/402/3564
f 7023/404/3566 7035/3091/3578 7034/3090/3577 7022/403/3565
f 7024/405/3567 7036/3092/3579 7035/3091/3578 7023/404/3566
f 7025/406/3568 7037/3093/3580 7036/3092/3579 7024/405/3567
f 7026/407/3569 7038/3094/3581 7037/3093/3580 7025/406/3568
f 7028/3083/3570 7040/3095/3582 7039/3096/3583 7027/3084/3571
f 7029/3085/3572 7041/3097/3584 7040/3095/3582 7028/3083/3570
f 7030/3086/3573 7042/3098/3585 7041/3097/3584 7029/3085/3572
f 7031/3087/3574 7043/3099/3586 7042/3098/3585 7030/3086/3573
f 7032/3088/3575 7044/3100/3587 7043/3099/3586 7031/3087/3574
f 7033/3089/3576 7045/3101/3588 7044/3100/3587 7032/3088/3575
f 7034/3090/3577 7046/3102/3589 7045/3101/3588 7033/3089/3576
f 7035/3091/3578 7047/3103/3590 7046/3102/3589 7034/3090/3577
f 7036/3092/3579 7048/3104/3591 7047/3103/3590 7035/3091/3578
f 7037/3093/3580 7049/3105/3592 7048/3104/3591 7036/3092/3579
f 7038/3094/3581 7050/3106/3593 7049/3105/3592 7037/3093/3580
f 7040/3095/3582 7052/1780/3594 7051/84/3595 7039/3096/3583
f 7041/3097/3584 7053/1781/3596 7052/1780/3594 7040/3095/3582
f 7042/3098/3585 7054/1782/3597 7053/1781/3596 7041/3097/3584
f 7043/3099/3586 7055/1783/3598 7054/1782/3597 7042/3098/3585
f 7044/3100/3587 7056/1784/3599 7055/1783/3598 7043/3099/3586
f 7045/3101/3588 7057/1785/3600 7056/1784/3599 7044/3100/3587
f 7046/3102/3589 7058/1786/3601 7057/1785/3600 7045/3101/3588
f 7047/3103/3590 7059/1787/3602 7058/1786/3601 7046/3102/3589
f 7048/3104/3591 7060/1788/3603 7059/1787/3602 7047/3103/3590
f 7049/3105/3592 7061/1789/3604 7060/1788/3603 7048/3104/3591
f 7050/3106/3593 7062/1790/3605 7061/1789/3604 7049/3105/3592
f 7052/1780/3594 7064/408/3606 7063/173/3607 7051/84/3595
f 7053/1781/3596 7065/409/3608 7064/408/3606 7052/1780/3594
f 7054/1782/3597 7066/410/3609 7065/409/3608 7053/1781/3596
f 7055/1783/3598 7067/411/3610 7066/410/3609 7054/1782/3597
f 7056/1784/3599 7068/412/3611 7067/411/3610 7055/1783/3598
f 7057/1785/3600 7069/413/3612 7068/412/3611 7056/1784/3599
f 7058/1786/3601 7070/414/3613 7069/413/3612 7057/1785/3600
f 7059/1787/3602 7071/415/3614 7070/414/3613 7058/1786/3601
f 7060/1788/3603 7072/416/3615 7071/415/3614 7059/1787/3602
f 7061/1789/3604 7073/417/3616 7072/416/3615 7060/1788/3603
f 7062/1790/3605 7074/418/3617 7073/417/3616 7061/1789/3604
f 7064/408/3606 7076/3107/3618 7075/3108/3619 7063/173/3607
f 7065/409/3608 7077/3109/3620 7076/3107/3618 7064/408/3606
f 7066/410/3609 7078/3110/3621 7077/3109/3620 7065/409/3608
f 7067/411/3610 7079/3111/3622 7078/3110/3621 7066/410/3609
f 7068/412/3611 7080/3112/3623 7079/3111/3622 7067/411/3610
f 7069/413/3612 7081/3113/3624 7080/3112/3623 7068/412/3611
f 7070/414/3613 7082/3114/3625 7081/3113/3624 7069/413/3612
f 7071/415/3614 7083/3115/3626 7082/3114/3625 7070/414/3613
f 7072/416/3615 7084/3116/3627 7083/3115/3626 7071/415/3614
f 7073/417/3616 7085/3117/3628 7084/3116/3627 7072/416/3615
f 7074/418/3617 7086/3118/3629 7085/3117/3628 7073/417/3616
f 7076/3107/3618 7088/3119/3630 7087/3120/3631 7075/3108/3619
f 7077/3109/3620 7089/3121/3632 7088/3119/3630 7076/3107/3618
f 7078/3110/3621 7090/3122/3633 7089/3121/3632 7077/3109/3620
f 7079/3111/3622 7091/3123/3634 7090/3122/3633 7078/3110/3621
f 7080/3112/3623 7092/3124/3635 7091/3123/3634 7079/3111/3622
f 7081/3113/3624 7093/3125/3636 7092/3124/3635 7080/3112/3623
f 7082/3114/3625 7094/3126/3637 7093/3125/3636 7081/3113/3624
f 7083/3115/3626 7095/3127/3638 7094/3126/3637 7082/3114/3625
f 7084/3116/3627 7096/3128/3639 7095/3127/3638 7083/3115/3626
f 7085/3117/3628 7097/3129/3640 7096/3128/3639 7084/3116/3627
f 7086/3118/3629 7098/3130/3641 7097/3129/3640 7085/3117/3628
f 7088/3119/3630 7100/3131/3642 7099/3132/3643 7087/3120/3631
f 7089/3121/3632 7101/3133/3644 7100/3131/3642 7088/3119/3630
f 7090/3122/3633 7102/3134/3645 7101/3133/3644 7089/3121/3632
f 7091/3123/3634 7103/3135/3646 7102/3134/3645 7090/3122/3633
f 7092/3124/3635 7104/3136/3647 7103/3135/3646 7091/3123/3634
f 7093/3125/3636 7105/3137/3648 7104/3136/3647 7092/3124/3635
f 7094/3126/3637 7106/3138/3649 7105/3137/3648 7093/3125/3636
f 7095/3127/3638 7107/3139/3650 7106/3138/3649 7094/3126/3637
f 7096/3128/3639 7108/3140/3651 7107/3139/3650 7095/3127/3638
f 7097/3129/3640 7109/3141/3652 7108/3140/3651 7096/3128/3639
f 7098/3130/3641 7110/3142/3653 7109/3141/3652 7097/3129/3640
f 7100/3131/3642 7112/419/3654 7111/64/3655 7099/3132/3643
f 7101/3133/3644 7113/420/3656 7112/419/3654 7100/3131/3642
f 7102/3134/3645 7114/421/3657 7113/420/3656 7101/3133/3644
f 7103/3135/3646 7115/422/3658 7114/421/3657 7102/3134/3645
f 7104/3136/3647 7116/423/3659 7115/422/3658 7103/3135/3646
f 7105/3137/3648 7117/424/3660 7116/423/3659 7104/3136/3647
f 7106/3138/3649 7118/425/3661 7117/424/3660 7105/3137/3648
f 7107/3139/3650 7119/426/3662 7118/425/3661 7106/3138/3649
f 7108/3140/3651 7120/427/3663 7119/426/3662 7107/3139/3650
f 7109/3141/3652 7121/428/3664 7120/427/3663 7108/3140/3651
f 7110/3142/3653 7122/429/3665 7121/428/3664 7109/3141/3652
f 7112/419/3654 7124/3143/3666 7123/3144/3667 7111/64/3655
f 7113/420/3656 7125/3145/3668 7124/3143/3666 7112/419/3654
f 7114/421/3657 7126/3146/3669 7125/3145/3668 7113/420/3656
f 7115/422/3658 7127/3147/3670 7126/3146/3669 7114/421/3657
f 7116/423/3659 7128/3148/3671 7127/3147/3670 7115/422/3658
f 7117/424/3660 7129/3149/3672 7128/3148/3671 7116/423/3659
f 7118/425/3661 7130/3150/3673 7129/3149/3672 7117/424/3660
f 7119/426/3662 7131/3151/3674 7130/3150/3673 7118/425/3661
f 7120/427/3663 7132/3152/3675 7131/3151/3674 7119/426/3662
f 7121/428/3664 7133/3153/3676 7132/3152/3675 7120/427/3663
f 7122/429/3665 7134/3154/3677 7133/3153/3676 7121/428/3664
f 7124/3143/3666 7136/3155/3678 7135/229/3679 7123/3144/3667
f 7125/3145/3668 7137/3156/3680 7136/3155/3678 7124/3143/3666
f 7126/3146/3669 7138/3157/3681 7137/3156/3680 7125/3145/3668
f 7127/3147/3670 7139/3158/3682 7138/3157/3681 7126/3146/3669
f 7128/3148/3671 7140/3159/3683 7139/3158/3682 7127/3147/3670
f 7129/3149/3672 7141/3160/3684 7140/3159/3683 7128/3148/3671
f 7130/3150/3673 7142/3161/3685 7141/3160/3684 7129/3149/3672
f 7131/3151/3674 7143/3162/3686 7142/3161/3685 7130/3150/3673
f 7132/3152/3675 7144/3163/3687 7143/3162/3686 7131/3151/3674
f 7133/3153/3676 7145/3164/3688 7144/3163/3687 7132/3152/3675
f 7134/3154/3677 7146/3165/3689 7145/3164/3688 7133/3153/3676
f 7136/3155/3678 7148/3166/3690 7147/3167/3691 7135/229/3679
f 7137/3156/3680 7149/3168/3692 7148/3166/3690 7136/3155/3678
f 7138/3157/3681 7150/3169/3693 7149/3168/3692 7137/3156/3680
f 7139/3158/3682 7151/3170/3694 7150/3169/3693 7138/3157/3681
f 7140/3159/3683 7152/3171/3695 7151/3170/3694 7139/3158/3682
f 7141/3160/3684 7153/3172/3696 7152/3171/3695 7140/3159/3683
f 7142/3161/3685 7154/3173/3697 7153/3172/3696 7141/3160/3684
f 7143/3162/3686 7155/3174/3698 7154/3173/3697 7142/3161/3685
f 7144/3163/3687 7156/3175/3699 7155/3174/3698 7143/3162/3686
f 7145/3164/3688 7157/3176/3700 7156/3175/3699 7144/3163/3687
f 7146/3165/3689 7158/3177/3701 7157/3176/3700 7145/3164/3688
f 7148/3166/3690 7160/430/3702 7159/431/3703 7147/3167/3691
f 7149/3168/3692 7161/432/3704 7160/430/3702 7148/3166/3690
f 7150/3169/3693 7162/433/3705 7161/432/3704 7149/3168/3692
f 7151/3170/3694 7163/434/3706 7162/433/3705 7150/3169/3693
f 7152/3171/3695 7164/435/3707 7163/434/3706 7151/3170/3694
f 7153/3172/3696 7165/436/3708 7164/435/3707 7152/3171/3695
f 7154/3173/3697 7166/437/3709 7165/436/3708 7153/3172/3696
f 7155/3174/3698 7167/438/3710 7166/437/3709 7154/3173/3697
f 7156/3175/3699 7168/439/3711 7167/438/3710 7155/3174/3698
f 7157/3176/3700 7169/440/3712 7168/439/3711 7156/3175/3699
f 7158/3177/3701 7170/441/3713 7169/440/3712 7157/3176/3700
f 7160/430/3702 7172/1863/3714 7171/41/3715 7159/431/3703
f 7161/432/3704 7173/1864/3716 7172/1863/3714 7160/430/3702
f 7162/433/3705 7174/1865/3717 7173/1864/3716 7161/432/3704
f 7163/434/3706 7175/1866/3718 7174/1865/3717 7162/433/3705
f 7164/435/3707 7176/1867/3719 7175/1866/3718 7163/434/3706
f 7165/436/3708 7177/1868/3720 7176/1867/3719 7164/435/3707
f 7166/437/3709 7178/1869/3721 7177/1868/3720 7165/436/3708
f 7167/438/3710 7179/1870/3722 7178/1869/3721 7166/437/3709
f 7168/439/3711 7180/1871/3723 7179/1870/3722 7167/438/3710
f 7169/440/3712 7181/1872/3724 7180/1871/3723 7168/439/3711
f 7170/441/3713 7182/1873/3725 7181/1872/3724 7169/440/3712
f 7172/1863/3714 7184/3178/3726 7183/3179/3727 7171/41/3715
f 7173/1864/3716 7185/3180/3728 7184/3178/3726 7172/1863/3714
f 7174/1865/3717 7186/3181/3729 7185/3180/3728 7173/1864/3716
f 7175/1866/3718 7187/3182/3730 7186/3181/3729 7174/1865/3717
f 7176/1867/3719 7188/3183/3731 7187/3182/3730 7175/1866/3718
f 7177/1868/3720 7189/3184/3732 7188/3183/3731 7176/1867/3719
f 7178/1869/3721 7190/3185/3733 7189/3184/3732 7177/1868/3720
f 7179/1870/3722 7191/3186/3734 7190/3185/3733 7178/1869/3721
f 7180/1871/3723 7192/3187/3735 7191/3186/3734 7179/1870/3722
f 7181/1872/3724 7193/3188/3736 7192/3187/3735 7180/1871/3723
f 7182/1873/3725 7194/3189/3737 7193/3188/3736 7181/1872/3724
f 7184/3178/3726 7196/3190/3738 7195/3191/3739 7183/3179/3727
f 7185/3180/3728 7197/3192/3740 7196/3190/3738 7184/3178/3726
f 7186/3181/3729 7198/3193/3741 7197/3192/3740 7185/3180/3728
f 7187/3182/3730 7199/3194/3742 7198/3193/3741 7186/3181/3729
f 7188/3183/3731 7200/3195/3743 7199/3194/3742 7187/3182/3730
f 7189/3184/3732 7201/3196/3744 7200/3195/3743 7188/3183/3731
f 7190/3185/3733 7202/3197/3745 7201/3196/3744 7189/3184/3732
f 7191/3186/3734 7203/3198/3746 7202/3197/3745 7190/3185/3733
f 7192/3187/3735 7204/3199/3747 7203/3198/3746 7191/3186/3734
f 7193/3188/3736 7205/3200/3748 7204/3199/3747 7192/3187/3735
f 7194/3189/3737 7206/3201/3749 7205/3200/3748 7193/3188/3736
f 7196/3190/3738 7208/442/3750 7207/205/3751 7195/3191/3739
f 7197/3192/3740 7209/443/3752 7208/442/3750 7196/3190/3738
f 7198/3193/3741 7210/444/3753 7209/443/3752 7197/3192/3740
f 7199/3194/3742 7211/445/3754 7210/444/3753 7198/3193/3741
f 7200/3195/3743 7212/446/3755 7211/445/3754 7199/3194/3742
f 7201/3196/3744 7213/447/3756 7212/446/3755 7200/3195/3743
f 7202/3197/3745 7214/448/3757 7213/447/3756 7201/3196/3744
f 7203/3198/3746 7215/449/3758 7214/448/3757 7202/3197/3745
f 7204/3199/3747 7216/450/3759 7215/449/3758 7203/3198/3746
f 7205/3200/3748 7217/451/3760 7216/450/3759 7204/3199/3747
f 7206/3201/3749 7218/452/3761 7217/451/3760 7205/3200/3748
f 7208/442/3750 7220/3202/3762 7219/3203/3763 7207/205/3751
f 7209/443/3752 7221/3204/3764 7220/3202/3762 7208/442/3750
f 7210/444/3753 7222/3205/3765 7221/3204/3764 7209/443/3752
f 7211/445/3754 7223/3206/3766 7222/3205/3765 7210/444/3753
f 7212/446/3755 7224/3207/3767 7223/3206/3766 7211/445/3754
f 7213/447/3756 7225/3208/3768 7224/3207/3767 7212/446/3755
f 7214/448/3757 7226/3209/3769 7225/3208/3768 7213/447/3756
f 7215/449/3758 7227/3210/3770 7226/3209/3769 7214/448/3757
f 7216/450/3759 7228/3211/3771 7227/3210/3770 7215/449/3758
f 7217/451/3760 7229/3212/3772 7228/3211/3771 7216/450/3759
f 7218/452/3761 7230/3213/3773 7229/3212/3772 7217/451/3760
f 7220/3202/3762 7232/1230/3774 7231/20/3775 7219/3203/3763
f 7221/3204/3764 7233/1231/3776 7232/1230/3774 7220/3202/3762
f 7222/3205/3765 7234/1232/3777 7233/1231/3776 7221/3204/3764
f 7223/3206/3766 7235/1233/3778 7234/1232/3777 7222/3205/3765
f 7224/3207/3767 7236/1234/3779 7235/1233/3778 7223/3206/3766
f 7225/3208/3768 7237/1235/3780 7236/1234/3779 7224/3207/3767
f 7226/3209/3769 7238/1236/3781 7237/1235/3780 7225/3208/3768
f 7227/3210/3770 7239/1237/3782 7238/1236/3781 7226/3209/3769
f 7228/3211/3771 7240/1238/3783 7239/1237/3782 7227/3210/3770
f 7229/3212/3772 7241/1239/3784 7240/1238/3783 7228/3211/3771
f 7230/3213/3773 7242/1240/3785 7241/1239/3784 7229/3212/3772
f 7232/1230/3774 7244/3214/3786 7243/3215/3787 7231/20/3775
f 7233/1231/3776 7245/3216/3788 7244/3214/3786 7232/1230/3774
f 7234/1232/3777 7246/3217/3789 7245/3216/3788 7233/1231/3776
f 7235/1233/3778 7247/3218/3790 7246/3217/3789 7234/1232/3777
f 7236/1234/3779 7248/3219/3791 7247/3218/3790 7235/1233/3778
f 7237/1235/3780 7249/3220/3792 7248/3219/3791 7236/1234/3779
f 7238/1236/3781 7250/3221/3793 7249/3220/3792 7237/1235/3780
f 7239/1237/3782 7251/3222/3794 7250/3221/3793 7238/1236/3781
f 7240/1238/3783 7252/3223/3795 7251/3222/3794 7239/1237/3782
f 7241/1239/3784 7253/3224/3796 7252/3223/3795 7240/1238/3783
f 7242/1240/3785 7254/3225/3797 7253/3224/3796 7241/1239/3784
f 7244/3214/3786 7256/453/3798 7255/454/3799 7243/3215/3787
f 7245/3216/3788 7257/455/3800 7256/453/3798 7244/3214/3786
f 7246/3217/3789 7258/456/3801 7257/455/3800 7245/3216/3788
f 7247/3218/3790 7259/457/3802 7258/456/3801 7246/3217/3789
f 7248/3219/3791 7260/458/3803 7259/457/3802 7247/3218/3790
f 7249/3220/3792 7261/459/3804 7260/458/3803 7248/3219/3791
f 7250/3221/3793 7262/460/3805 7261/459/3804 7249/3220/3792
f 7251/3222/3794 7263/461/3806 7262/460/3805 7250/3221/3793
f 7252/3223/3795 7264/462/3807 7263/461/3806 7251/3222/3794
f 7253/3224/3796 7265/463/3808 7264/462/3807 7252/3223/3795
f 7254/3225/3797 7266/464/3809 7265/463/3808 7253/3224/3796
f 7256/453/3798 7268/3226/3810 7267/3227/3811 7255/454/3799
f 7257/455/3800 7269/3228/3812 7268/3226/3810 7256/453/3798
f 7258/456/3801 7270/3229/3813 7269/3228/3812 7257/455/3800
f 7259/457/3802 7271/3230/3814 7270/3229/3813 7258/456/3801
f 7260/458/3803 7272/3231/3815 7271/3230/3814 7259/457/3802
f 7261/459/3804 7273/3232/3816 7272/3231/3815 7260/458/3803
f 7262/460/3805 7274/3233/3817 7273/3232/3816 7261/459/3804
f 7263/461/3806 7275/3234/3818 7274/3233/3817 7262/460/3805
f 7264/462/3807 7276/3235/3819 7275/3234/3818 7263/461/3806
f 7265/463/3808 7277/3236/3820 7276/3235/3819 7264/462/3807
f 7266/464/3809 7278/3237/3821 7277/3236/3820 7265/463/3808
f 7268/3226/3810 7280/3238/3822 7279/230/3823 7267/3227/3811
f 7269/3228/3812 7281/3239/3824 7280/3238/3822 7268/3226/3810
f 7270/3229/3813 7282/3240/3825 7281/3239/3824 7269/3228/3812
f 7271/3230/3814 7283/3241/3826 7282/3240/3825 7270/3229/3813
f 7272/3231/3815 7284/3242/3827 7283/3241/3826 7271/3230/3814
f 7273/3232/3816 7285/3243/3828 7284/3242/3827 7272/3231/3815
f 7274/3233/3817 7286/3244/3829 7285/3243/3828 7273/3232/3816
f 7275/3234/3818 7287/3245/3830 7286/3244/3829 7274/3233/3817
f 7276/3235/3819 7288/3246/3831 7287/3245/3830 7275/3234/3818
f 7277/3236/3820 7289/3247/3832 7288/3246/3831 7276/3235/3819
f 7278/3237/3821 7290/3248/3833 7289/3247/3832 7277/3236/3820
f 7280/3238/3822 7292/1946/3834 7291/50/3835 7279/230/3823
f 7281/3239/3824 7293/1947/3836 7292/1946/3834 7280/3238/3822
f 7282/3240/3825 7294/1948/3837 7293/1947/3836 7281/3239/3824
f 7283/3241/3826 7295/1949/3838 7294/1948/3837 7282/3240/3825
f 7284/3242/3827 7296/1950/3839 7295/1949/3838 7283/3241/3826
f 7285/3243/3828 7297/1951/3840 7296/1950/3839 7284/3242/3827
f 7286/3244/3829 7298/1952/3841 7297/1951/3840 7285/3243/3828
f 7287/3245/3830 7299/1953/3842 7298/1952/3841 7286/3244/3829
f 7288/3246/3831 7300/1954/3843 7299/1953/3842 7287/3245/3830
f 7289/3247/3832 7301/1955/3844 7300/1954/3843 7288/3246/3831
f 7290/3248/3833 7302/1956/3845 7301/1955/3844 7289/3247/3832
f 7292/1946/3834 7304/465/3846 7303/466/3847 7291/50/3835
f 7293/1947/3836 7305/467/3848 7304/465/3846 7292/1946/3834
f 7294/1948/3837 7306/468/3849 7305/467/3848 7293/1947/3836
f 7295/1949/3838 7307/469/3850 7306/468/3849 7294/1948/3837
f 7296/1950/3839 7308/470/3851 7307/469/3850 7295/1949/3838
f 7297/1951/3840 7309/471/3852 7308/470/3851 7296/1950/3839
f 7298/1952/3841 7310/472/3853 7309/471/3852 7297/1951/3840
f 7299/1953/3842 7311/473/3854 7310/472/3853 7298/1952/3841
f 7300/1954/3843 7312/474/3855 7311/473/3854 7299/1953/3842
f 7301/1955/3844 7313/475/3856 7312/474/3855 7300/1954/3843
f 7302/1956/3845 7314/476/3857 7313/475/3856 7301/1955/3844
f 7304/465/3846 7316/3249/3858 7315/3250/3859 7303/466/3847
f 7305/467/3848 7317/3251/3860 7316/3249/3858 7304/465/3846
f 7306/468/3849 7318/3252/3861 7317/3251/3860 7305/467/3848
f 7307/469/3850 7319/3253/3862 7318/3252/3861 7306/468/3849
f 7308/470/3851 7320/3254/3863 7319/3253/3862 7307/469/3850
f 7309/471/3852 7321/3255/3864 7320/3254/3863 7308/470/3851
f 7310/472/3853 7322/3256/3865 7321/3255/3864 7309/471/3852
f 7311/473/3854 7323/3257/3866 7322/3256/3865 7310/472/3853
f 7312/474/3855 7324/3258/3867 7323/3257/3866 7311/473/3854
f 7313/475/3856 7325/3259/3868 7324/3258/3867 7312/474/3855
f 7314/476/3857 7326/3260/3869 7325/3259/3868 7313/475/3856
f 7316/3249/3858 7328/3261/3870 7327/3262/3871 7315/3250/3859
f 7317/3251/3860 7329/3263/3872 7328/3261/3870 7316/3249/3858
f 7318/3252/3861 7330/3264/3873 7329/3263/3872 7317/3251/3860
f 7319/3253/3862 7331/3265/3874 7330/3264/3873 7318/3252/3861
f 7320/3254/3863 7332/3266/3875 7331/3265/3874 7319/3253/3862
f 7321/3255/3864 7333/3267/3876 7332/3266/3875 7320/3254/3863
f 7322/3256/3865 7334/3268/3877 7333/3267/3876 7321/3255/3864
f 7323/3257/3866 7335/3269/3878 7334/3268/3877 7322/3256/3865
f 7324/3258/3867 7336/3270/3879 7335/3269/3878 7323/3257/3866
f 7325/3259/3868 7337/3271/3880 7336/3270/3879 7324/3258/3867
f 7326/3260/3869 7338/3272/3881 7337/3271/3880 7325/3259/3868
f 7328/3261/3870 7340/3273/3882 7339/3274/3883 7327/3262/3871
f 7329/3263/3872 7341/3275/3884 7340/3273/3882 7328/3261/3870
f 7330/3264/3873 7342/3276/3885 7341/3275/3884 7329/3263/3872
f 7331/3265/3874 7343/3277/3886 7342/3276/3885 7330/3264/3873
f 7332/3266/3875 7344/3278/3887 7343/3277/3886 7331/3265/3874
f 7333/3267/3876 7345/3279/3888 7344/3278/3887 7332/3266/3875
f 7334/3268/3877 7346/3280/3889 7345/3279/3888 7333/3267/3876
f 7335/3269/3878 7347/3281/3890 7346/3280/3889 7334/3268/3877
f 7336/3270/3879 7348/3282/3891 7347/3281/3890 7335/3269/3878
f 7337/3271/3880 7349/3283/3892 7348/3282/3891 7336/3270/3879
f 7338/3272/3881 7350/3284/3893 7349/3283/3892 7337/3271/3880
f 7340/3273/3882 6632/477/3174 6631/91/3177 7339/3274/3883
f 7341/3275/3884 6633/478/3178 6632/477/3174 7340/3273/3882
f 7342/3276/3885 6634/479/3180 6633/478/3178 7341/3275/3884
f 7343/3277/3886 6635/480/3182 6634/479/3180 7342/3276/3885
f 7344/3278/3887 6636/481/3184 6635/480/3182 7343/3277/3886
f 7345/3279/3888 6637/482/3186 6636/481/3184 7344/3278/3887
f 7346/3280/3889 6638/483/3188 6637/482/3186 7345/3279/3888
f 7347/3281/3890 6639/484/3190 6638/483/3188 7346/3280/3889
f 7348/3282/3891 6640/485/3192 6639/484/3190 7347/3281/3890
f 7349/3283/3892 6641/486/3194 6640/485/3192 7348/3282/3891
f 7350/3284/3893 6642/487/3196 6641/486/3194 7349/3283/3892
